  0
SECTION
  2
HEADER
  9
$ACADVER
  1
AC1032
  9
$ACADMAINTVER
 90
      327
  9
$DWGCODEPAGE
  3
ANSI_1252
  9
$LASTSAVEDBY
  1
praka
  9
$REQUIREDVERSIONS
160
                 0
  9
$INSBASE
 10
0.0
 20
0.0
 30
0.0
  9
$EXTMIN
 10
-66596.30199853634
 20
-12551.84572324157
 30
-0.0000000116415251
  9
$EXTMAX
 10
90020.24910422711
 20
35181.30264588876
 30
0.0
  9
$LIMMIN
 10
0.0
 20
0.0
  9
$LIMMAX
 10
12.0
 20
9.0
  9
$ORTHOMODE
 70
     1
  9
$REGENMODE
 70
     1
  9
$FILLMODE
 70
     1
  9
$QTEXTMODE
 70
     0
  9
$MIRRTEXT
 70
     0
  9
$LTSCALE
 40
1.0
  9
$ATTMODE
 70
     1
  9
$TEXTSIZE
 40
0.2
  9
$TRACEWID
 40
0.05
  9
$TEXTSTYLE
  7
Standard
  9
$CLAYER
  8
CH-S-RAFT-SUNK
  9
$CELTYPE
  6
ByLayer
  9
$CECOLOR
 62
   256
  9
$CELTSCALE
 40
1.0
  9
$DISPSILH
 70
     0
  9
$DIMSCALE
 40
304.8
  9
$DIMASZ
 40
0.4921259842519686
  9
$DIMEXO
 40
0.2460629921259842
  9
$DIMDLI
 40
0.38
  9
$DIMRND
 40
0.0
  9
$DIMDLE
 40
0.3937007874015747
  9
$DIMEXE
 40
0.3937007874015747
  9
$DIMTP
 40
0.0
  9
$DIMTM
 40
0.0
  9
$DIMTXT
 40
176.9189693295829
  9
$DIMCEN
 40
0.09
  9
$DIMTSZ
 40
0.0
  9
$DIMTOL
 70
     0
  9
$DIMLIM
 70
     0
  9
$DIMTIH
 70
     0
  9
$DIMTOH
 70
     0
  9
$DIMSE1
 70
     0
  9
$DIMSE2
 70
     0
  9
$DIMTAD
 70
     1
  9
$DIMZIN
 70
     0
  9
$DIMBLK
  1

  9
$DIMASO
 70
     1
  9
$DIMSHO
 70
     1
  9
$DIMPOST
  1
<>
  9
$DIMAPOST
  1

  9
$DIMALT
 70
     0
  9
$DIMALTD
 70
     2
  9
$DIMALTF
 40
25.4
  9
$DIMLFAC
 40
1.0
  9
$DIMTOFL
 70
     1
  9
$DIMTVP
 40
1.0
  9
$DIMTIX
 70
     1
  9
$DIMSOXD
 70
     0
  9
$DIMSAH
 70
     1
  9
$DIMBLK1
  1
Oblique
  9
$DIMBLK2
  1
Oblique
  9
$DIMSTYLE
  2
Diagonal_-_2_5mm_JetBrains_Mono
  9
$DIMCLRD
 70
     0
  9
$DIMCLRE
 70
     0
  9
$DIMCLRT
 70
     0
  9
$DIMTFAC
 40
1.0
  9
$DIMGAP
 40
0.2870734908136483
  9
$DIMJUST
 70
     0
  9
$DIMSD1
 70
     0
  9
$DIMSD2
 70
     0
  9
$DIMTOLJ
 70
     1
  9
$DIMTZIN
 70
     0
  9
$DIMALTZ
 70
     0
  9
$DIMALTTZ
 70
     0
  9
$DIMUPT
 70
     0
  9
$DIMDEC
 70
     0
  9
$DIMTDEC
 70
     4
  9
$DIMALTU
 70
     2
  9
$DIMALTTD
 70
     2
  9
$DIMTXSTY
  7
JetBrains Mono
  9
$DIMAUNIT
 70
     0
  9
$DIMADEC
 70
     2
  9
$DIMALTRND
 40
0.0
  9
$DIMAZIN
 70
     0
  9
$DIMDSEP
 70
    46
  9
$DIMATFIT
 70
     3
  9
$DIMFRAC
 70
     0
  9
$DIMLDRBLK
  1

  9
$DIMLUNIT
 70
     2
  9
$DIMLWD
 70
    -2
  9
$DIMLWE
 70
    -2
  9
$DIMTMOVE
 70
     0
  9
$DIMFXL
 40
1.0
  9
$DIMFXLON
 70
     0
  9
$DIMJOGANG
 40
0.7853981633974483
  9
$DIMTFILL
 70
     1
  9
$DIMTFILLCLR
 70
     0
  9
$DIMARCSYM
 70
     2
  9
$DIMLTYPE
  6

  9
$DIMLTEX1
  6

  9
$DIMLTEX2
  6

  9
$DIMTXTDIRECTION
 70
     0
  9
$LUNITS
 70
     2
  9
$LUPREC
 70
     4
  9
$SKETCHINC
 40
0.1
  9
$FILLETRAD
 40
0.0
  9
$AUNITS
 70
     0
  9
$AUPREC
 70
     0
  9
$MENU
  1
.
  9
$ELEVATION
 40
0.0
  9
$PELEVATION
 40
0.0
  9
$THICKNESS
 40
0.0
  9
$LIMCHECK
 70
     0
  9
$CHAMFERA
 40
0.0
  9
$CHAMFERB
 40
0.0
  9
$CHAMFERC
 40
0.0
  9
$CHAMFERD
 40
0.0
  9
$SKPOLY
 70
     0
  9
$TDCREATE
 40
2461207.706655093
  9
$TDUCREATE
 40
2461207.477488426
  9
$TDUPDATE
 40
2461301.479270833
  9
$TDUUPDATE
 40
2461301.250104167
  9
$TDINDWG
 40
0.2703587963
  9
$TDUSRTIMER
 40
0.2703472222
  9
$USRTIMER
 70
     1
  9
$ANGBASE
 50
0.0
  9
$ANGDIR
 70
     0
  9
$PDMODE
 70
    35
  9
$PDSIZE
 40
0.0
  9
$PLINEWID
 40
0.0
  9
$SPLFRAME
 70
     0
  9
$SPLINETYPE
 70
     6
  9
$SPLINESEGS
 70
     8
  9
$HANDSEED
  5
E369
  9
$SURFTAB1
 70
     6
  9
$SURFTAB2
 70
     6
  9
$SURFTYPE
 70
     6
  9
$SURFU
 70
     6
  9
$SURFV
 70
     6
  9
$UCSBASE
  2

  9
$UCSNAME
  2

  9
$UCSORG
 10
0.0
 20
0.0
 30
0.0
  9
$UCSXDIR
 10
1.0
 20
0.0
 30
0.0
  9
$UCSYDIR
 10
0.0
 20
1.0
 30
0.0
  9
$UCSORTHOREF
  2

  9
$UCSORTHOVIEW
 70
     0
  9
$UCSORGTOP
 10
0.0
 20
0.0
 30
0.0
  9
$UCSORGBOTTOM
 10
0.0
 20
0.0
 30
0.0
  9
$UCSORGLEFT
 10
0.0
 20
0.0
 30
0.0
  9
$UCSORGRIGHT
 10
0.0
 20
0.0
 30
0.0
  9
$UCSORGFRONT
 10
0.0
 20
0.0
 30
0.0
  9
$UCSORGBACK
 10
0.0
 20
0.0
 30
0.0
  9
$PUCSBASE
  2

  9
$PUCSNAME
  2

  9
$PUCSORG
 10
0.0
 20
0.0
 30
0.0
  9
$PUCSXDIR
 10
1.0
 20
0.0
 30
0.0
  9
$PUCSYDIR
 10
0.0
 20
1.0
 30
0.0
  9
$PUCSORTHOREF
  2

  9
$PUCSORTHOVIEW
 70
     0
  9
$PUCSORGTOP
 10
0.0
 20
0.0
 30
0.0
  9
$PUCSORGBOTTOM
 10
0.0
 20
0.0
 30
0.0
  9
$PUCSORGLEFT
 10
0.0
 20
0.0
 30
0.0
  9
$PUCSORGRIGHT
 10
0.0
 20
0.0
 30
0.0
  9
$PUCSORGFRONT
 10
0.0
 20
0.0
 30
0.0
  9
$PUCSORGBACK
 10
0.0
 20
0.0
 30
0.0
  9
$USERI1
 70
     0
  9
$USERI2
 70
     0
  9
$USERI3
 70
     0
  9
$USERI4
 70
     0
  9
$USERI5
 70
     0
  9
$USERR1
 40
0.0
  9
$USERR2
 40
0.0
  9
$USERR3
 40
0.0
  9
$USERR4
 40
0.0
  9
$USERR5
 40
0.0
  9
$WORLDVIEW
 70
     1
  9
$SHADEDGE
 70
     3
  9
$SHADEDIF
 70
    70
  9
$TILEMODE
 70
     1
  9
$MAXACTVP
 70
    64
  9
$PINSBASE
 10
0.0
 20
0.0
 30
0.0
  9
$PLIMCHECK
 70
     0
  9
$PEXTMIN
 10
1.000000000000000E+20
 20
1.000000000000000E+20
 30
1.000000000000000E+20
  9
$PEXTMAX
 10
-1.000000000000000E+20
 20
-1.000000000000000E+20
 30
-1.000000000000000E+20
  9
$PLIMMIN
 10
0.0
 20
0.0
  9
$PLIMMAX
 10
12.0
 20
9.0
  9
$UNITMODE
 70
     0
  9
$VISRETAIN
 70
     1
  9
$PLINEGEN
 70
     0
  9
$PSLTSCALE
 70
     1
  9
$TREEDEPTH
 70
  3020
  9
$CMLSTYLE
  2
Standard
  9
$CMLJUST
 70
     0
  9
$CMLSCALE
 40
1.0
  9
$PROXYGRAPHICS
 70
     1
  9
$MEASUREMENT
 70
     1
  9
$CELWEIGHT
370
    -1
  9
$ENDCAPS
280
     0
  9
$JOINSTYLE
280
     0
  9
$LWDISPLAY
290
     0
  9
$INSUNITS
 70
     4
  9
$HYPERLINKBASE
  1

  9
$STYLESHEET
  1

  9
$XEDIT
290
     1
  9
$CEPSNTYPE
380
     0
  9
$PSTYLEMODE
290
     1
  9
$FINGERPRINTGUID
  2
{847975D0-5294-8C40-BE7C-CD2B446B5EDC}
  9
$VERSIONGUID
  2
{19328AE4-D1ED-A64C-8647-D8546B01FAED}
  9
$EXTNAMES
290
     1
  9
$PSVPSCALE
 40
0.0
  9
$OLESTARTUP
290
     0
  9
$SORTENTS
280
   127
  9
$INDEXCTL
280
     0
  9
$HIDETEXT
280
     1
  9
$XCLIPFRAME
280
     2
  9
$HALOGAP
280
     0
  9
$OBSCOLOR
 70
   257
  9
$OBSLTYPE
280
     0
  9
$INTERSECTIONDISPLAY
280
     0
  9
$INTERSECTIONCOLOR
 70
   257
  9
$DIMASSOC
280
     2
  9
$PROJECTNAME
  1

  9
$CAMERADISPLAY
290
     0
  9
$LENSLENGTH
 40
50.0
  9
$CAMERAHEIGHT
 40
0.0
  9
$STEPSPERSEC
 40
2.0
  9
$STEPSIZE
 40
6.0
  9
$3DDWFPREC
 40
2.0
  9
$PSOLWIDTH
 40
0.25
  9
$PSOLHEIGHT
 40
4.0
  9
$LOFTANG1
 40
1.570796326794896
  9
$LOFTANG2
 40
1.570796326794896
  9
$LOFTMAG1
 40
0.0
  9
$LOFTMAG2
 40
0.0
  9
$LOFTPARAM
 70
     7
  9
$LOFTNORMALS
280
     1
  9
$LATITUDE
 40
37.795
  9
$LONGITUDE
 40
-122.394
  9
$NORTHDIRECTION
 40
0.0
  9
$TIMEZONE
 70
 -8000
  9
$LIGHTGLYPHDISPLAY
280
     1
  9
$TILEMODELIGHTSYNCH
280
     1
  9
$CMATERIAL
347
11
  9
$SOLIDHIST
280
     0
  9
$SHOWHIST
280
     1
  9
$DWFFRAME
280
     2
  9
$DGNFRAME
280
     0
  9
$REALWORLDSCALE
290
     1
  9
$INTERFERECOLOR
 62
     1
  9
$INTERFEREOBJVS
345
33
  9
$INTERFEREVPVS
346
30
  9
$CSHADOW
280
     0
  9
$SHADOWPLANELOCATION
 40
0.0
  0
ENDSEC
  0
SECTION
  2
CLASSES
  0
CLASS
  1
ACDBDICTIONARYWDFLT
  2
AcDbDictionaryWithDefault
  3
ObjectDBX Classes
 90
        0
 91
        1
280
     0
281
     0
  0
CLASS
  1
MATERIAL
  2
AcDbMaterial
  3
ObjectDBX Classes
 90
     1153
 91
        3
280
     0
281
     0
  0
CLASS
  1
VISUALSTYLE
  2
AcDbVisualStyle
  3
ObjectDBX Classes
 90
     4095
 91
       24
280
     0
281
     0
  0
CLASS
  1
SCALE
  2
AcDbScale
  3
ObjectDBX Classes
 90
     1153
 91
       17
280
     0
281
     0
  0
CLASS
  1
TABLESTYLE
  2
AcDbTableStyle
  3
ObjectDBX Classes
 90
     4095
 91
        1
280
     0
281
     0
  0
CLASS
  1
MLEADERSTYLE
  2
AcDbMLeaderStyle
  3
ACDB_MLEADERSTYLE_CLASS
 90
     4095
 91
        1
280
     0
281
     0
  0
CLASS
  1
ACDBSECTIONVIEWSTYLE
  2
AcDbSectionViewStyle
  3
ObjectDBX Classes
 90
     1025
 91
        2
280
     0
281
     0
  0
CLASS
  1
ACDBDETAILVIEWSTYLE
  2
AcDbDetailViewStyle
  3
ObjectDBX Classes
 90
     1025
 91
        2
280
     0
281
     0
  0
CLASS
  1
RASTERVARIABLES
  2
AcDbRasterVariables
  3
ISM
 90
        0
 91
        1
280
     0
281
     0
  0
CLASS
  1
DICTIONARYVAR
  2
AcDbDictionaryVar
  3
ObjectDBX Classes
 90
        0
 91
        9
280
     0
281
     0
  0
CLASS
  1
SORTENTSTABLE
  2
AcDbSortentsTable
  3
ObjectDBX Classes
 90
        0
 91
        1
280
     0
281
     0
  0
CLASS
  1
CELLSTYLEMAP
  2
AcDbCellStyleMap
  3
ObjectDBX Classes
 90
     1152
 91
        8
280
     0
281
     0
  0
CLASS
  1
ACDB_MTEXTOBJECTCONTEXTDATA_CLASS
  2
AcDbMTextObjectContextData
  3
ObjectDBX Classes
 90
     1153
 91
        0
280
     0
281
     0
  0
CLASS
  1
DIMASSOC
  2
AcDbDimAssoc
  3
"AcDbDimAssoc|Product Desc:     AcDim ARX App For Dimension|Company:          Autodesk, Inc.|WEB Address:      www.autodesk.com"
 90
        0
 91
        7
280
     0
281
     0
  0
CLASS
  1
NPOCOLLECTION
  2
AcDbImpNonPersistentObjectsCollection
  3
ObjectDBX Classes
 90
     1153
 91
        0
280
     0
281
     0
  0
CLASS
  1
ACDBASSOCPERSSUBENTMANAGER
  2
AcDbAssocPersSubentManager
  3
ObjectDBX Classes
 90
     1024
 91
        1
280
     0
281
     0
  0
CLASS
  1
SOLID_BACKGROUND
  2
AcDbSolidBackground
  3
SCENEOE
 90
     4095
 91
        0
280
     0
281
     0
  0
CLASS
  1
SUN
  2
AcDbSun
  3
SCENEOE
 90
     1153
 91
        0
280
     0
281
     0
  0
CLASS
  1
MENTALRAYRENDERSETTINGS
  2
AcDbMentalRayRenderSettings
  3
SCENEOE
 90
     1024
 91
        0
280
     0
281
     0
  0
ENDSEC
  0
SECTION
  2
TABLES
  0
TABLE
  2
VPORT
  5
8
330
0
100
AcDbSymbolTable
 70
     1
  0
VPORT
  5
57
330
8
100
AcDbSymbolTableRecord
100
AcDbViewportTableRecord
  2
*Active
 70
     0
 10
0.0
 20
0.0
 11
1.0
 21
1.0
 12
-28529.72442599517
 22
183.4666577455973
 13
0.0
 23
0.0
 14
1.0
 24
1.0
 15
0.0
 25
0.0
 16
-0.0000000000509317
 26
0.0
 36
242967.2415482672
 17
40241.69797884056
 27
11131.261803578
 37
0.0
 40
80897.07914163467
 41
1.943349753694581
 42
50.0
 43
0.0
 44
0.0
 50
0.0
 51
0.0
 71
     0
 72
  1000
 73
     1
 74
     1
 75
     0
 76
     0
 77
     0
 78
     0
281
     0
 65
     1
110
0.0
120
0.0
130
0.0
111
1.0
121
0.0
131
0.0
112
0.0
122
1.0
132
0.0
 79
     0
146
0.0
348
2F
 60
     3
 61
     5
292
     1
282
     1
141
0.0
142
0.0
 63
   250
421
  3355443
1001
ACAD_NAV_VCDISPLAY
1070
     3
  0
ENDTAB
  0
TABLE
  2
LTYPE
  5
5
330
0
100
AcDbSymbolTable
 70
     6
  0
LTYPE
  5
5B
330
5
100
AcDbSymbolTableRecord
100
AcDbLinetypeTableRecord
  2
ByBlock
 70
     0
  3

 72
    65
 73
     0
 40
0.0
  0
LTYPE
  5
5C
330
5
100
AcDbSymbolTableRecord
100
AcDbLinetypeTableRecord
  2
ByLayer
 70
     0
  3

 72
    65
 73
     0
 40
0.0
  0
LTYPE
  5
5D
330
5
100
AcDbSymbolTableRecord
100
AcDbLinetypeTableRecord
  2
Continuous
 70
     0
  3
Solid line
 72
    65
 73
     0
 40
0.0
  0
LTYPE
  5
93
330
5
100
AcDbSymbolTableRecord
100
AcDbLinetypeTableRecord
  2
Overhead
 70
     0
  3

 72
    65
 73
     2
 40
3.96875
 49
2.38125
 74
     0
 49
-1.587499999999999
 74
     0
  0
LTYPE
  5
A0
330
5
100
AcDbSymbolTableRecord
100
AcDbLinetypeTableRecord
  2
Dash
 70
     0
  3

 72
    65
 73
     2
 40
6.349999999999997
 49
3.174999999999998
 74
     0
 49
-3.174999999999998
 74
     0
  0
LTYPE
  5
7DC
330
5
100
AcDbSymbolTableRecord
100
AcDbLinetypeTableRecord
  2
Grid Line
 70
     0
  3

 72
    65
 73
     4
 40
22.225
 49
12.7
 74
     0
 49
-3.174999999999998
 74
     0
 49
3.174999999999998
 74
     0
 49
-3.174999999999998
 74
     0
  0
LTYPE
  5
CEB1
330
5
100
AcDbSymbolTableRecord
100
AcDbLinetypeTableRecord
  2
HIDDEN
 70
     0
  3
Hidden __ __ __ __ __ __ __ __ __ __ __ __ __ _
 72
    65
 73
     2
 40
9.525
 49
6.349999999999997
 74
     0
 49
-3.174999999999998
 74
     0
  0
ENDTAB
  0
TABLE
  2
LAYER
  5
2
102
{ACAD_XDICTIONARY
360
ADA
102
}
330
0
100
AcDbSymbolTable
 70
    32
  0
LAYER
  5
54
330
2
100
AcDbSymbolTableRecord
100
AcDbLayerTableRecord
  2
0
 70
     0
 62
     7
  6
Continuous
370
    -3
390
F
347
21
348
0
  0
LAYER
  5
81
330
2
100
AcDbSymbolTableRecord
100
AcDbLayerTableRecord
  2
CH-S-COLUMN
 70
     0
 62
    12
  6
Continuous
370
    18
390
F
347
21
348
0
  0
LAYER
  5
82
330
2
100
AcDbSymbolTableRecord
100
AcDbLayerTableRecord
  2
CH-S-BEAM
 70
     0
 62
     3
  6
Continuous
370
    18
390
F
347
21
348
0
  0
LAYER
  5
83
330
2
100
AcDbSymbolTableRecord
100
AcDbLayerTableRecord
  2
CH-STAIRS
 70
     0
 62
    31
  6
Continuous
370
    18
390
F
347
21
348
0
  0
LAYER
  5
84
330
2
100
AcDbSymbolTableRecord
100
AcDbLayerTableRecord
  2
CH-STAIRS-MARK
 70
     0
 62
    31
  6
Continuous
370
    18
390
F
347
21
348
0
  0
LAYER
  5
85
330
2
100
AcDbSymbolTableRecord
100
AcDbLayerTableRecord
  2
CH-S-SLAB
 70
     0
 62
   192
  6
Continuous
370
    18
390
F
347
21
348
0
  0
LAYER
  5
92
330
2
100
AcDbSymbolTableRecord
100
AcDbLayerTableRecord
  2
CH-CUTOUT
 70
     0
 62
    12
  6
Continuous
370
    18
390
F
347
21
348
0
  0
LAYER
  5
7D3
330
2
100
AcDbSymbolTableRecord
100
AcDbLayerTableRecord
  2
CH-GRID
 70
     0
 62
     8
  6
Continuous
370
     9
390
F
347
21
348
0
  0
LAYER
  5
7D4
330
2
100
AcDbSymbolTableRecord
100
AcDbLayerTableRecord
  2
CH-GRID-MARK
 70
     0
 62
   254
  6
Continuous
370
     9
390
F
347
21
348
0
  0
LAYER
  5
80B
330
2
100
AcDbSymbolTableRecord
100
AcDbLayerTableRecord
  2
CH-DIM
 70
     0
 62
   211
  6
Continuous
370
     9
390
F
347
21
348
0
  0
LAYER
  5
821
330
2
100
AcDbSymbolTableRecord
100
AcDbLayerTableRecord
  2
Defpoints
 70
     0
 62
     7
  6
Continuous
290
     0
370
    -3
390
F
347
21
348
0
  0
LAYER
  5
9CE
330
2
100
AcDbSymbolTableRecord
100
AcDbLayerTableRecord
  2
CH-TEXT
 70
     0
 62
   254
  6
Continuous
370
     9
390
F
347
21
348
0
  0
LAYER
  5
9DB
330
2
100
AcDbSymbolTableRecord
100
AcDbLayerTableRecord
  2
CH-S-COLUMN-MARK
 70
     0
 62
   171
  6
Continuous
370
     9
390
F
347
21
348
0
  0
LAYER
  5
A16
330
2
100
AcDbSymbolTableRecord
100
AcDbLayerTableRecord
  2
CH-S-BEAM-MARK
 70
     0
 62
     2
  6
Continuous
370
     9
390
F
347
21
348
0
  0
LAYER
  5
A79
330
2
100
AcDbSymbolTableRecord
100
AcDbLayerTableRecord
  2
CH-S-SLAB-MARK
 70
     0
 62
    11
  6
Continuous
370
     9
390
F
347
21
348
0
  0
LAYER
  5
2B01
330
2
100
AcDbSymbolTableRecord
100
AcDbLayerTableRecord
  2
0-Origin
 70
     0
 62
    40
  6
Continuous
370
    30
390
F
347
21
348
0
1001
AcAecLayerStandard
1000

1000

1001
AcCmTransparency
1071
        0
  0
LAYER
  5
2B04
330
2
100
AcDbSymbolTableRecord
100
AcDbLayerTableRecord
  2
0-Boundary
 70
     0
 62
    40
  6
Continuous
370
    30
390
F
347
21
348
0
1001
AcAecLayerStandard
1000

1000

1001
AcCmTransparency
1071
        0
  0
LAYER
  5
9A25
330
2
100
AcDbSymbolTableRecord
100
AcDbLayerTableRecord
  2
CH-S-FND
 70
     0
 62
     3
  6
Continuous
370
    18
390
F
347
21
348
0
1001
AcAecLayerStandard
1000

1000

1001
AcCmTransparency
1071
        0
  0
LAYER
  5
9DC4
330
2
100
AcDbSymbolTableRecord
100
AcDbLayerTableRecord
  2
CH-S-FND-FOLD
 70
     0
 62
     9
  6
Continuous
370
    18
390
F
347
21
348
0
1001
AcAecLayerStandard
1000

1000

1001
AcCmTransparency
1071
        0
  0
LAYER
  5
9DEB
330
2
100
AcDbSymbolTableRecord
100
AcDbLayerTableRecord
  2
CH-S-FND-MARK
 70
     0
 62
     3
  6
Continuous
370
    18
390
F
347
21
348
0
1001
AcAecLayerStandard
1000

1000

1001
AcCmTransparency
1071
        0
  0
LAYER
  5
A09A
330
2
100
AcDbSymbolTableRecord
100
AcDbLayerTableRecord
  2
CH-S-FND-SUNK
 70
     0
 62
     9
  6
Continuous
370
    18
390
F
347
21
348
0
1001
AcAecLayerStandard
1000

1000

1001
AcCmTransparency
1071
        0
  0
LAYER
  5
B2EA
330
2
100
AcDbSymbolTableRecord
100
AcDbLayerTableRecord
  2
CH-S-SLAB-FOLD
 70
     0
 62
     9
  6
Continuous
370
    18
390
F
347
21
348
0
1001
AcAecLayerStandard
1000

1000

1001
AcCmTransparency
1071
        0
  0
LAYER
  5
B2EB
330
2
100
AcDbSymbolTableRecord
100
AcDbLayerTableRecord
  2
CH-S-SLAB-SUNK
 70
     0
 62
     8
  6
Continuous
370
    18
390
F
347
21
348
0
1001
AcAecLayerStandard
1000

1000

1001
AcCmTransparency
1071
        0
  0
LAYER
  5
B2EC
330
2
100
AcDbSymbolTableRecord
100
AcDbLayerTableRecord
  2
CH-S-RAFT
 70
     0
 62
     2
  6
Continuous
370
    18
390
F
347
21
348
0
1001
AcAecLayerStandard
1000

1000

1001
AcCmTransparency
1071
        0
  0
LAYER
  5
B2ED
330
2
100
AcDbSymbolTableRecord
100
AcDbLayerTableRecord
  2
CH-S-RAFT-FOLD
 70
     0
 62
     9
  6
Continuous
370
    18
390
F
347
21
348
0
1001
AcAecLayerStandard
1000

1000

1001
AcCmTransparency
1071
        0
  0
LAYER
  5
B2EE
330
2
100
AcDbSymbolTableRecord
100
AcDbLayerTableRecord
  2
CH-S-RAFT-MARK
 70
     0
 62
     2
  6
Continuous
370
    18
390
F
347
21
348
0
1001
AcAecLayerStandard
1000

1000

1001
AcCmTransparency
1071
        0
  0
LAYER
  5
B2EF
330
2
100
AcDbSymbolTableRecord
100
AcDbLayerTableRecord
  2
CH-S-RAFT-SUNK
 70
     0
 62
     9
  6
Continuous
370
    18
390
F
347
21
348
0
1001
AcAecLayerStandard
1000

1000

1001
AcCmTransparency
1071
        0
  0
LAYER
  5
CFF8
330
2
100
AcDbSymbolTableRecord
100
AcDbLayerTableRecord
  2
CH-HATCH
 70
     0
 62
   252
  6
Continuous
370
    -3
390
F
347
21
348
0
1001
AcAecLayerStandard
1000

1000

1001
AcCmTransparency
1071
        0
  0
LAYER
  5
D017
330
2
100
AcDbSymbolTableRecord
100
AcDbLayerTableRecord
  2
CH-S-COLUMN-HATCH
 70
     0
 62
   252
  6
Continuous
370
    18
390
F
347
21
348
0
1001
AcAecLayerStandard
1000

1000

1001
AcCmTransparency
1071
        0
  0
LAYER
  5
D01D
330
2
100
AcDbSymbolTableRecord
100
AcDbLayerTableRecord
  2
CH-LEGEND
 70
     0
 62
    40
  6
Continuous
370
     9
390
F
347
21
348
0
1001
AcAecLayerStandard
1000

1000

1001
AcCmTransparency
1071
        0
  0
LAYER
  5
DDBE
330
2
100
AcDbSymbolTableRecord
100
AcDbLayerTableRecord
  2
CH-LEVEL
 70
     0
 62
     8
  6
Continuous
370
     9
390
F
347
21
348
0
1001
AcAecLayerStandard
1000

1000

1001
AcCmTransparency
1071
        0
  0
LAYER
  5
DDBF
330
2
100
AcDbSymbolTableRecord
100
AcDbLayerTableRecord
  2
CH-LEVEL-MARK
 70
     0
 62
   254
  6
Continuous
370
     9
390
F
347
21
348
0
1001
AcAecLayerStandard
1000

1000

1001
AcCmTransparency
1071
        0
  0
ENDTAB
  0
TABLE
  2
STYLE
  5
3
330
0
100
AcDbSymbolTable
 70
     4
  0
STYLE
  5
55
330
3
100
AcDbSymbolTableRecord
100
AcDbTextStyleTableRecord
  2
Standard
 70
     0
 40
0.0
 41
1.0
 50
0.0
 71
     0
 42
0.2
  3
txt
  4

  0
STYLE
  5
7C8
330
3
100
AcDbSymbolTableRecord
100
AcDbTextStyleTableRecord
  2
Arial
 70
     0
 40
125.0
 41
1.0
 50
0.0
 71
     0
 42
0.2
  3
arial.ttf
  4

1001
ACAD
1000
Arial
1071
       34
  0
STYLE
  5
7DA
330
3
100
AcDbSymbolTableRecord
100
AcDbTextStyleTableRecord
  2
JetBrains Mono
 70
     0
 40
124.9999999999999
 41
1.0
 50
0.0
 71
     0
 42
0.2
  3
JetBrainsMono-VariableFont_wght.ttf
  4

1001
ACAD
1000
JetBrains Mono
1071
       49
  0
STYLE
  5
CEB0
330
3
100
AcDbSymbolTableRecord
100
AcDbTextStyleTableRecord
  2

 70
     1
 40
0.0
 41
1.0
 50
0.0
 71
     0
 42
0.2
  3
ltypeshp.shx
  4

  0
ENDTAB
  0
TABLE
  2
VIEW
  5
6
330
0
100
AcDbSymbolTable
 70
     7
  0
ENDTAB
  0
TABLE
  2
UCS
  5
7
330
0
100
AcDbSymbolTable
 70
     1
  0
UCS
  5
AB6
330
7
100
AcDbSymbolTableRecord
100
AcDbUCSTableRecord
  2
REVIT60-Default Site
 70
     0
 10
0.0
 20
0.0
 30
0.0
 11
1.0
 21
0.0
 31
0.0
 12
0.0
 22
1.0
 32
0.0
 79
     0
146
0.0
  0
ENDTAB
  0
TABLE
  2
APPID
  5
9
330
0
100
AcDbSymbolTable
 70
    12
  0
APPID
  5
56
330
9
100
AcDbSymbolTableRecord
100
AcDbRegAppTableRecord
  2
ACAD
 70
     0
  0
APPID
  5
5E
330
9
100
AcDbSymbolTableRecord
100
AcDbRegAppTableRecord
  2
AcadAnnotative
 70
     0
  0
APPID
  5
78
330
9
100
AcDbSymbolTableRecord
100
AcDbRegAppTableRecord
  2
REVIT
 70
     0
  0
APPID
  5
ACE
330
9
100
AcDbSymbolTableRecord
100
AcDbRegAppTableRecord
  2
ACAD_NAV_VCDISPLAY
 70
     0
  0
APPID
  5
293B
330
9
100
AcDbSymbolTableRecord
100
AcDbRegAppTableRecord
  2
ACAD_EXEMPT_FROM_CAD_STANDARDS
 70
     0
  0
APPID
  5
2B02
330
9
100
AcDbSymbolTableRecord
100
AcDbRegAppTableRecord
  2
AcAecLayerStandard
 70
     0
  0
APPID
  5
2B03
330
9
100
AcDbSymbolTableRecord
100
AcDbRegAppTableRecord
  2
AcCmTransparency
 70
     0
  0
APPID
  5
9DCE
330
9
100
AcDbSymbolTableRecord
100
AcDbRegAppTableRecord
  2
GradientColor1ACI
 70
     0
  0
APPID
  5
9DCF
330
9
100
AcDbSymbolTableRecord
100
AcDbRegAppTableRecord
  2
GradientColor2ACI
 70
     0
  0
APPID
  5
9EBF
330
9
100
AcDbSymbolTableRecord
100
AcDbRegAppTableRecord
  2
Acad_TC
 70
     0
  0
APPID
  5
DD48
330
9
100
AcDbSymbolTableRecord
100
AcDbRegAppTableRecord
  2
HATCHBACKGROUNDCOLOR
 70
     0
  0
APPID
  5
DD49
330
9
100
AcDbSymbolTableRecord
100
AcDbRegAppTableRecord
  2
EZDXF
 70
     0
  0
ENDTAB
  0
TABLE
  2
DIMSTYLE
  5
A
330
0
100
AcDbSymbolTable
 70
     2
100
AcDbDimStyleTable
 71
     1
340
81A
  0
DIMSTYLE
105
58
330
A
100
AcDbSymbolTableRecord
100
AcDbDimStyleTableRecord
  2
Standard
 70
     0
 41
2.5
 42
0.625
 43
3.75
 44
1.25
 49
2.5
 73
     0
 74
     0
 77
     1
 78
     8
 79
     3
140
2.5
141
2.5
143
0.03937007874
147
0.625
171
     3
172
     1
179
     2
271
     2
272
     2
274
     3
278
    44
283
     0
284
     8
340
55
  0
DIMSTYLE
105
81A
102
{ACAD_REACTORS
330
DE00
330
DE03
330
DE06
330
DE09
330
DE0C
330
DE0F
330
DE12
102
}
330
A
100
AcDbSymbolTableRecord
100
AcDbDimStyleTableRecord
  2
Diagonal_-_2_5mm_JetBrains_Mono
 70
     0
 40
304.8
 41
0.4921259842519686
 42
0.2460629921259842
 43
3.75
 44
0.3937007874015747
 46
0.3937007874015747
 49
2.5
 69
     1
 73
     0
 74
     0
 77
     1
 78
     8
 79
     3
 90
        2
140
176.9189693295829
141
2.5
143
0.03937007874
145
1.0
147
0.2870734908136483
171
     3
172
     1
173
     1
174
     1
179
     2
271
     0
272
     2
274
     3
278
    44
283
     0
284
     8
340
7DA
343
81B
344
81B
  0
ENDTAB
  0
TABLE
  2
BLOCK_RECORD
  5
1
330
0
100
AcDbSymbolTable
 70
   160
  0
BLOCK_RECORD
  5
70
102
{ACAD_XDICTIONARY
360
ABB
102
}
330
1
100
AcDbSymbolTableRecord
100
AcDbBlockTableRecord
  2
*Model_Space
340
73
 70
     0
280
     1
281
     0
  0
BLOCK_RECORD
  5
6C
330
1
100
AcDbSymbolTableRecord
100
AcDbBlockTableRecord
  2
*Paper_Space
340
6F
 70
     0
280
     1
281
     0
  0
BLOCK_RECORD
  5
74
330
1
100
AcDbSymbolTableRecord
100
AcDbBlockTableRecord
  2
*Paper_Space0
340
77
 70
     0
280
     1
281
     0
  0
BLOCK_RECORD
  5
7D5
330
1
100
AcDbSymbolTableRecord
100
AcDbBlockTableRecord
  2
Grid - M_Grid Head - Circle-24584-01 1st Floor Lvl_
340
0
 70
     0
280
     1
281
     0
  0
BLOCK_RECORD
  5
81B
330
1
100
AcDbSymbolTableRecord
100
AcDbBlockTableRecord
  2
_Oblique
340
0
102
{BLKREFS
331
DDB8
331
AFE4
331
AFE5
331
AFED
331
AFEE
331
AFF6
331
AFF7
331
AFFF
331
B000
331
B008
331
B009
331
B011
331
B012
331
B01A
331
B01B
331
B023
331
B024
331
B02C
331
B02D
331
AE6A
331
AE6B
331
AE73
331
AE74
331
AE7C
331
AE7D
331
AE85
331
AE86
331
AE8E
331
AE8F
331
A16E
331
A16F
331
A177
331
CE46
331
CE47
331
A8DA
331
A8DB
331
A8EC
331
A8ED
331
A8FE
331
A8FF
331
A910
331
A911
331
AFA5
331
AFA6
331
AFAE
331
AFAF
331
AFB7
331
AFB8
331
AFC0
331
AFC1
331
AFC9
331
AFCA
331
AFD2
331
AFD3
331
AFDB
331
AFDC
331
CD6E
331
CD6F
331
CD77
331
CD78
331
CEE4
331
CEE5
331
CEDB
331
CEDC
331
DD7B
331
DD7C
331
DD93
331
DD94
331
DDAB
331
DDAC
331
E281
331
E282
331
E28A
331
E28B
331
E293
331
E294
331
E29C
331
E29D
331
E2A5
331
E2A6
331
AEFA
331
AEFB
331
CD65
331
CD66
331
E2B8
331
DD6F
331
DD70
331
DD87
331
DD88
331
DD9F
331
DDA0
331
DDB7
331
3516
331
3517
331
351F
331
3520
331
3528
331
3529
331
3531
331
3532
331
B10D
331
B10E
331
AF81
331
AF82
331
CD80
331
CD81
331
CD89
331
CD8A
331
CD92
331
CD93
331
CD9B
331
CD9C
331
CDA4
331
CDA5
331
CDAD
331
CDAE
331
CDB6
331
CDB7
331
CDBF
331
CDC0
331
CDC8
331
CDC9
331
CDD1
331
CDD2
331
CDDA
331
CDDB
331
CDE3
331
CDE4
331
E2AE
331
E2AF
331
E2B7
331
AE97
331
AE98
331
AEA0
331
AEA1
331
AEA9
331
AEAA
331
AEB2
331
AEB3
331
AEBB
331
AEBC
331
AEC4
331
AEC5
331
AECD
331
AECE
331
AED6
331
AED7
331
AEDF
331
AEE0
331
AEE8
331
AEE9
331
AEF1
331
AEF2
331
353A
331
353B
331
AF8A
331
AF8B
331
AF93
331
AF94
331
AF9C
331
AF9D
331
B0B3
331
B0B4
331
B0BC
331
B0BD
331
B0C5
331
B0C6
331
B0CE
331
B0CF
331
B0D7
331
B0D8
331
B0E0
331
B0E1
331
B0E9
331
B0EA
331
B0F2
331
B0F3
331
B0FB
331
B0FC
331
B104
331
B105
331
CDEC
331
CDED
331
3543
331
3544
331
AF15
331
AF16
331
AF1E
331
AF1F
331
AF27
331
AF28
331
AF30
331
AF31
331
AF39
331
AF3A
331
AF42
331
AF43
331
AF4B
331
AF4C
331
AF54
331
AF55
331
AF5D
331
AF5E
331
AF66
331
AF67
331
AF6F
331
AF70
331
AF78
331
AF79
331
CDF5
331
CDF6
331
354C
331
354D
331
3555
331
3556
331
355E
331
355F
331
3567
331
3568
331
3570
331
3571
331
3579
331
357A
331
3582
331
3583
331
358B
331
358C
331
3594
331
3595
331
359D
331
359E
331
35A6
331
35A7
331
AF03
331
AF04
331
AF0C
331
AF0D
331
A892
331
A893
331
A8A4
331
A8A5
331
A8B6
331
A8B7
331
A8C8
331
A8C9
331
CDFE
331
CDFF
331
CE07
331
CE08
331
A1B0
331
A1B1
331
A1B9
331
A1BA
331
CE10
331
CE11
331
CE19
331
CE1A
331
CE22
331
CE23
331
CE2B
331
CE2C
331
CE34
331
CE35
331
CE85
331
CE86
331
A178
331
CEBF
331
CEC0
331
CEC8
331
CEC9
331
A66D
331
A66E
331
A676
331
A677
331
A67F
331
A680
331
A688
331
A689
331
A691
331
A692
331
A69A
331
A69B
331
A6A3
331
A6A4
331
A6B5
331
A6B6
331
A6C7
331
CE3D
331
CE3E
331
B116
331
B117
331
B11F
331
B120
331
B128
331
B129
331
B131
331
B132
331
B143
331
B144
331
B14C
331
B14D
331
CE4F
331
CE50
331
CE58
331
CE59
331
CE61
331
CE62
331
CE6A
331
CE6B
331
CE73
331
CE74
331
CE7C
331
CE7D
331
A6C8
102
}
 70
     0
280
     1
281
     0
  0
BLOCK_RECORD
  5
184C
330
1
100
AcDbSymbolTableRecord
100
AcDbBlockTableRecord
  2
*D3
340
0
 70
     0
280
     1
281
     0
  0
BLOCK_RECORD
  5
1858
330
1
100
AcDbSymbolTableRecord
100
AcDbBlockTableRecord
  2
*D4
340
0
 70
     0
280
     1
281
     0
  0
BLOCK_RECORD
  5
1864
330
1
100
AcDbSymbolTableRecord
100
AcDbBlockTableRecord
  2
*D5
340
0
 70
     0
280
     1
281
     0
  0
BLOCK_RECORD
  5
1870
330
1
100
AcDbSymbolTableRecord
100
AcDbBlockTableRecord
  2
*D6
340
0
 70
     0
280
     1
281
     0
  0
BLOCK_RECORD
  5
187C
330
1
100
AcDbSymbolTableRecord
100
AcDbBlockTableRecord
  2
*D7
340
0
 70
     0
280
     1
281
     0
  0
BLOCK_RECORD
  5
1888
330
1
100
AcDbSymbolTableRecord
100
AcDbBlockTableRecord
  2
*D8
340
0
 70
     0
280
     1
281
     0
  0
BLOCK_RECORD
  5
1894
330
1
100
AcDbSymbolTableRecord
100
AcDbBlockTableRecord
  2
*D9
340
0
 70
     0
280
     1
281
     0
  0
BLOCK_RECORD
  5
18A0
330
1
100
AcDbSymbolTableRecord
100
AcDbBlockTableRecord
  2
*D10
340
0
 70
     0
280
     1
281
     0
  0
BLOCK_RECORD
  5
18AC
330
1
100
AcDbSymbolTableRecord
100
AcDbBlockTableRecord
  2
*D11
340
0
 70
     0
280
     1
281
     0
  0
BLOCK_RECORD
  5
18B8
330
1
100
AcDbSymbolTableRecord
100
AcDbBlockTableRecord
  2
*D12
340
0
 70
     0
280
     1
281
     0
  0
BLOCK_RECORD
  5
18C4
330
1
100
AcDbSymbolTableRecord
100
AcDbBlockTableRecord
  2
*D13
340
0
 70
     0
280
     1
281
     0
  0
BLOCK_RECORD
  5
18D0
330
1
100
AcDbSymbolTableRecord
100
AcDbBlockTableRecord
  2
*D14
340
0
 70
     0
280
     1
281
     0
  0
BLOCK_RECORD
  5
18DC
330
1
100
AcDbSymbolTableRecord
100
AcDbBlockTableRecord
  2
*D15
340
0
 70
     0
280
     1
281
     0
  0
BLOCK_RECORD
  5
18E8
330
1
100
AcDbSymbolTableRecord
100
AcDbBlockTableRecord
  2
*D16
340
0
 70
     0
280
     1
281
     0
  0
BLOCK_RECORD
  5
18F4
330
1
100
AcDbSymbolTableRecord
100
AcDbBlockTableRecord
  2
*D17
340
0
 70
     0
280
     1
281
     0
  0
BLOCK_RECORD
  5
1900
330
1
100
AcDbSymbolTableRecord
100
AcDbBlockTableRecord
  2
*D18
340
0
 70
     0
280
     1
281
     0
  0
BLOCK_RECORD
  5
190C
330
1
100
AcDbSymbolTableRecord
100
AcDbBlockTableRecord
  2
*D19
340
0
 70
     0
280
     1
281
     0
  0
BLOCK_RECORD
  5
5A15
330
1
100
AcDbSymbolTableRecord
100
AcDbBlockTableRecord
  2
*D20
340
0
 70
     0
280
     1
281
     0
  0
BLOCK_RECORD
  5
5A21
330
1
100
AcDbSymbolTableRecord
100
AcDbBlockTableRecord
  2
*D21
340
0
 70
     0
280
     1
281
     0
  0
BLOCK_RECORD
  5
5A2D
330
1
100
AcDbSymbolTableRecord
100
AcDbBlockTableRecord
  2
*D22
340
0
 70
     0
280
     1
281
     0
  0
BLOCK_RECORD
  5
5A39
330
1
100
AcDbSymbolTableRecord
100
AcDbBlockTableRecord
  2
*D23
340
0
 70
     0
280
     1
281
     0
  0
BLOCK_RECORD
  5
5A45
330
1
100
AcDbSymbolTableRecord
100
AcDbBlockTableRecord
  2
*D24
340
0
 70
     0
280
     1
281
     0
  0
BLOCK_RECORD
  5
5A51
330
1
100
AcDbSymbolTableRecord
100
AcDbBlockTableRecord
  2
*D25
340
0
 70
     0
280
     1
281
     0
  0
BLOCK_RECORD
  5
5A5D
330
1
100
AcDbSymbolTableRecord
100
AcDbBlockTableRecord
  2
*D26
340
0
 70
     0
280
     1
281
     0
  0
BLOCK_RECORD
  5
5A69
330
1
100
AcDbSymbolTableRecord
100
AcDbBlockTableRecord
  2
*D27
340
0
 70
     0
280
     1
281
     0
  0
BLOCK_RECORD
  5
5A75
330
1
100
AcDbSymbolTableRecord
100
AcDbBlockTableRecord
  2
*D28
340
0
 70
     0
280
     1
281
     0
  0
BLOCK_RECORD
  5
5A81
330
1
100
AcDbSymbolTableRecord
100
AcDbBlockTableRecord
  2
*D29
340
0
 70
     0
280
     1
281
     0
  0
BLOCK_RECORD
  5
5A8D
330
1
100
AcDbSymbolTableRecord
100
AcDbBlockTableRecord
  2
*D30
340
0
 70
     0
280
     1
281
     0
  0
BLOCK_RECORD
  5
5A99
330
1
100
AcDbSymbolTableRecord
100
AcDbBlockTableRecord
  2
*D31
340
0
 70
     0
280
     1
281
     0
  0
BLOCK_RECORD
  5
5AA5
330
1
100
AcDbSymbolTableRecord
100
AcDbBlockTableRecord
  2
*D32
340
0
 70
     0
280
     1
281
     0
  0
BLOCK_RECORD
  5
5AB1
330
1
100
AcDbSymbolTableRecord
100
AcDbBlockTableRecord
  2
*D33
340
0
 70
     0
280
     1
281
     0
  0
BLOCK_RECORD
  5
5ABD
330
1
100
AcDbSymbolTableRecord
100
AcDbBlockTableRecord
  2
*D34
340
0
 70
     0
280
     1
281
     0
  0
BLOCK_RECORD
  5
5AC9
330
1
100
AcDbSymbolTableRecord
100
AcDbBlockTableRecord
  2
*D35
340
0
 70
     0
280
     1
281
     0
  0
BLOCK_RECORD
  5
5AD5
330
1
100
AcDbSymbolTableRecord
100
AcDbBlockTableRecord
  2
*D36
340
0
 70
     0
280
     1
281
     0
  0
BLOCK_RECORD
  5
6102
330
1
100
AcDbSymbolTableRecord
100
AcDbBlockTableRecord
  2
*D37
340
0
 70
     0
280
     1
281
     0
  0
BLOCK_RECORD
  5
610E
330
1
100
AcDbSymbolTableRecord
100
AcDbBlockTableRecord
  2
*D38
340
0
 70
     0
280
     1
281
     0
  0
BLOCK_RECORD
  5
611A
330
1
100
AcDbSymbolTableRecord
100
AcDbBlockTableRecord
  2
*D39
340
0
 70
     0
280
     1
281
     0
  0
BLOCK_RECORD
  5
6126
330
1
100
AcDbSymbolTableRecord
100
AcDbBlockTableRecord
  2
*D40
340
0
 70
     0
280
     1
281
     0
  0
BLOCK_RECORD
  5
6132
330
1
100
AcDbSymbolTableRecord
100
AcDbBlockTableRecord
  2
*D41
340
0
 70
     0
280
     1
281
     0
  0
BLOCK_RECORD
  5
613E
330
1
100
AcDbSymbolTableRecord
100
AcDbBlockTableRecord
  2
*D42
340
0
 70
     0
280
     1
281
     0
  0
BLOCK_RECORD
  5
614A
330
1
100
AcDbSymbolTableRecord
100
AcDbBlockTableRecord
  2
*D43
340
0
 70
     0
280
     1
281
     0
  0
BLOCK_RECORD
  5
6156
330
1
100
AcDbSymbolTableRecord
100
AcDbBlockTableRecord
  2
*D44
340
0
 70
     0
280
     1
281
     0
  0
BLOCK_RECORD
  5
6162
330
1
100
AcDbSymbolTableRecord
100
AcDbBlockTableRecord
  2
*D45
340
0
 70
     0
280
     1
281
     0
  0
BLOCK_RECORD
  5
616E
330
1
100
AcDbSymbolTableRecord
100
AcDbBlockTableRecord
  2
*D46
340
0
 70
     0
280
     1
281
     0
  0
BLOCK_RECORD
  5
617A
330
1
100
AcDbSymbolTableRecord
100
AcDbBlockTableRecord
  2
*D47
340
0
 70
     0
280
     1
281
     0
  0
BLOCK_RECORD
  5
6186
330
1
100
AcDbSymbolTableRecord
100
AcDbBlockTableRecord
  2
*D48
340
0
 70
     0
280
     1
281
     0
  0
BLOCK_RECORD
  5
6192
330
1
100
AcDbSymbolTableRecord
100
AcDbBlockTableRecord
  2
*D49
340
0
 70
     0
280
     1
281
     0
  0
BLOCK_RECORD
  5
619E
330
1
100
AcDbSymbolTableRecord
100
AcDbBlockTableRecord
  2
*D50
340
0
 70
     0
280
     1
281
     0
  0
BLOCK_RECORD
  5
61AA
330
1
100
AcDbSymbolTableRecord
100
AcDbBlockTableRecord
  2
*D51
340
0
 70
     0
280
     1
281
     0
  0
BLOCK_RECORD
  5
61B6
330
1
100
AcDbSymbolTableRecord
100
AcDbBlockTableRecord
  2
*D52
340
0
 70
     0
280
     1
281
     0
  0
BLOCK_RECORD
  5
61C2
330
1
100
AcDbSymbolTableRecord
100
AcDbBlockTableRecord
  2
*D53
340
0
 70
     0
280
     1
281
     0
  0
BLOCK_RECORD
  5
67C3
330
1
100
AcDbSymbolTableRecord
100
AcDbBlockTableRecord
  2
*D54
340
0
 70
     0
280
     1
281
     0
  0
BLOCK_RECORD
  5
67CF
330
1
100
AcDbSymbolTableRecord
100
AcDbBlockTableRecord
  2
*D55
340
0
 70
     0
280
     1
281
     0
  0
BLOCK_RECORD
  5
67DB
330
1
100
AcDbSymbolTableRecord
100
AcDbBlockTableRecord
  2
*D56
340
0
 70
     0
280
     1
281
     0
  0
BLOCK_RECORD
  5
67E7
330
1
100
AcDbSymbolTableRecord
100
AcDbBlockTableRecord
  2
*D57
340
0
 70
     0
280
     1
281
     0
  0
BLOCK_RECORD
  5
67F3
330
1
100
AcDbSymbolTableRecord
100
AcDbBlockTableRecord
  2
*D58
340
0
 70
     0
280
     1
281
     0
  0
BLOCK_RECORD
  5
67FF
330
1
100
AcDbSymbolTableRecord
100
AcDbBlockTableRecord
  2
*D59
340
0
 70
     0
280
     1
281
     0
  0
BLOCK_RECORD
  5
680B
330
1
100
AcDbSymbolTableRecord
100
AcDbBlockTableRecord
  2
*D60
340
0
 70
     0
280
     1
281
     0
  0
BLOCK_RECORD
  5
6817
330
1
100
AcDbSymbolTableRecord
100
AcDbBlockTableRecord
  2
*D61
340
0
 70
     0
280
     1
281
     0
  0
BLOCK_RECORD
  5
6823
330
1
100
AcDbSymbolTableRecord
100
AcDbBlockTableRecord
  2
*D62
340
0
 70
     0
280
     1
281
     0
  0
BLOCK_RECORD
  5
682F
330
1
100
AcDbSymbolTableRecord
100
AcDbBlockTableRecord
  2
*D63
340
0
 70
     0
280
     1
281
     0
  0
BLOCK_RECORD
  5
683B
330
1
100
AcDbSymbolTableRecord
100
AcDbBlockTableRecord
  2
*D64
340
0
 70
     0
280
     1
281
     0
  0
BLOCK_RECORD
  5
6847
330
1
100
AcDbSymbolTableRecord
100
AcDbBlockTableRecord
  2
*D65
340
0
 70
     0
280
     1
281
     0
  0
BLOCK_RECORD
  5
6853
330
1
100
AcDbSymbolTableRecord
100
AcDbBlockTableRecord
  2
*D66
340
0
 70
     0
280
     1
281
     0
  0
BLOCK_RECORD
  5
685F
330
1
100
AcDbSymbolTableRecord
100
AcDbBlockTableRecord
  2
*D67
340
0
 70
     0
280
     1
281
     0
  0
BLOCK_RECORD
  5
686B
330
1
100
AcDbSymbolTableRecord
100
AcDbBlockTableRecord
  2
*D68
340
0
 70
     0
280
     1
281
     0
  0
BLOCK_RECORD
  5
6877
330
1
100
AcDbSymbolTableRecord
100
AcDbBlockTableRecord
  2
*D69
340
0
 70
     0
280
     1
281
     0
  0
BLOCK_RECORD
  5
6883
330
1
100
AcDbSymbolTableRecord
100
AcDbBlockTableRecord
  2
*D70
340
0
 70
     0
280
     1
281
     0
  0
BLOCK_RECORD
  5
6E89
330
1
100
AcDbSymbolTableRecord
100
AcDbBlockTableRecord
  2
*D71
340
0
 70
     0
280
     1
281
     0
  0
BLOCK_RECORD
  5
6E95
330
1
100
AcDbSymbolTableRecord
100
AcDbBlockTableRecord
  2
*D72
340
0
 70
     0
280
     1
281
     0
  0
BLOCK_RECORD
  5
6EA1
330
1
100
AcDbSymbolTableRecord
100
AcDbBlockTableRecord
  2
*D73
340
0
 70
     0
280
     1
281
     0
  0
BLOCK_RECORD
  5
6EAD
330
1
100
AcDbSymbolTableRecord
100
AcDbBlockTableRecord
  2
*D74
340
0
 70
     0
280
     1
281
     0
  0
BLOCK_RECORD
  5
6EB9
330
1
100
AcDbSymbolTableRecord
100
AcDbBlockTableRecord
  2
*D75
340
0
 70
     0
280
     1
281
     0
  0
BLOCK_RECORD
  5
6EC5
330
1
100
AcDbSymbolTableRecord
100
AcDbBlockTableRecord
  2
*D76
340
0
 70
     0
280
     1
281
     0
  0
BLOCK_RECORD
  5
6ED1
330
1
100
AcDbSymbolTableRecord
100
AcDbBlockTableRecord
  2
*D77
340
0
 70
     0
280
     1
281
     0
  0
BLOCK_RECORD
  5
6EDD
330
1
100
AcDbSymbolTableRecord
100
AcDbBlockTableRecord
  2
*D78
340
0
 70
     0
280
     1
281
     0
  0
BLOCK_RECORD
  5
6EE9
330
1
100
AcDbSymbolTableRecord
100
AcDbBlockTableRecord
  2
*D79
340
0
 70
     0
280
     1
281
     0
  0
BLOCK_RECORD
  5
6EF5
330
1
100
AcDbSymbolTableRecord
100
AcDbBlockTableRecord
  2
*D80
340
0
 70
     0
280
     1
281
     0
  0
BLOCK_RECORD
  5
6F01
330
1
100
AcDbSymbolTableRecord
100
AcDbBlockTableRecord
  2
*D81
340
0
 70
     0
280
     1
281
     0
  0
BLOCK_RECORD
  5
6F0D
330
1
100
AcDbSymbolTableRecord
100
AcDbBlockTableRecord
  2
*D82
340
0
 70
     0
280
     1
281
     0
  0
BLOCK_RECORD
  5
6F19
330
1
100
AcDbSymbolTableRecord
100
AcDbBlockTableRecord
  2
*D83
340
0
 70
     0
280
     1
281
     0
  0
BLOCK_RECORD
  5
6F25
330
1
100
AcDbSymbolTableRecord
100
AcDbBlockTableRecord
  2
*D84
340
0
 70
     0
280
     1
281
     0
  0
BLOCK_RECORD
  5
6F31
330
1
100
AcDbSymbolTableRecord
100
AcDbBlockTableRecord
  2
*D85
340
0
 70
     0
280
     1
281
     0
  0
BLOCK_RECORD
  5
6F3D
330
1
100
AcDbSymbolTableRecord
100
AcDbBlockTableRecord
  2
*D86
340
0
 70
     0
280
     1
281
     0
  0
BLOCK_RECORD
  5
6F49
330
1
100
AcDbSymbolTableRecord
100
AcDbBlockTableRecord
  2
*D87
340
0
 70
     0
280
     1
281
     0
  0
BLOCK_RECORD
  5
87A6
330
1
100
AcDbSymbolTableRecord
100
AcDbBlockTableRecord
  2
*D88
340
0
 70
     0
280
     1
281
     0
  0
BLOCK_RECORD
  5
87B2
330
1
100
AcDbSymbolTableRecord
100
AcDbBlockTableRecord
  2
*D89
340
0
 70
     0
280
     1
281
     0
  0
BLOCK_RECORD
  5
87BE
330
1
100
AcDbSymbolTableRecord
100
AcDbBlockTableRecord
  2
*D90
340
0
 70
     0
280
     1
281
     0
  0
BLOCK_RECORD
  5
87CA
330
1
100
AcDbSymbolTableRecord
100
AcDbBlockTableRecord
  2
*D91
340
0
 70
     0
280
     1
281
     0
  0
BLOCK_RECORD
  5
87D6
330
1
100
AcDbSymbolTableRecord
100
AcDbBlockTableRecord
  2
*D92
340
0
 70
     0
280
     1
281
     0
  0
BLOCK_RECORD
  5
87E2
330
1
100
AcDbSymbolTableRecord
100
AcDbBlockTableRecord
  2
*D93
340
0
 70
     0
280
     1
281
     0
  0
BLOCK_RECORD
  5
87EE
330
1
100
AcDbSymbolTableRecord
100
AcDbBlockTableRecord
  2
*D94
340
0
 70
     0
280
     1
281
     0
  0
BLOCK_RECORD
  5
87FA
330
1
100
AcDbSymbolTableRecord
100
AcDbBlockTableRecord
  2
*D95
340
0
 70
     0
280
     1
281
     0
  0
BLOCK_RECORD
  5
8806
330
1
100
AcDbSymbolTableRecord
100
AcDbBlockTableRecord
  2
*D96
340
0
 70
     0
280
     1
281
     0
  0
BLOCK_RECORD
  5
8812
330
1
100
AcDbSymbolTableRecord
100
AcDbBlockTableRecord
  2
*D97
340
0
 70
     0
280
     1
281
     0
  0
BLOCK_RECORD
  5
881E
330
1
100
AcDbSymbolTableRecord
100
AcDbBlockTableRecord
  2
*D98
340
0
 70
     0
280
     1
281
     0
  0
BLOCK_RECORD
  5
882A
330
1
100
AcDbSymbolTableRecord
100
AcDbBlockTableRecord
  2
*D99
340
0
 70
     0
280
     1
281
     0
  0
BLOCK_RECORD
  5
8836
330
1
100
AcDbSymbolTableRecord
100
AcDbBlockTableRecord
  2
*D100
340
0
 70
     0
280
     1
281
     0
  0
BLOCK_RECORD
  5
8842
330
1
100
AcDbSymbolTableRecord
100
AcDbBlockTableRecord
  2
*D101
340
0
 70
     0
280
     1
281
     0
  0
BLOCK_RECORD
  5
884E
330
1
100
AcDbSymbolTableRecord
100
AcDbBlockTableRecord
  2
*D102
340
0
 70
     0
280
     1
281
     0
  0
BLOCK_RECORD
  5
885A
330
1
100
AcDbSymbolTableRecord
100
AcDbBlockTableRecord
  2
*D103
340
0
 70
     0
280
     1
281
     0
  0
BLOCK_RECORD
  5
8866
330
1
100
AcDbSymbolTableRecord
100
AcDbBlockTableRecord
  2
*D104
340
0
 70
     0
280
     1
281
     0
  0
BLOCK_RECORD
  5
9455
330
1
100
AcDbSymbolTableRecord
100
AcDbBlockTableRecord
  2
*D105
340
0
 70
     0
280
     1
281
     0
  0
BLOCK_RECORD
  5
9461
330
1
100
AcDbSymbolTableRecord
100
AcDbBlockTableRecord
  2
*D106
340
0
 70
     0
280
     1
281
     0
  0
BLOCK_RECORD
  5
946D
330
1
100
AcDbSymbolTableRecord
100
AcDbBlockTableRecord
  2
*D107
340
0
 70
     0
280
     1
281
     0
  0
BLOCK_RECORD
  5
9479
330
1
100
AcDbSymbolTableRecord
100
AcDbBlockTableRecord
  2
*D108
340
0
 70
     0
280
     1
281
     0
  0
BLOCK_RECORD
  5
9485
330
1
100
AcDbSymbolTableRecord
100
AcDbBlockTableRecord
  2
*D109
340
0
 70
     0
280
     1
281
     0
  0
BLOCK_RECORD
  5
9491
330
1
100
AcDbSymbolTableRecord
100
AcDbBlockTableRecord
  2
*D110
340
0
 70
     0
280
     1
281
     0
  0
BLOCK_RECORD
  5
949D
330
1
100
AcDbSymbolTableRecord
100
AcDbBlockTableRecord
  2
*D111
340
0
 70
     0
280
     1
281
     0
  0
BLOCK_RECORD
  5
94A9
330
1
100
AcDbSymbolTableRecord
100
AcDbBlockTableRecord
  2
*D112
340
0
 70
     0
280
     1
281
     0
  0
BLOCK_RECORD
  5
94B5
330
1
100
AcDbSymbolTableRecord
100
AcDbBlockTableRecord
  2
*D113
340
0
 70
     0
280
     1
281
     0
  0
BLOCK_RECORD
  5
94C1
330
1
100
AcDbSymbolTableRecord
100
AcDbBlockTableRecord
  2
*D114
340
0
 70
     0
280
     1
281
     0
  0
BLOCK_RECORD
  5
94CD
330
1
100
AcDbSymbolTableRecord
100
AcDbBlockTableRecord
  2
*D115
340
0
 70
     0
280
     1
281
     0
  0
BLOCK_RECORD
  5
94D9
330
1
100
AcDbSymbolTableRecord
100
AcDbBlockTableRecord
  2
*D116
340
0
 70
     0
280
     1
281
     0
  0
BLOCK_RECORD
  5
94E5
330
1
100
AcDbSymbolTableRecord
100
AcDbBlockTableRecord
  2
*D117
340
0
 70
     0
280
     1
281
     0
  0
BLOCK_RECORD
  5
94F1
330
1
100
AcDbSymbolTableRecord
100
AcDbBlockTableRecord
  2
*D118
340
0
 70
     0
280
     1
281
     0
  0
BLOCK_RECORD
  5
94FD
330
1
100
AcDbSymbolTableRecord
100
AcDbBlockTableRecord
  2
*D119
340
0
 70
     0
280
     1
281
     0
  0
BLOCK_RECORD
  5
9509
330
1
100
AcDbSymbolTableRecord
100
AcDbBlockTableRecord
  2
*D120
340
0
 70
     0
280
     1
281
     0
  0
BLOCK_RECORD
  5
9515
330
1
100
AcDbSymbolTableRecord
100
AcDbBlockTableRecord
  2
*D121
340
0
 70
     0
280
     1
281
     0
  0
BLOCK_RECORD
  5
9DF0
330
1
100
AcDbSymbolTableRecord
100
AcDbBlockTableRecord
  2
*D122
340
0
 70
     0
280
     1
281
     0
  0
BLOCK_RECORD
  5
9E08
330
1
100
AcDbSymbolTableRecord
100
AcDbBlockTableRecord
  2
*D123
340
0
 70
     0
280
     1
281
     0
  0
BLOCK_RECORD
  5
9E20
330
1
100
AcDbSymbolTableRecord
100
AcDbBlockTableRecord
  2
*D124
340
0
 70
     0
280
     1
281
     0
  0
BLOCK_RECORD
  5
9E38
330
1
100
AcDbSymbolTableRecord
100
AcDbBlockTableRecord
  2
*D125
340
0
 70
     0
280
     1
281
     0
  0
BLOCK_RECORD
  5
9E50
330
1
100
AcDbSymbolTableRecord
100
AcDbBlockTableRecord
  2
*D126
340
0
 70
     0
280
     1
281
     0
  0
BLOCK_RECORD
  5
9E68
330
1
100
AcDbSymbolTableRecord
100
AcDbBlockTableRecord
  2
*D127
340
0
 70
     0
280
     1
281
     0
  0
BLOCK_RECORD
  5
9EC1
330
1
100
AcDbSymbolTableRecord
100
AcDbBlockTableRecord
  2
*D128
340
0
 70
     0
280
     1
281
     0
  0
BLOCK_RECORD
  5
9ED9
330
1
100
AcDbSymbolTableRecord
100
AcDbBlockTableRecord
  2
*D129
340
0
 70
     0
280
     1
281
     0
  0
BLOCK_RECORD
  5
9EF1
330
1
100
AcDbSymbolTableRecord
100
AcDbBlockTableRecord
  2
*D130
340
0
 70
     0
280
     1
281
     0
  0
BLOCK_RECORD
  5
9F09
330
1
100
AcDbSymbolTableRecord
100
AcDbBlockTableRecord
  2
*D131
340
0
 70
     0
280
     1
281
     0
  0
BLOCK_RECORD
  5
9F21
330
1
100
AcDbSymbolTableRecord
100
AcDbBlockTableRecord
  2
*D132
340
0
 70
     0
280
     1
281
     0
  0
BLOCK_RECORD
  5
9FAC
330
1
100
AcDbSymbolTableRecord
100
AcDbBlockTableRecord
  2
*D133
340
0
 70
     0
280
     1
281
     0
  0
BLOCK_RECORD
  5
9FC4
330
1
100
AcDbSymbolTableRecord
100
AcDbBlockTableRecord
  2
*D134
340
0
 70
     0
280
     1
281
     0
  0
BLOCK_RECORD
  5
9FEB
330
1
100
AcDbSymbolTableRecord
100
AcDbBlockTableRecord
  2
*D135
340
0
 70
     0
280
     1
281
     0
  0
BLOCK_RECORD
  5
9FF7
330
1
100
AcDbSymbolTableRecord
100
AcDbBlockTableRecord
  2
*D136
340
0
 70
     0
280
     1
281
     0
  0
BLOCK_RECORD
  5
A00A
330
1
100
AcDbSymbolTableRecord
100
AcDbBlockTableRecord
  2
*D137
340
0
 70
     0
280
     1
281
     0
  0
BLOCK_RECORD
  5
A023
330
1
100
AcDbSymbolTableRecord
100
AcDbBlockTableRecord
  2
*D138
340
0
 70
     0
280
     1
281
     0
  0
BLOCK_RECORD
  5
A04A
330
1
100
AcDbSymbolTableRecord
100
AcDbBlockTableRecord
  2
*D139
340
0
 70
     0
280
     1
281
     0
  0
BLOCK_RECORD
  5
A056
330
1
100
AcDbSymbolTableRecord
100
AcDbBlockTableRecord
  2
*D140
340
0
 70
     0
280
     1
281
     0
  0
BLOCK_RECORD
  5
A0CB
330
1
100
AcDbSymbolTableRecord
100
AcDbBlockTableRecord
  2
*D141
340
0
 70
     0
280
     1
281
     0
  0
BLOCK_RECORD
  5
A205
330
1
100
AcDbSymbolTableRecord
100
AcDbBlockTableRecord
  2
*D142
340
0
 70
     0
280
     1
281
     0
  0
BLOCK_RECORD
  5
A21D
330
1
100
AcDbSymbolTableRecord
100
AcDbBlockTableRecord
  2
*D143
340
0
 70
     0
280
     1
281
     0
  0
BLOCK_RECORD
  5
A235
330
1
100
AcDbSymbolTableRecord
100
AcDbBlockTableRecord
  2
*D144
340
0
 70
     0
280
     1
281
     0
  0
BLOCK_RECORD
  5
A24D
330
1
100
AcDbSymbolTableRecord
100
AcDbBlockTableRecord
  2
*D145
340
0
 70
     0
280
     1
281
     0
  0
BLOCK_RECORD
  5
DD6A
330
1
100
AcDbSymbolTableRecord
100
AcDbBlockTableRecord
  2
*D146
340
0
 70
     0
280
     1
281
     0
  0
BLOCK_RECORD
  5
DD76
330
1
100
AcDbSymbolTableRecord
100
AcDbBlockTableRecord
  2
*D147
340
0
 70
     0
280
     1
281
     0
  0
BLOCK_RECORD
  5
DD82
330
1
100
AcDbSymbolTableRecord
100
AcDbBlockTableRecord
  2
*D148
340
0
 70
     0
280
     1
281
     0
  0
BLOCK_RECORD
  5
DD8E
330
1
100
AcDbSymbolTableRecord
100
AcDbBlockTableRecord
  2
*D149
340
0
 70
     0
280
     1
281
     0
  0
BLOCK_RECORD
  5
DD9A
330
1
100
AcDbSymbolTableRecord
100
AcDbBlockTableRecord
  2
*D150
340
0
 70
     0
280
     1
281
     0
  0
BLOCK_RECORD
  5
DDA6
330
1
100
AcDbSymbolTableRecord
100
AcDbBlockTableRecord
  2
*D151
340
0
 70
     0
280
     1
281
     0
  0
BLOCK_RECORD
  5
DDB2
330
1
100
AcDbSymbolTableRecord
100
AcDbBlockTableRecord
  2
*D152
340
0
 70
     0
280
     1
281
     0
  0
BLOCK_RECORD
  5
DE15
330
1
100
AcDbSymbolTableRecord
100
AcDbBlockTableRecord
  2
*D153
340
0
 70
     0
280
     1
281
     0
  0
BLOCK_RECORD
  5
DE21
330
1
100
AcDbSymbolTableRecord
100
AcDbBlockTableRecord
  2
*D154
340
0
 70
     0
280
     1
281
     0
  0
BLOCK_RECORD
  5
DE2D
330
1
100
AcDbSymbolTableRecord
100
AcDbBlockTableRecord
  2
*D155
340
0
 70
     0
280
     1
281
     0
  0
BLOCK_RECORD
  5
DE39
330
1
100
AcDbSymbolTableRecord
100
AcDbBlockTableRecord
  2
*D156
340
0
 70
     0
280
     1
281
     0
  0
BLOCK_RECORD
  5
DE45
330
1
100
AcDbSymbolTableRecord
100
AcDbBlockTableRecord
  2
*D157
340
0
 70
     0
280
     1
281
     0
  0
BLOCK_RECORD
  5
DE51
330
1
100
AcDbSymbolTableRecord
100
AcDbBlockTableRecord
  2
*D158
340
0
 70
     0
280
     1
281
     0
  0
BLOCK_RECORD
  5
DE5D
330
1
100
AcDbSymbolTableRecord
100
AcDbBlockTableRecord
  2
*D159
340
0
 70
     0
280
     1
281
     0
  0
ENDTAB
  0
ENDSEC
  0
SECTION
  2
BLOCKS
  0
BLOCK
  5
71
330
70
100
AcDbEntity
  8
0
100
AcDbBlockBegin
  2
*Model_Space
 70
     0
 10
0.0
 20
0.0
 30
0.0
  3
*Model_Space
  1

  0
ENDBLK
  5
72
330
70
100
AcDbEntity
  8
0
100
AcDbBlockEnd
  0
BLOCK
  5
6D
330
6C
100
AcDbEntity
 67
     1
  8
0
100
AcDbBlockBegin
  2
*Paper_Space
 70
     0
 10
0.0
 20
0.0
 30
0.0
  3
*Paper_Space
  1

  0
ENDBLK
  5
6E
330
6C
100
AcDbEntity
 67
     1
  8
0
100
AcDbBlockEnd
  0
BLOCK
  5
75
330
74
100
AcDbEntity
 67
     1
  8
0
100
AcDbBlockBegin
  2
*Paper_Space0
 70
     0
 10
0.0
 20
0.0
 30
0.0
  3
*Paper_Space0
  1

  0
ENDBLK
  5
76
330
74
100
AcDbEntity
 67
     1
  8
0
100
AcDbBlockEnd
  0
BLOCK
  5
7D7
330
7D5
100
AcDbEntity
  8
0
100
AcDbBlockBegin
  2
Grid - M_Grid Head - Circle-24584-01 1st Floor Lvl_
 70
     0
 10
0.0
 20
0.0
 30
0.0
  3
Grid - M_Grid Head - Circle-24584-01 1st Floor Lvl_
  1

  0
CIRCLE
  5
7D6
330
7D5
100
AcDbEntity
  8
CH-GRID-MARK
100
AcDbCircle
 10
0.0
 20
0.0
 30
0.0
 40
6.000000000000006
1001
REVIT
1002
{
1070
     1
1000
353829
1002
}
1002
{
1070
     5
1000
341
1002
}
  0
ENDBLK
  5
7D8
330
7D5
100
AcDbEntity
  8
0
100
AcDbBlockEnd
  0
BLOCK
  5
81D
330
81B
100
AcDbEntity
  8
0
100
AcDbBlockBegin
  2
_Oblique
 70
     0
 10
0.0
 20
0.0
 30
0.0
  3
_Oblique
  1

  0
LINE
  5
81C
330
81B
100
AcDbEntity
  8
0
  6
ByBlock
 62
     0
370
    -2
100
AcDbLine
 10
-0.5
 20
-0.5
 30
0.0
 11
0.5
 21
0.5
 31
0.0
  0
ENDBLK
  5
81E
330
81B
100
AcDbEntity
  8
0
100
AcDbBlockEnd
  0
BLOCK
  5
184D
330
184C
100
AcDbEntity
  8
0
100
AcDbBlockBegin
  2
*D3
 70
     1
 10
0.0
 20
0.0
 30
0.0
  3
*D3
  1

  0
LINE
  5
3513
330
184C
100
AcDbEntity
  8
CH-DIM
 62
     0
440
 16777216
370
    -2
100
AcDbLine
 10
-2016.656838306524
 20
-2566.245263850026
 30
0.0
 11
-2016.656838306524
 21
-2717.311281028029
 31
0.0
  0
LINE
  5
3514
330
184C
100
AcDbEntity
  8
CH-DIM
 62
     0
440
 16777216
370
    -2
100
AcDbLine
 10
1283.343161693446
 20
-2566.245263850033
 30
0.0
 11
1283.343161693446
 21
-2717.311281028029
 31
0.0
  0
LINE
  5
3515
330
184C
100
AcDbEntity
  8
CH-DIM
 62
     0
440
 16777216
370
    -2
100
AcDbLine
 10
-2136.656838306524
 20
-2597.311281028029
 30
0.0
 11
1403.343161693447
 21
-2597.311281028029
 31
0.0
  0
INSERT
  5
3516
330
184C
100
AcDbEntity
  8
CH-DIM
 62
     0
440
 16777216
370
    -2
100
AcDbBlockReference
  2
_Oblique
 10
-2016.656838306524
 20
-2597.311281028029
 30
0.0
 41
150.0
 42
150.0
 43
150.0
 50
180.0
  0
INSERT
  5
3517
330
184C
100
AcDbEntity
  8
CH-DIM
 62
     0
440
 16777216
370
    -2
100
AcDbBlockReference
  2
_Oblique
 10
1283.343161693446
 20
-2597.311281028029
 30
0.0
 41
150.0
 42
150.0
 43
150.0
  0
MTEXT
  5
3518
330
184C
100
AcDbEntity
  8
CH-DIM
 62
     0
440
 16777216
100
AcDbMText
 10
-366.6568383065387
 20
-2445.598952260906
 30
0.0
 40
124.9999999999999
 41
496.2921737037649
 46
0.0
 71
     5
 72
     5
  1
\A1;3300
  7
JetBrains Mono
 73
     1
 44
1.0
 90
        3
 63
     9
421
 13158600
 45
1.1
441
        0
  0
POINT
  5
3519
330
184C
100
AcDbEntity
  8
Defpoints
 62
     0
440
 16777216
100
AcDbPoint
 10
-2016.656838306524
 20
-2491.245263850025
 30
0.0
  0
POINT
  5
351A
330
184C
100
AcDbEntity
  8
Defpoints
 62
     0
440
 16777216
100
AcDbPoint
 10
1283.343161693446
 20
-2491.245263850033
 30
0.0
  0
POINT
  5
351B
330
184C
100
AcDbEntity
  8
Defpoints
 62
     0
440
 16777216
100
AcDbPoint
 10
1283.343161693446
 20
-2597.311281028029
 30
0.0
  0
ENDBLK
  5
184E
330
184C
100
AcDbEntity
  8
0
100
AcDbBlockEnd
  0
BLOCK
  5
1859
330
1858
100
AcDbEntity
  8
0
100
AcDbBlockBegin
  2
*D4
 70
     1
 10
0.0
 20
0.0
 30
0.0
  3
*D4
  1

  0
LINE
  5
351C
330
1858
100
AcDbEntity
  8
CH-DIM
 62
     0
440
 16777216
370
    -2
100
AcDbLine
 10
1283.343161693446
 20
-2566.245263850033
 30
0.0
 11
1283.343161693446
 21
-2717.311281028029
 31
0.0
  0
LINE
  5
351D
330
1858
100
AcDbEntity
  8
CH-DIM
 62
     0
440
 16777216
370
    -2
100
AcDbLine
 10
6283.343161693449
 20
-2566.24526385004
 30
0.0
 11
6283.343161693449
 21
-2717.311281028029
 31
0.0
  0
LINE
  5
351E
330
1858
100
AcDbEntity
  8
CH-DIM
 62
     0
440
 16777216
370
    -2
100
AcDbLine
 10
1163.343161693447
 20
-2597.311281028029
 30
0.0
 11
6403.343161693446
 21
-2597.311281028029
 31
0.0
  0
INSERT
  5
351F
330
1858
100
AcDbEntity
  8
CH-DIM
 62
     0
440
 16777216
370
    -2
100
AcDbBlockReference
  2
_Oblique
 10
1283.343161693446
 20
-2597.311281028029
 30
0.0
 41
150.0
 42
150.0
 43
150.0
 50
180.0
  0
INSERT
  5
3520
330
1858
100
AcDbEntity
  8
CH-DIM
 62
     0
440
 16777216
370
    -2
100
AcDbBlockReference
  2
_Oblique
 10
6283.343161693449
 20
-2597.311281028029
 30
0.0
 41
150.0
 42
150.0
 43
150.0
  0
MTEXT
  5
3521
330
1858
100
AcDbEntity
  8
CH-DIM
 62
     0
440
 16777216
100
AcDbMText
 10
3783.343161693448
 20
-2445.598952260906
 30
0.0
 40
124.9999999999999
 41
496.2921737037649
 46
0.0
 71
     5
 72
     5
  1
\A1;5000
  7
JetBrains Mono
 73
     1
 44
1.0
 90
        3
 63
     9
421
 13158600
 45
1.1
441
        0
  0
POINT
  5
3522
330
1858
100
AcDbEntity
  8
Defpoints
 62
     0
440
 16777216
100
AcDbPoint
 10
1283.343161693446
 20
-2491.245263850033
 30
0.0
  0
POINT
  5
3523
330
1858
100
AcDbEntity
  8
Defpoints
 62
     0
440
 16777216
100
AcDbPoint
 10
6283.343161693449
 20
-2491.24526385004
 30
0.0
  0
POINT
  5
3524
330
1858
100
AcDbEntity
  8
Defpoints
 62
     0
440
 16777216
100
AcDbPoint
 10
6283.343161693449
 20
-2597.311281028029
 30
0.0
  0
ENDBLK
  5
185A
330
1858
100
AcDbEntity
  8
0
100
AcDbBlockEnd
  0
BLOCK
  5
1865
330
1864
100
AcDbEntity
  8
0
100
AcDbBlockBegin
  2
*D5
 70
     1
 10
0.0
 20
0.0
 30
0.0
  3
*D5
  1

  0
LINE
  5
3525
330
1864
100
AcDbEntity
  8
CH-DIM
 62
     0
440
 16777216
370
    -2
100
AcDbLine
 10
6283.343161693449
 20
-2566.24526385004
 30
0.0
 11
6283.343161693449
 21
-2717.311281028029
 31
0.0
  0
LINE
  5
3526
330
1864
100
AcDbEntity
  8
CH-DIM
 62
     0
440
 16777216
370
    -2
100
AcDbLine
 10
9283.343161693476
 20
-2566.245263850047
 30
0.0
 11
9283.343161693476
 21
-2717.311281028029
 31
0.0
  0
LINE
  5
3527
330
1864
100
AcDbEntity
  8
CH-DIM
 62
     0
440
 16777216
370
    -2
100
AcDbLine
 10
6163.343161693449
 20
-2597.311281028029
 30
0.0
 11
9403.343161693475
 21
-2597.311281028029
 31
0.0
  0
INSERT
  5
3528
330
1864
100
AcDbEntity
  8
CH-DIM
 62
     0
440
 16777216
370
    -2
100
AcDbBlockReference
  2
_Oblique
 10
6283.343161693449
 20
-2597.311281028029
 30
0.0
 41
150.0
 42
150.0
 43
150.0
 50
180.0
  0
INSERT
  5
3529
330
1864
100
AcDbEntity
  8
CH-DIM
 62
     0
440
 16777216
370
    -2
100
AcDbBlockReference
  2
_Oblique
 10
9283.343161693476
 20
-2597.311281028029
 30
0.0
 41
150.0
 42
150.0
 43
150.0
  0
MTEXT
  5
352A
330
1864
100
AcDbEntity
  8
CH-DIM
 62
     0
440
 16777216
100
AcDbMText
 10
7783.343161693462
 20
-2445.598952260906
 30
0.0
 40
124.9999999999999
 41
496.2921737037649
 46
0.0
 71
     5
 72
     5
  1
\A1;3000
  7
JetBrains Mono
 73
     1
 44
1.0
 90
        3
 63
     9
421
 13158600
 45
1.1
441
        0
  0
POINT
  5
352B
330
1864
100
AcDbEntity
  8
Defpoints
 62
     0
440
 16777216
100
AcDbPoint
 10
6283.343161693449
 20
-2491.24526385004
 30
0.0
  0
POINT
  5
352C
330
1864
100
AcDbEntity
  8
Defpoints
 62
     0
440
 16777216
100
AcDbPoint
 10
9283.343161693476
 20
-2491.245263850047
 30
0.0
  0
POINT
  5
352D
330
1864
100
AcDbEntity
  8
Defpoints
 62
     0
440
 16777216
100
AcDbPoint
 10
9283.343161693476
 20
-2597.311281028029
 30
0.0
  0
ENDBLK
  5
1866
330
1864
100
AcDbEntity
  8
0
100
AcDbBlockEnd
  0
BLOCK
  5
1871
330
1870
100
AcDbEntity
  8
0
100
AcDbBlockBegin
  2
*D6
 70
     1
 10
0.0
 20
0.0
 30
0.0
  3
*D6
  1

  0
LINE
  5
352E
330
1870
100
AcDbEntity
  8
CH-DIM
 62
     0
440
 16777216
370
    -2
100
AcDbLine
 10
9283.343161693476
 20
-2566.245263850047
 30
0.0
 11
9283.343161693476
 21
-2717.311281028029
 31
0.0
  0
LINE
  5
352F
330
1870
100
AcDbEntity
  8
CH-DIM
 62
     0
440
 16777216
370
    -2
100
AcDbLine
 10
15283.34316169349
 20
-2566.245263850055
 30
0.0
 11
15283.34316169349
 21
-2717.311281028029
 31
0.0
  0
LINE
  5
3530
330
1870
100
AcDbEntity
  8
CH-DIM
 62
     0
440
 16777216
370
    -2
100
AcDbLine
 10
9163.343161693475
 20
-2597.311281028029
 30
0.0
 11
15403.34316169349
 21
-2597.311281028029
 31
0.0
  0
INSERT
  5
3531
330
1870
100
AcDbEntity
  8
CH-DIM
 62
     0
440
 16777216
370
    -2
100
AcDbBlockReference
  2
_Oblique
 10
9283.343161693476
 20
-2597.311281028029
 30
0.0
 41
150.0
 42
150.0
 43
150.0
 50
180.0
  0
INSERT
  5
3532
330
1870
100
AcDbEntity
  8
CH-DIM
 62
     0
440
 16777216
370
    -2
100
AcDbBlockReference
  2
_Oblique
 10
15283.34316169349
 20
-2597.311281028029
 30
0.0
 41
150.0
 42
150.0
 43
150.0
  0
MTEXT
  5
3533
330
1870
100
AcDbEntity
  8
CH-DIM
 62
     0
440
 16777216
100
AcDbMText
 10
12283.34316169348
 20
-2445.598952260906
 30
0.0
 40
124.9999999999999
 41
496.2921737037649
 46
0.0
 71
     5
 72
     5
  1
\A1;6000
  7
JetBrains Mono
 73
     1
 44
1.0
 90
        3
 63
     9
421
 13158600
 45
1.1
441
        0
  0
POINT
  5
3534
330
1870
100
AcDbEntity
  8
Defpoints
 62
     0
440
 16777216
100
AcDbPoint
 10
9283.343161693476
 20
-2491.245263850047
 30
0.0
  0
POINT
  5
3535
330
1870
100
AcDbEntity
  8
Defpoints
 62
     0
440
 16777216
100
AcDbPoint
 10
15283.34316169349
 20
-2491.245263850055
 30
0.0
  0
POINT
  5
3536
330
1870
100
AcDbEntity
  8
Defpoints
 62
     0
440
 16777216
100
AcDbPoint
 10
15283.34316169349
 20
-2597.311281028029
 30
0.0
  0
ENDBLK
  5
1872
330
1870
100
AcDbEntity
  8
0
100
AcDbBlockEnd
  0
BLOCK
  5
187D
330
187C
100
AcDbEntity
  8
0
100
AcDbBlockBegin
  2
*D7
 70
     1
 10
0.0
 20
0.0
 30
0.0
  3
*D7
  1

  0
LINE
  5
3537
330
187C
100
AcDbEntity
  8
CH-DIM
 62
     0
440
 16777216
370
    -2
100
AcDbLine
 10
15283.34316169349
 20
-2566.245263850055
 30
0.0
 11
15283.34316169349
 21
-2717.311281028029
 31
0.0
  0
LINE
  5
3538
330
187C
100
AcDbEntity
  8
CH-DIM
 62
     0
440
 16777216
370
    -2
100
AcDbLine
 10
18283.34316169346
 20
-2566.245263850062
 30
0.0
 11
18283.34316169346
 21
-2717.311281028029
 31
0.0
  0
LINE
  5
3539
330
187C
100
AcDbEntity
  8
CH-DIM
 62
     0
440
 16777216
370
    -2
100
AcDbLine
 10
15163.34316169349
 20
-2597.311281028029
 30
0.0
 11
18403.34316169346
 21
-2597.311281028029
 31
0.0
  0
INSERT
  5
353A
330
187C
100
AcDbEntity
  8
CH-DIM
 62
     0
440
 16777216
370
    -2
100
AcDbBlockReference
  2
_Oblique
 10
15283.34316169349
 20
-2597.311281028029
 30
0.0
 41
150.0
 42
150.0
 43
150.0
 50
180.0
  0
INSERT
  5
353B
330
187C
100
AcDbEntity
  8
CH-DIM
 62
     0
440
 16777216
370
    -2
100
AcDbBlockReference
  2
_Oblique
 10
18283.34316169346
 20
-2597.311281028029
 30
0.0
 41
150.0
 42
150.0
 43
150.0
  0
MTEXT
  5
353C
330
187C
100
AcDbEntity
  8
CH-DIM
 62
     0
440
 16777216
100
AcDbMText
 10
16783.34316169347
 20
-2445.598952260906
 30
0.0
 40
124.9999999999999
 41
496.2921737037649
 46
0.0
 71
     5
 72
     5
  1
\A1;3000
  7
JetBrains Mono
 73
     1
 44
1.0
 90
        3
 63
     9
421
 13158600
 45
1.1
441
        0
  0
POINT
  5
353D
330
187C
100
AcDbEntity
  8
Defpoints
 62
     0
440
 16777216
100
AcDbPoint
 10
15283.34316169349
 20
-2491.245263850055
 30
0.0
  0
POINT
  5
353E
330
187C
100
AcDbEntity
  8
Defpoints
 62
     0
440
 16777216
100
AcDbPoint
 10
18283.34316169346
 20
-2491.245263850062
 30
0.0
  0
POINT
  5
353F
330
187C
100
AcDbEntity
  8
Defpoints
 62
     0
440
 16777216
100
AcDbPoint
 10
18283.34316169346
 20
-2597.311281028029
 30
0.0
  0
ENDBLK
  5
187E
330
187C
100
AcDbEntity
  8
0
100
AcDbBlockEnd
  0
BLOCK
  5
1889
330
1888
100
AcDbEntity
  8
0
100
AcDbBlockBegin
  2
*D8
 70
     1
 10
0.0
 20
0.0
 30
0.0
  3
*D8
  1

  0
LINE
  5
3540
330
1888
100
AcDbEntity
  8
CH-DIM
 62
     0
440
 16777216
370
    -2
100
AcDbLine
 10
18283.34316169346
 20
-2566.245263850062
 30
0.0
 11
18283.34316169346
 21
-2717.311281028029
 31
0.0
  0
LINE
  5
3541
330
1888
100
AcDbEntity
  8
CH-DIM
 62
     0
440
 16777216
370
    -2
100
AcDbLine
 10
23283.34316169346
 20
-2566.245263850069
 30
0.0
 11
23283.34316169346
 21
-2717.311281028029
 31
0.0
  0
LINE
  5
3542
330
1888
100
AcDbEntity
  8
CH-DIM
 62
     0
440
 16777216
370
    -2
100
AcDbLine
 10
18163.34316169346
 20
-2597.311281028029
 30
0.0
 11
23403.34316169346
 21
-2597.311281028029
 31
0.0
  0
INSERT
  5
3543
330
1888
100
AcDbEntity
  8
CH-DIM
 62
     0
440
 16777216
370
    -2
100
AcDbBlockReference
  2
_Oblique
 10
18283.34316169346
 20
-2597.311281028029
 30
0.0
 41
150.0
 42
150.0
 43
150.0
 50
180.0
  0
INSERT
  5
3544
330
1888
100
AcDbEntity
  8
CH-DIM
 62
     0
440
 16777216
370
    -2
100
AcDbBlockReference
  2
_Oblique
 10
23283.34316169346
 20
-2597.311281028029
 30
0.0
 41
150.0
 42
150.0
 43
150.0
  0
MTEXT
  5
3545
330
1888
100
AcDbEntity
  8
CH-DIM
 62
     0
440
 16777216
100
AcDbMText
 10
20783.34316169346
 20
-2445.598952260906
 30
0.0
 40
124.9999999999999
 41
496.2921737037649
 46
0.0
 71
     5
 72
     5
  1
\A1;5000
  7
JetBrains Mono
 73
     1
 44
1.0
 90
        3
 63
     9
421
 13158600
 45
1.1
441
        0
  0
POINT
  5
3546
330
1888
100
AcDbEntity
  8
Defpoints
 62
     0
440
 16777216
100
AcDbPoint
 10
18283.34316169346
 20
-2491.245263850062
 30
0.0
  0
POINT
  5
3547
330
1888
100
AcDbEntity
  8
Defpoints
 62
     0
440
 16777216
100
AcDbPoint
 10
23283.34316169346
 20
-2491.245263850069
 30
0.0
  0
POINT
  5
3548
330
1888
100
AcDbEntity
  8
Defpoints
 62
     0
440
 16777216
100
AcDbPoint
 10
23283.34316169346
 20
-2597.311281028029
 30
0.0
  0
ENDBLK
  5
188A
330
1888
100
AcDbEntity
  8
0
100
AcDbBlockEnd
  0
BLOCK
  5
1895
330
1894
100
AcDbEntity
  8
0
100
AcDbBlockBegin
  2
*D9
 70
     1
 10
0.0
 20
0.0
 30
0.0
  3
*D9
  1

  0
LINE
  5
3549
330
1894
100
AcDbEntity
  8
CH-DIM
 62
     0
440
 16777216
370
    -2
100
AcDbLine
 10
23283.34316169346
 20
-2566.245263850069
 30
0.0
 11
23283.34316169346
 21
-2717.311281028029
 31
0.0
  0
LINE
  5
354A
330
1894
100
AcDbEntity
  8
CH-DIM
 62
     0
440
 16777216
370
    -2
100
AcDbLine
 10
26583.34316169348
 20
-2566.245263850076
 30
0.0
 11
26583.34316169348
 21
-2717.311281028029
 31
0.0
  0
LINE
  5
354B
330
1894
100
AcDbEntity
  8
CH-DIM
 62
     0
440
 16777216
370
    -2
100
AcDbLine
 10
23163.34316169346
 20
-2597.311281028029
 30
0.0
 11
26703.34316169348
 21
-2597.311281028029
 31
0.0
  0
INSERT
  5
354C
330
1894
100
AcDbEntity
  8
CH-DIM
 62
     0
440
 16777216
370
    -2
100
AcDbBlockReference
  2
_Oblique
 10
23283.34316169346
 20
-2597.311281028029
 30
0.0
 41
150.0
 42
150.0
 43
150.0
 50
180.0
  0
INSERT
  5
354D
330
1894
100
AcDbEntity
  8
CH-DIM
 62
     0
440
 16777216
370
    -2
100
AcDbBlockReference
  2
_Oblique
 10
26583.34316169348
 20
-2597.311281028029
 30
0.0
 41
150.0
 42
150.0
 43
150.0
  0
MTEXT
  5
354E
330
1894
100
AcDbEntity
  8
CH-DIM
 62
     0
440
 16777216
100
AcDbMText
 10
24933.34316169347
 20
-2445.598952260906
 30
0.0
 40
124.9999999999999
 41
496.2921737037649
 46
0.0
 71
     5
 72
     5
  1
\A1;3300
  7
JetBrains Mono
 73
     1
 44
1.0
 90
        3
 63
     9
421
 13158600
 45
1.1
441
        0
  0
POINT
  5
354F
330
1894
100
AcDbEntity
  8
Defpoints
 62
     0
440
 16777216
100
AcDbPoint
 10
23283.34316169346
 20
-2491.245263850069
 30
0.0
  0
POINT
  5
3550
330
1894
100
AcDbEntity
  8
Defpoints
 62
     0
440
 16777216
100
AcDbPoint
 10
26583.34316169348
 20
-2491.245263850077
 30
0.0
  0
POINT
  5
3551
330
1894
100
AcDbEntity
  8
Defpoints
 62
     0
440
 16777216
100
AcDbPoint
 10
26583.34316169348
 20
-2597.311281028029
 30
0.0
  0
ENDBLK
  5
1896
330
1894
100
AcDbEntity
  8
0
100
AcDbBlockEnd
  0
BLOCK
  5
18A1
330
18A0
100
AcDbEntity
  8
0
100
AcDbBlockBegin
  2
*D10
 70
     1
 10
0.0
 20
0.0
 30
0.0
  3
*D10
  1

  0
LINE
  5
3552
330
18A0
100
AcDbEntity
  8
CH-DIM
 62
     0
440
 16777216
370
    -2
100
AcDbLine
 10
-4309.558149725186
 20
-299.9999999999928
 30
0.0
 11
-4158.492132547103
 21
-299.9999999999928
 31
0.0
  0
LINE
  5
3553
330
18A0
100
AcDbEntity
  8
CH-DIM
 62
     0
440
 16777216
370
    -2
100
AcDbLine
 10
-4309.558149725178
 20
3000.000000000002
 30
0.0
 11
-4158.492132547104
 21
3000.000000000002
 31
0.0
  0
LINE
  5
3554
330
18A0
100
AcDbEntity
  8
CH-DIM
 62
     0
440
 16777216
370
    -2
100
AcDbLine
 10
-4278.492132547103
 20
-419.9999999999929
 30
0.0
 11
-4278.492132547103
 21
3120.000000000001
 31
0.0
  0
INSERT
  5
3555
330
18A0
100
AcDbEntity
  8
CH-DIM
 62
     0
440
 16777216
370
    -2
100
AcDbBlockReference
  2
_Oblique
 10
-4278.492132547103
 20
-299.9999999999928
 30
0.0
 41
150.0
 42
150.0
 43
150.0
 50
270.0
  0
INSERT
  5
3556
330
18A0
100
AcDbEntity
  8
CH-DIM
 62
     0
440
 16777216
370
    -2
100
AcDbBlockReference
  2
_Oblique
 10
-4278.492132547103
 20
3000.000000000002
 30
0.0
 41
150.0
 42
150.0
 43
150.0
 50
90.0
  0
MTEXT
  5
3557
330
18A0
100
AcDbEntity
  8
CH-DIM
 62
     0
440
 16777216
100
AcDbMText
 10
-4430.204461314224
 20
1350.000000000005
 30
0.0
 40
124.9999999999999
 41
496.2921737037649
 46
0.0
 71
     5
 72
     5
  1
\A1;3300
  7
JetBrains Mono
 11
0.0000000000000001
 21
1.0
 31
0.0
 73
     1
 44
1.0
 90
        3
 63
     9
421
 13158600
 45
1.1
441
        0
  0
POINT
  5
3558
330
18A0
100
AcDbEntity
  8
Defpoints
 62
     0
440
 16777216
100
AcDbPoint
 10
-4384.558149725186
 20
-299.9999999999928
 30
0.0
  0
POINT
  5
3559
330
18A0
100
AcDbEntity
  8
Defpoints
 62
     0
440
 16777216
100
AcDbPoint
 10
-4384.558149725179
 20
3000.000000000002
 30
0.0
  0
POINT
  5
355A
330
18A0
100
AcDbEntity
  8
Defpoints
 62
     0
440
 16777216
100
AcDbPoint
 10
-4278.492132547103
 20
3000.000000000002
 30
0.0
  0
ENDBLK
  5
18A2
330
18A0
100
AcDbEntity
  8
0
100
AcDbBlockEnd
  0
BLOCK
  5
18AD
330
18AC
100
AcDbEntity
  8
0
100
AcDbBlockBegin
  2
*D11
 70
     1
 10
0.0
 20
0.0
 30
0.0
  3
*D11
  1

  0
LINE
  5
355B
330
18AC
100
AcDbEntity
  8
CH-DIM
 62
     0
440
 16777216
370
    -2
100
AcDbLine
 10
-4309.558149725178
 20
3000.000000000002
 30
0.0
 11
-4158.492132547103
 21
3000.000000000002
 31
0.0
  0
LINE
  5
355C
330
18AC
100
AcDbEntity
  8
CH-DIM
 62
     0
440
 16777216
370
    -2
100
AcDbLine
 10
-4309.558149725147
 20
8000.000000000005
 30
0.0
 11
-4158.492132547104
 21
8000.000000000005
 31
0.0
  0
LINE
  5
355D
330
18AC
100
AcDbEntity
  8
CH-DIM
 62
     0
440
 16777216
370
    -2
100
AcDbLine
 10
-4278.492132547103
 20
2880.000000000002
 30
0.0
 11
-4278.492132547103
 21
8120.000000000002
 31
0.0
  0
INSERT
  5
355E
330
18AC
100
AcDbEntity
  8
CH-DIM
 62
     0
440
 16777216
370
    -2
100
AcDbBlockReference
  2
_Oblique
 10
-4278.492132547103
 20
3000.000000000002
 30
0.0
 41
150.0
 42
150.0
 43
150.0
 50
270.0
  0
INSERT
  5
355F
330
18AC
100
AcDbEntity
  8
CH-DIM
 62
     0
440
 16777216
370
    -2
100
AcDbBlockReference
  2
_Oblique
 10
-4278.492132547103
 20
8000.000000000005
 30
0.0
 41
150.0
 42
150.0
 43
150.0
 50
90.0
  0
MTEXT
  5
3560
330
18AC
100
AcDbEntity
  8
CH-DIM
 62
     0
440
 16777216
100
AcDbMText
 10
-4430.204461314224
 20
5500.000000000003
 30
0.0
 40
124.9999999999999
 41
496.2921737037649
 46
0.0
 71
     5
 72
     5
  1
\A1;5000
  7
JetBrains Mono
 11
0.0000000000000001
 21
1.0
 31
0.0
 73
     1
 44
1.0
 90
        3
 63
     9
421
 13158600
 45
1.1
441
        0
  0
POINT
  5
3561
330
18AC
100
AcDbEntity
  8
Defpoints
 62
     0
440
 16777216
100
AcDbPoint
 10
-4384.558149725179
 20
3000.000000000002
 30
0.0
  0
POINT
  5
3562
330
18AC
100
AcDbEntity
  8
Defpoints
 62
     0
440
 16777216
100
AcDbPoint
 10
-4384.558149725148
 20
8000.000000000005
 30
0.0
  0
POINT
  5
3563
330
18AC
100
AcDbEntity
  8
Defpoints
 62
     0
440
 16777216
100
AcDbPoint
 10
-4278.492132547103
 20
8000.000000000005
 30
0.0
  0
ENDBLK
  5
18AE
330
18AC
100
AcDbEntity
  8
0
100
AcDbBlockEnd
  0
BLOCK
  5
18B9
330
18B8
100
AcDbEntity
  8
0
100
AcDbBlockBegin
  2
*D12
 70
     1
 10
0.0
 20
0.0
 30
0.0
  3
*D12
  1

  0
LINE
  5
3564
330
18B8
100
AcDbEntity
  8
CH-DIM
 62
     0
440
 16777216
370
    -2
100
AcDbLine
 10
-4309.558149725147
 20
8000.000000000005
 30
0.0
 11
-4158.492132547074
 21
8000.000000000005
 31
0.0
  0
LINE
  5
3565
330
18B8
100
AcDbEntity
  8
CH-DIM
 62
     0
440
 16777216
370
    -2
100
AcDbLine
 10
-4309.558149725147
 20
11000.0
 30
0.0
 11
-4158.492132547075
 21
11000.0
 31
0.0
  0
LINE
  5
3566
330
18B8
100
AcDbEntity
  8
CH-DIM
 62
     0
440
 16777216
370
    -2
100
AcDbLine
 10
-4278.492132547074
 20
7880.000000000004
 30
0.0
 11
-4278.492132547074
 21
11120.0
 31
0.0
  0
INSERT
  5
3567
330
18B8
100
AcDbEntity
  8
CH-DIM
 62
     0
440
 16777216
370
    -2
100
AcDbBlockReference
  2
_Oblique
 10
-4278.492132547074
 20
8000.000000000005
 30
0.0
 41
150.0
 42
150.0
 43
150.0
 50
270.0
  0
INSERT
  5
3568
330
18B8
100
AcDbEntity
  8
CH-DIM
 62
     0
440
 16777216
370
    -2
100
AcDbBlockReference
  2
_Oblique
 10
-4278.492132547074
 20
11000.0
 30
0.0
 41
150.0
 42
150.0
 43
150.0
 50
90.0
  0
MTEXT
  5
3569
330
18B8
100
AcDbEntity
  8
CH-DIM
 62
     0
440
 16777216
100
AcDbMText
 10
-4430.204461314193
 20
9500.000000000005
 30
0.0
 40
124.9999999999999
 41
496.2921737037649
 46
0.0
 71
     5
 72
     5
  1
\A1;3000
  7
JetBrains Mono
 11
0.0000000000000001
 21
1.0
 31
0.0
 73
     1
 44
1.0
 90
        3
 63
     9
421
 13158600
 45
1.1
441
        0
  0
POINT
  5
356A
330
18B8
100
AcDbEntity
  8
Defpoints
 62
     0
440
 16777216
100
AcDbPoint
 10
-4384.558149725148
 20
8000.000000000005
 30
0.0
  0
POINT
  5
356B
330
18B8
100
AcDbEntity
  8
Defpoints
 62
     0
440
 16777216
100
AcDbPoint
 10
-4384.558149725148
 20
11000.0
 30
0.0
  0
POINT
  5
356C
330
18B8
100
AcDbEntity
  8
Defpoints
 62
     0
440
 16777216
100
AcDbPoint
 10
-4278.492132547074
 20
11000.0
 30
0.0
  0
ENDBLK
  5
18BA
330
18B8
100
AcDbEntity
  8
0
100
AcDbBlockEnd
  0
BLOCK
  5
18C5
330
18C4
100
AcDbEntity
  8
0
100
AcDbBlockBegin
  2
*D13
 70
     1
 10
0.0
 20
0.0
 30
0.0
  3
*D13
  1

  0
LINE
  5
356D
330
18C4
100
AcDbEntity
  8
CH-DIM
 62
     0
440
 16777216
370
    -2
100
AcDbLine
 10
-4309.558149725147
 20
11000.0
 30
0.0
 11
-4158.492132547052
 21
11000.0
 31
0.0
  0
LINE
  5
356E
330
18C4
100
AcDbEntity
  8
CH-DIM
 62
     0
440
 16777216
370
    -2
100
AcDbLine
 10
-4309.558149725135
 20
15000.0
 30
0.0
 11
-4158.492132547053
 21
15000.0
 31
0.0
  0
LINE
  5
356F
330
18C4
100
AcDbEntity
  8
CH-DIM
 62
     0
440
 16777216
370
    -2
100
AcDbLine
 10
-4278.492132547052
 20
10880.0
 30
0.0
 11
-4278.492132547053
 21
15120.0
 31
0.0
  0
INSERT
  5
3570
330
18C4
100
AcDbEntity
  8
CH-DIM
 62
     0
440
 16777216
370
    -2
100
AcDbBlockReference
  2
_Oblique
 10
-4278.492132547052
 20
11000.0
 30
0.0
 41
150.0
 42
150.0
 43
150.0
 50
270.0
  0
INSERT
  5
3571
330
18C4
100
AcDbEntity
  8
CH-DIM
 62
     0
440
 16777216
370
    -2
100
AcDbBlockReference
  2
_Oblique
 10
-4278.492132547053
 20
15000.0
 30
0.0
 41
150.0
 42
150.0
 43
150.0
 50
90.0
  0
MTEXT
  5
3572
330
18C4
100
AcDbEntity
  8
CH-DIM
 62
     0
440
 16777216
100
AcDbMText
 10
-4430.204461314171
 20
13000.0
 30
0.0
 40
124.9999999999999
 41
496.2921737037649
 46
0.0
 71
     5
 72
     5
  1
\A1;4000
  7
JetBrains Mono
 11
0.0000000000000001
 21
1.0
 31
0.0
 73
     1
 44
1.0
 90
        3
 63
     9
421
 13158600
 45
1.1
441
        0
  0
POINT
  5
3573
330
18C4
100
AcDbEntity
  8
Defpoints
 62
     0
440
 16777216
100
AcDbPoint
 10
-4384.558149725148
 20
11000.0
 30
0.0
  0
POINT
  5
3574
330
18C4
100
AcDbEntity
  8
Defpoints
 62
     0
440
 16777216
100
AcDbPoint
 10
-4384.558149725135
 20
15000.0
 30
0.0
  0
POINT
  5
3575
330
18C4
100
AcDbEntity
  8
Defpoints
 62
     0
440
 16777216
100
AcDbPoint
 10
-4278.492132547053
 20
15000.0
 30
0.0
  0
ENDBLK
  5
18C6
330
18C4
100
AcDbEntity
  8
0
100
AcDbBlockEnd
  0
BLOCK
  5
18D1
330
18D0
100
AcDbEntity
  8
0
100
AcDbBlockBegin
  2
*D14
 70
     1
 10
0.0
 20
0.0
 30
0.0
  3
*D14
  1

  0
LINE
  5
3576
330
18D0
100
AcDbEntity
  8
CH-DIM
 62
     0
440
 16777216
370
    -2
100
AcDbLine
 10
-4309.558149725135
 20
15000.0
 30
0.0
 11
-4158.492132547053
 21
15000.0
 31
0.0
  0
LINE
  5
3577
330
18D0
100
AcDbEntity
  8
CH-DIM
 62
     0
440
 16777216
370
    -2
100
AcDbLine
 10
-4309.558149725135
 20
17999.99999999999
 30
0.0
 11
-4158.492132547053
 21
17999.99999999999
 31
0.0
  0
LINE
  5
3578
330
18D0
100
AcDbEntity
  8
CH-DIM
 62
     0
440
 16777216
370
    -2
100
AcDbLine
 10
-4278.492132547053
 20
14880.0
 30
0.0
 11
-4278.492132547053
 21
18119.99999999999
 31
0.0
  0
INSERT
  5
3579
330
18D0
100
AcDbEntity
  8
CH-DIM
 62
     0
440
 16777216
370
    -2
100
AcDbBlockReference
  2
_Oblique
 10
-4278.492132547053
 20
15000.0
 30
0.0
 41
150.0
 42
150.0
 43
150.0
 50
270.0
  0
INSERT
  5
357A
330
18D0
100
AcDbEntity
  8
CH-DIM
 62
     0
440
 16777216
370
    -2
100
AcDbBlockReference
  2
_Oblique
 10
-4278.492132547053
 20
17999.99999999999
 30
0.0
 41
150.0
 42
150.0
 43
150.0
 50
90.0
  0
MTEXT
  5
357B
330
18D0
100
AcDbEntity
  8
CH-DIM
 62
     0
440
 16777216
100
AcDbMText
 10
-4430.204461314171
 20
16499.99999999999
 30
0.0
 40
124.9999999999999
 41
496.2921737037649
 46
0.0
 71
     5
 72
     5
  1
\A1;3000
  7
JetBrains Mono
 11
0.0000000000000001
 21
1.0
 31
0.0
 73
     1
 44
1.0
 90
        3
 63
     9
421
 13158600
 45
1.1
441
        0
  0
POINT
  5
357C
330
18D0
100
AcDbEntity
  8
Defpoints
 62
     0
440
 16777216
100
AcDbPoint
 10
-4384.558149725135
 20
15000.0
 30
0.0
  0
POINT
  5
357D
330
18D0
100
AcDbEntity
  8
Defpoints
 62
     0
440
 16777216
100
AcDbPoint
 10
-4384.558149725135
 20
17999.99999999999
 30
0.0
  0
POINT
  5
357E
330
18D0
100
AcDbEntity
  8
Defpoints
 62
     0
440
 16777216
100
AcDbPoint
 10
-4278.492132547053
 20
17999.99999999999
 30
0.0
  0
ENDBLK
  5
18D2
330
18D0
100
AcDbEntity
  8
0
100
AcDbBlockEnd
  0
BLOCK
  5
18DD
330
18DC
100
AcDbEntity
  8
0
100
AcDbBlockBegin
  2
*D15
 70
     1
 10
0.0
 20
0.0
 30
0.0
  3
*D15
  1

  0
LINE
  5
357F
330
18DC
100
AcDbEntity
  8
CH-DIM
 62
     0
440
 16777216
370
    -2
100
AcDbLine
 10
-4309.558149725135
 20
17999.99999999999
 30
0.0
 11
-4158.492132547052
 21
17999.99999999999
 31
0.0
  0
LINE
  5
3580
330
18DC
100
AcDbEntity
  8
CH-DIM
 62
     0
440
 16777216
370
    -2
100
AcDbLine
 10
-4309.558149725098
 20
23000.0
 30
0.0
 11
-4158.492132547053
 21
23000.0
 31
0.0
  0
LINE
  5
3581
330
18DC
100
AcDbEntity
  8
CH-DIM
 62
     0
440
 16777216
370
    -2
100
AcDbLine
 10
-4278.49213254705
 20
17879.99999999999
 30
0.0
 11
-4278.492132547053
 21
23120.0
 31
0.0
  0
INSERT
  5
3582
330
18DC
100
AcDbEntity
  8
CH-DIM
 62
     0
440
 16777216
370
    -2
100
AcDbBlockReference
  2
_Oblique
 10
-4278.49213254705
 20
17999.99999999999
 30
0.0
 41
150.0
 42
150.0
 43
150.0
 50
270.0
  0
INSERT
  5
3583
330
18DC
100
AcDbEntity
  8
CH-DIM
 62
     0
440
 16777216
370
    -2
100
AcDbBlockReference
  2
_Oblique
 10
-4278.492132547053
 20
23000.0
 30
0.0
 41
150.0
 42
150.0
 43
150.0
 50
90.0
  0
MTEXT
  5
3584
330
18DC
100
AcDbEntity
  8
CH-DIM
 62
     0
440
 16777216
100
AcDbMText
 10
-4430.204461314168
 20
20499.99999999999
 30
0.0
 40
124.9999999999999
 41
496.2921737037649
 46
0.0
 71
     5
 72
     5
  1
\A1;5000
  7
JetBrains Mono
 11
0.0000000000000001
 21
1.0
 31
0.0
 73
     1
 44
1.0
 90
        3
 63
     9
421
 13158600
 45
1.1
441
        0
  0
POINT
  5
3585
330
18DC
100
AcDbEntity
  8
Defpoints
 62
     0
440
 16777216
100
AcDbPoint
 10
-4384.558149725135
 20
17999.99999999999
 30
0.0
  0
POINT
  5
3586
330
18DC
100
AcDbEntity
  8
Defpoints
 62
     0
440
 16777216
100
AcDbPoint
 10
-4384.558149725099
 20
23000.0
 30
0.0
  0
POINT
  5
3587
330
18DC
100
AcDbEntity
  8
Defpoints
 62
     0
440
 16777216
100
AcDbPoint
 10
-4278.492132547053
 20
23000.0
 30
0.0
  0
ENDBLK
  5
18DE
330
18DC
100
AcDbEntity
  8
0
100
AcDbBlockEnd
  0
BLOCK
  5
18E9
330
18E8
100
AcDbEntity
  8
0
100
AcDbBlockBegin
  2
*D16
 70
     1
 10
0.0
 20
0.0
 30
0.0
  3
*D16
  1

  0
LINE
  5
3588
330
18E8
100
AcDbEntity
  8
CH-DIM
 62
     0
440
 16777216
370
    -2
100
AcDbLine
 10
-4309.558149725098
 20
23000.0
 30
0.0
 11
-4158.492132547022
 21
23000.0
 31
0.0
  0
LINE
  5
3589
330
18E8
100
AcDbEntity
  8
CH-DIM
 62
     0
440
 16777216
370
    -2
100
AcDbLine
 10
-4309.558149725098
 20
26300.0
 30
0.0
 11
-4158.492132547022
 21
26300.0
 31
0.0
  0
LINE
  5
358A
330
18E8
100
AcDbEntity
  8
CH-DIM
 62
     0
440
 16777216
370
    -2
100
AcDbLine
 10
-4278.492132547024
 20
22880.0
 30
0.0
 11
-4278.492132547024
 21
26420.0
 31
0.0
  0
INSERT
  5
358B
330
18E8
100
AcDbEntity
  8
CH-DIM
 62
     0
440
 16777216
370
    -2
100
AcDbBlockReference
  2
_Oblique
 10
-4278.492132547024
 20
23000.0
 30
0.0
 41
150.0
 42
150.0
 43
150.0
 50
270.0
  0
INSERT
  5
358C
330
18E8
100
AcDbEntity
  8
CH-DIM
 62
     0
440
 16777216
370
    -2
100
AcDbBlockReference
  2
_Oblique
 10
-4278.492132547024
 20
26300.0
 30
0.0
 41
150.0
 42
150.0
 43
150.0
 50
90.0
  0
MTEXT
  5
358D
330
18E8
100
AcDbEntity
  8
CH-DIM
 62
     0
440
 16777216
100
AcDbMText
 10
-4430.204461314139
 20
24649.99999999999
 30
0.0
 40
124.9999999999999
 41
496.2921737037649
 46
0.0
 71
     5
 72
     5
  1
\A1;3300
  7
JetBrains Mono
 11
0.0000000000000001
 21
1.0
 31
0.0
 73
     1
 44
1.0
 90
        3
 63
     9
421
 13158600
 45
1.1
441
        0
  0
POINT
  5
358E
330
18E8
100
AcDbEntity
  8
Defpoints
 62
     0
440
 16777216
100
AcDbPoint
 10
-4384.558149725099
 20
23000.0
 30
0.0
  0
POINT
  5
358F
330
18E8
100
AcDbEntity
  8
Defpoints
 62
     0
440
 16777216
100
AcDbPoint
 10
-4384.558149725099
 20
26300.0
 30
0.0
  0
POINT
  5
3590
330
18E8
100
AcDbEntity
  8
Defpoints
 62
     0
440
 16777216
100
AcDbPoint
 10
-4278.492132547024
 20
26300.0
 30
0.0
  0
ENDBLK
  5
18EA
330
18E8
100
AcDbEntity
  8
0
100
AcDbBlockEnd
  0
BLOCK
  5
18F5
330
18F4
100
AcDbEntity
  8
0
100
AcDbBlockBegin
  2
*D17
 70
     1
 10
0.0
 20
0.0
 30
0.0
  3
*D17
  1

  0
LINE
  5
3591
330
18F4
100
AcDbEntity
  8
CH-DIM
 62
     0
440
 16777216
370
    -2
100
AcDbLine
 10
-4309.558149725098
 20
26300.0
 30
0.0
 11
-4158.492132547022
 21
26300.0
 31
0.0
  0
LINE
  5
3592
330
18F4
100
AcDbEntity
  8
CH-DIM
 62
     0
440
 16777216
370
    -2
100
AcDbLine
 10
-4309.558149725098
 20
27700.00000000002
 30
0.0
 11
-4158.492132547022
 21
27700.00000000002
 31
0.0
  0
LINE
  5
3593
330
18F4
100
AcDbEntity
  8
CH-DIM
 62
     0
440
 16777216
370
    -2
100
AcDbLine
 10
-4278.492132547022
 20
26180.0
 30
0.0
 11
-4278.492132547024
 21
27820.00000000002
 31
0.0
  0
INSERT
  5
3594
330
18F4
100
AcDbEntity
  8
CH-DIM
 62
     0
440
 16777216
370
    -2
100
AcDbBlockReference
  2
_Oblique
 10
-4278.492132547022
 20
26300.0
 30
0.0
 41
150.0
 42
150.0
 43
150.0
 50
270.0
  0
INSERT
  5
3595
330
18F4
100
AcDbEntity
  8
CH-DIM
 62
     0
440
 16777216
370
    -2
100
AcDbBlockReference
  2
_Oblique
 10
-4278.492132547024
 20
27700.00000000002
 30
0.0
 41
150.0
 42
150.0
 43
150.0
 50
90.0
  0
MTEXT
  5
3596
330
18F4
100
AcDbEntity
  8
CH-DIM
 62
     0
440
 16777216
100
AcDbMText
 10
-4430.204461314138
 20
27000.0
 30
0.0
 40
124.9999999999999
 41
496.2921737037649
 46
0.0
 71
     5
 72
     5
  1
\A1;1400
  7
JetBrains Mono
 11
0.0000000000000001
 21
1.0
 31
0.0
 73
     1
 44
1.0
 90
        3
 63
     9
421
 13158600
 45
1.1
441
        0
  0
POINT
  5
3597
330
18F4
100
AcDbEntity
  8
Defpoints
 62
     0
440
 16777216
100
AcDbPoint
 10
-4384.558149725099
 20
26300.0
 30
0.0
  0
POINT
  5
3598
330
18F4
100
AcDbEntity
  8
Defpoints
 62
     0
440
 16777216
100
AcDbPoint
 10
-4384.558149725099
 20
27700.00000000002
 30
0.0
  0
POINT
  5
3599
330
18F4
100
AcDbEntity
  8
Defpoints
 62
     0
440
 16777216
100
AcDbPoint
 10
-4278.492132547024
 20
27700.00000000002
 30
0.0
  0
ENDBLK
  5
18F6
330
18F4
100
AcDbEntity
  8
0
100
AcDbBlockEnd
  0
BLOCK
  5
1901
330
1900
100
AcDbEntity
  8
0
100
AcDbBlockBegin
  2
*D18
 70
     1
 10
0.0
 20
0.0
 30
0.0
  3
*D18
  1

  0
LINE
  5
359A
330
1900
100
AcDbEntity
  8
CH-DIM
 62
     0
440
 16777216
370
    -2
100
AcDbLine
 10
-3309.558149725194
 20
-300.0000000000001
 30
0.0
 11
-3158.492132547018
 21
-300.0
 31
0.0
  0
LINE
  5
359B
330
1900
100
AcDbEntity
  8
CH-DIM
 62
     0
440
 16777216
370
    -2
100
AcDbLine
 10
-3309.558149725099
 20
27700.00000000002
 30
0.0
 11
-3158.492132547024
 21
27700.00000000002
 31
0.0
  0
LINE
  5
359C
330
1900
100
AcDbEntity
  8
CH-DIM
 62
     0
440
 16777216
370
    -2
100
AcDbLine
 10
-3278.492132547018
 20
-420.0000000000001
 30
0.0
 11
-3278.492132547024
 21
27820.00000000002
 31
0.0
  0
INSERT
  5
359D
330
1900
100
AcDbEntity
  8
CH-DIM
 62
     0
440
 16777216
370
    -2
100
AcDbBlockReference
  2
_Oblique
 10
-3278.492132547018
 20
-300.0000000000001
 30
0.0
 41
150.0
 42
150.0
 43
150.0
 50
270.0
  0
INSERT
  5
359E
330
1900
100
AcDbEntity
  8
CH-DIM
 62
     0
440
 16777216
370
    -2
100
AcDbBlockReference
  2
_Oblique
 10
-3278.492132547024
 20
27700.00000000002
 30
0.0
 41
150.0
 42
150.0
 43
150.0
 50
90.0
  0
MTEXT
  5
359F
330
1900
100
AcDbEntity
  8
CH-DIM
 62
     0
440
 16777216
100
AcDbMText
 10
-3430.290077752495
 20
13700.0
 30
0.0
 40
124.9999999999999
 41
620.3652171297061
 46
0.0
 71
     5
 72
     5
  1
\A1;28000
  7
JetBrains Mono
 11
0.0000000000000001
 21
1.0
 31
0.0
 73
     1
 44
1.0
 90
        3
 63
     9
421
 13158600
 45
1.1
441
        0
  0
POINT
  5
35A0
330
1900
100
AcDbEntity
  8
Defpoints
 62
     0
440
 16777216
100
AcDbPoint
 10
-3384.558149725194
 20
-300.0000000000001
 30
0.0
  0
POINT
  5
35A1
330
1900
100
AcDbEntity
  8
Defpoints
 62
     0
440
 16777216
100
AcDbPoint
 10
-3384.558149725099
 20
27700.00000000002
 30
0.0
  0
POINT
  5
35A2
330
1900
100
AcDbEntity
  8
Defpoints
 62
     0
440
 16777216
100
AcDbPoint
 10
-3278.492132547024
 20
27700.00000000002
 30
0.0
  0
ENDBLK
  5
1902
330
1900
100
AcDbEntity
  8
0
100
AcDbBlockEnd
  0
BLOCK
  5
190D
330
190C
100
AcDbEntity
  8
0
100
AcDbBlockBegin
  2
*D19
 70
     1
 10
0.0
 20
0.0
 30
0.0
  3
*D19
  1

  0
LINE
  5
35A3
330
190C
100
AcDbEntity
  8
CH-DIM
 62
     0
440
 16777216
370
    -2
100
AcDbLine
 10
-2016.656838306524
 20
-1566.245263850003
 30
0.0
 11
-2016.656838306524
 21
-1717.311281028036
 31
0.0
  0
LINE
  5
35A4
330
190C
100
AcDbEntity
  8
CH-DIM
 62
     0
440
 16777216
370
    -2
100
AcDbLine
 10
26583.34316169348
 20
-1566.245263850047
 30
0.0
 11
26583.34316169348
 21
-1717.311281028036
 31
0.0
  0
LINE
  5
35A5
330
190C
100
AcDbEntity
  8
CH-DIM
 62
     0
440
 16777216
370
    -2
100
AcDbLine
 10
-2136.656838306524
 20
-1597.311281028036
 30
0.0
 11
26703.34316169348
 21
-1597.311281028036
 31
0.0
  0
INSERT
  5
35A6
330
190C
100
AcDbEntity
  8
CH-DIM
 62
     0
440
 16777216
370
    -2
100
AcDbBlockReference
  2
_Oblique
 10
-2016.656838306524
 20
-1597.311281028036
 30
0.0
 41
150.0
 42
150.0
 43
150.0
 50
180.0
  0
INSERT
  5
35A7
330
190C
100
AcDbEntity
  8
CH-DIM
 62
     0
440
 16777216
370
    -2
100
AcDbBlockReference
  2
_Oblique
 10
26583.34316169348
 20
-1597.311281028036
 30
0.0
 41
150.0
 42
150.0
 43
150.0
  0
MTEXT
  5
35A8
330
190C
100
AcDbEntity
  8
CH-DIM
 62
     0
440
 16777216
100
AcDbMText
 10
12283.34316169347
 20
-1445.513335822557
 30
0.0
 40
124.9999999999999
 41
620.3652171297061
 46
0.0
 71
     5
 72
     5
  1
\A1;28600
  7
JetBrains Mono
 73
     1
 44
1.0
 90
        3
 63
     9
421
 13158600
 45
1.1
441
        0
  0
POINT
  5
35A9
330
190C
100
AcDbEntity
  8
Defpoints
 62
     0
440
 16777216
100
AcDbPoint
 10
-2016.656838306524
 20
-1491.245263850003
 30
0.0
  0
POINT
  5
35AA
330
190C
100
AcDbEntity
  8
Defpoints
 62
     0
440
 16777216
100
AcDbPoint
 10
26583.34316169348
 20
-1491.245263850047
 30
0.0
  0
POINT
  5
35AB
330
190C
100
AcDbEntity
  8
Defpoints
 62
     0
440
 16777216
100
AcDbPoint
 10
26583.34316169348
 20
-1597.311281028036
 30
0.0
  0
ENDBLK
  5
190E
330
190C
100
AcDbEntity
  8
0
100
AcDbBlockEnd
  0
BLOCK
  5
5A16
330
5A15
100
AcDbEntity
  8
0
100
AcDbBlockBegin
  2
*D20
 70
     1
 10
0.0
 20
0.0
 30
0.0
  3
*D20
  1

  0
LINE
  5
AF00
330
5A15
100
AcDbEntity
  8
CH-DIM
 62
     0
440
 16777216
370
    -2
100
AcDbLine
 10
228578.9713505109
 20
-2566.245263850025
 30
0.0
 11
228578.9713505109
 21
-2717.311281028029
 31
0.0
  0
LINE
  5
AF01
330
5A15
100
AcDbEntity
  8
CH-DIM
 62
     0
440
 16777216
370
    -2
100
AcDbLine
 10
231878.9713505108
 20
-2566.245263850033
 30
0.0
 11
231878.9713505108
 21
-2717.311281028029
 31
0.0
  0
LINE
  5
AF02
330
5A15
100
AcDbEntity
  8
CH-DIM
 62
     0
440
 16777216
370
    -2
100
AcDbLine
 10
228458.9713505109
 20
-2597.311281028029
 30
0.0
 11
231998.9713505108
 21
-2597.311281028029
 31
0.0
  0
INSERT
  5
AF03
330
5A15
100
AcDbEntity
  8
CH-DIM
 62
     0
440
 16777216
370
    -2
100
AcDbBlockReference
  2
_Oblique
 10
228578.9713505109
 20
-2597.311281028029
 30
0.0
 41
150.0
 42
150.0
 43
150.0
 50
180.0
  0
INSERT
  5
AF04
330
5A15
100
AcDbEntity
  8
CH-DIM
 62
     0
440
 16777216
370
    -2
100
AcDbBlockReference
  2
_Oblique
 10
231878.9713505108
 20
-2597.311281028029
 30
0.0
 41
150.0
 42
150.0
 43
150.0
  0
MTEXT
  5
AF05
330
5A15
100
AcDbEntity
  8
CH-DIM
 62
     0
440
 16777216
100
AcDbMText
 10
230228.9713505109
 20
-2445.598952260906
 30
0.0
 40
124.9999999999999
 41
496.2921737037649
 46
0.0
 71
     5
 72
     5
  1
\A1;3300
  7
JetBrains Mono
 73
     1
 44
1.0
 90
        3
 63
     9
421
 13158600
 45
1.1
441
        0
  0
POINT
  5
AF06
330
5A15
100
AcDbEntity
  8
Defpoints
 62
     0
440
 16777216
100
AcDbPoint
 10
228578.9713505109
 20
-2491.245263850025
 30
0.0
  0
POINT
  5
AF07
330
5A15
100
AcDbEntity
  8
Defpoints
 62
     0
440
 16777216
100
AcDbPoint
 10
231878.9713505108
 20
-2491.245263850033
 30
0.0
  0
POINT
  5
AF08
330
5A15
100
AcDbEntity
  8
Defpoints
 62
     0
440
 16777216
100
AcDbPoint
 10
231878.9713505108
 20
-2597.311281028029
 30
0.0
  0
ENDBLK
  5
5A17
330
5A15
100
AcDbEntity
  8
0
100
AcDbBlockEnd
  0
BLOCK
  5
5A22
330
5A21
100
AcDbEntity
  8
0
100
AcDbBlockBegin
  2
*D21
 70
     1
 10
0.0
 20
0.0
 30
0.0
  3
*D21
  1

  0
LINE
  5
AF09
330
5A21
100
AcDbEntity
  8
CH-DIM
 62
     0
440
 16777216
370
    -2
100
AcDbLine
 10
231878.9713505108
 20
-2566.245263850033
 30
0.0
 11
231878.9713505108
 21
-2717.311281028029
 31
0.0
  0
LINE
  5
AF0A
330
5A21
100
AcDbEntity
  8
CH-DIM
 62
     0
440
 16777216
370
    -2
100
AcDbLine
 10
236878.9713505108
 20
-2566.24526385004
 30
0.0
 11
236878.9713505108
 21
-2717.311281028029
 31
0.0
  0
LINE
  5
AF0B
330
5A21
100
AcDbEntity
  8
CH-DIM
 62
     0
440
 16777216
370
    -2
100
AcDbLine
 10
231758.9713505108
 20
-2597.311281028029
 30
0.0
 11
236998.9713505108
 21
-2597.311281028029
 31
0.0
  0
INSERT
  5
AF0C
330
5A21
100
AcDbEntity
  8
CH-DIM
 62
     0
440
 16777216
370
    -2
100
AcDbBlockReference
  2
_Oblique
 10
231878.9713505108
 20
-2597.311281028029
 30
0.0
 41
150.0
 42
150.0
 43
150.0
 50
180.0
  0
INSERT
  5
AF0D
330
5A21
100
AcDbEntity
  8
CH-DIM
 62
     0
440
 16777216
370
    -2
100
AcDbBlockReference
  2
_Oblique
 10
236878.9713505108
 20
-2597.311281028029
 30
0.0
 41
150.0
 42
150.0
 43
150.0
  0
MTEXT
  5
AF0E
330
5A21
100
AcDbEntity
  8
CH-DIM
 62
     0
440
 16777216
100
AcDbMText
 10
234378.9713505108
 20
-2445.598952260906
 30
0.0
 40
124.9999999999999
 41
496.2921737037649
 46
0.0
 71
     5
 72
     5
  1
\A1;5000
  7
JetBrains Mono
 73
     1
 44
1.0
 90
        3
 63
     9
421
 13158600
 45
1.1
441
        0
  0
POINT
  5
AF0F
330
5A21
100
AcDbEntity
  8
Defpoints
 62
     0
440
 16777216
100
AcDbPoint
 10
231878.9713505108
 20
-2491.245263850033
 30
0.0
  0
POINT
  5
AF10
330
5A21
100
AcDbEntity
  8
Defpoints
 62
     0
440
 16777216
100
AcDbPoint
 10
236878.9713505108
 20
-2491.24526385004
 30
0.0
  0
POINT
  5
AF11
330
5A21
100
AcDbEntity
  8
Defpoints
 62
     0
440
 16777216
100
AcDbPoint
 10
236878.9713505108
 20
-2597.311281028029
 30
0.0
  0
ENDBLK
  5
5A23
330
5A21
100
AcDbEntity
  8
0
100
AcDbBlockEnd
  0
BLOCK
  5
5A2E
330
5A2D
100
AcDbEntity
  8
0
100
AcDbBlockBegin
  2
*D22
 70
     1
 10
0.0
 20
0.0
 30
0.0
  3
*D22
  1

  0
LINE
  5
AF12
330
5A2D
100
AcDbEntity
  8
CH-DIM
 62
     0
440
 16777216
370
    -2
100
AcDbLine
 10
236878.9713505108
 20
-2566.24526385004
 30
0.0
 11
236878.9713505108
 21
-2717.311281028029
 31
0.0
  0
LINE
  5
AF13
330
5A2D
100
AcDbEntity
  8
CH-DIM
 62
     0
440
 16777216
370
    -2
100
AcDbLine
 10
239878.9713505109
 20
-2566.245263850047
 30
0.0
 11
239878.9713505109
 21
-2717.311281028029
 31
0.0
  0
LINE
  5
AF14
330
5A2D
100
AcDbEntity
  8
CH-DIM
 62
     0
440
 16777216
370
    -2
100
AcDbLine
 10
236758.9713505108
 20
-2597.311281028029
 30
0.0
 11
239998.9713505109
 21
-2597.311281028029
 31
0.0
  0
INSERT
  5
AF15
330
5A2D
100
AcDbEntity
  8
CH-DIM
 62
     0
440
 16777216
370
    -2
100
AcDbBlockReference
  2
_Oblique
 10
236878.9713505108
 20
-2597.311281028029
 30
0.0
 41
150.0
 42
150.0
 43
150.0
 50
180.0
  0
INSERT
  5
AF16
330
5A2D
100
AcDbEntity
  8
CH-DIM
 62
     0
440
 16777216
370
    -2
100
AcDbBlockReference
  2
_Oblique
 10
239878.9713505109
 20
-2597.311281028029
 30
0.0
 41
150.0
 42
150.0
 43
150.0
  0
MTEXT
  5
AF17
330
5A2D
100
AcDbEntity
  8
CH-DIM
 62
     0
440
 16777216
100
AcDbMText
 10
238378.9713505109
 20
-2445.598952260906
 30
0.0
 40
124.9999999999999
 41
496.2921737037649
 46
0.0
 71
     5
 72
     5
  1
\A1;3000
  7
JetBrains Mono
 73
     1
 44
1.0
 90
        3
 63
     9
421
 13158600
 45
1.1
441
        0
  0
POINT
  5
AF18
330
5A2D
100
AcDbEntity
  8
Defpoints
 62
     0
440
 16777216
100
AcDbPoint
 10
236878.9713505108
 20
-2491.24526385004
 30
0.0
  0
POINT
  5
AF19
330
5A2D
100
AcDbEntity
  8
Defpoints
 62
     0
440
 16777216
100
AcDbPoint
 10
239878.9713505109
 20
-2491.245263850047
 30
0.0
  0
POINT
  5
AF1A
330
5A2D
100
AcDbEntity
  8
Defpoints
 62
     0
440
 16777216
100
AcDbPoint
 10
239878.9713505109
 20
-2597.311281028029
 30
0.0
  0
ENDBLK
  5
5A2F
330
5A2D
100
AcDbEntity
  8
0
100
AcDbBlockEnd
  0
BLOCK
  5
5A3A
330
5A39
100
AcDbEntity
  8
0
100
AcDbBlockBegin
  2
*D23
 70
     1
 10
0.0
 20
0.0
 30
0.0
  3
*D23
  1

  0
LINE
  5
AF1B
330
5A39
100
AcDbEntity
  8
CH-DIM
 62
     0
440
 16777216
370
    -2
100
AcDbLine
 10
239878.9713505109
 20
-2566.245263850047
 30
0.0
 11
239878.9713505109
 21
-2717.311281028029
 31
0.0
  0
LINE
  5
AF1C
330
5A39
100
AcDbEntity
  8
CH-DIM
 62
     0
440
 16777216
370
    -2
100
AcDbLine
 10
245878.9713505109
 20
-2566.245263850055
 30
0.0
 11
245878.9713505109
 21
-2717.311281028029
 31
0.0
  0
LINE
  5
AF1D
330
5A39
100
AcDbEntity
  8
CH-DIM
 62
     0
440
 16777216
370
    -2
100
AcDbLine
 10
239758.9713505109
 20
-2597.311281028029
 30
0.0
 11
245998.9713505109
 21
-2597.311281028029
 31
0.0
  0
INSERT
  5
AF1E
330
5A39
100
AcDbEntity
  8
CH-DIM
 62
     0
440
 16777216
370
    -2
100
AcDbBlockReference
  2
_Oblique
 10
239878.9713505109
 20
-2597.311281028029
 30
0.0
 41
150.0
 42
150.0
 43
150.0
 50
180.0
  0
INSERT
  5
AF1F
330
5A39
100
AcDbEntity
  8
CH-DIM
 62
     0
440
 16777216
370
    -2
100
AcDbBlockReference
  2
_Oblique
 10
245878.9713505109
 20
-2597.311281028029
 30
0.0
 41
150.0
 42
150.0
 43
150.0
  0
MTEXT
  5
AF20
330
5A39
100
AcDbEntity
  8
CH-DIM
 62
     0
440
 16777216
100
AcDbMText
 10
242878.9713505109
 20
-2445.598952260906
 30
0.0
 40
124.9999999999999
 41
496.2921737037649
 46
0.0
 71
     5
 72
     5
  1
\A1;6000
  7
JetBrains Mono
 73
     1
 44
1.0
 90
        3
 63
     9
421
 13158600
 45
1.1
441
        0
  0
POINT
  5
AF21
330
5A39
100
AcDbEntity
  8
Defpoints
 62
     0
440
 16777216
100
AcDbPoint
 10
239878.9713505109
 20
-2491.245263850047
 30
0.0
  0
POINT
  5
AF22
330
5A39
100
AcDbEntity
  8
Defpoints
 62
     0
440
 16777216
100
AcDbPoint
 10
245878.9713505109
 20
-2491.245263850055
 30
0.0
  0
POINT
  5
AF23
330
5A39
100
AcDbEntity
  8
Defpoints
 62
     0
440
 16777216
100
AcDbPoint
 10
245878.9713505109
 20
-2597.311281028029
 30
0.0
  0
ENDBLK
  5
5A3B
330
5A39
100
AcDbEntity
  8
0
100
AcDbBlockEnd
  0
BLOCK
  5
5A46
330
5A45
100
AcDbEntity
  8
0
100
AcDbBlockBegin
  2
*D24
 70
     1
 10
0.0
 20
0.0
 30
0.0
  3
*D24
  1

  0
LINE
  5
AF24
330
5A45
100
AcDbEntity
  8
CH-DIM
 62
     0
440
 16777216
370
    -2
100
AcDbLine
 10
245878.9713505109
 20
-2566.245263850055
 30
0.0
 11
245878.9713505109
 21
-2717.311281028029
 31
0.0
  0
LINE
  5
AF25
330
5A45
100
AcDbEntity
  8
CH-DIM
 62
     0
440
 16777216
370
    -2
100
AcDbLine
 10
248878.971350511
 20
-2566.245263850062
 30
0.0
 11
248878.971350511
 21
-2717.311281028029
 31
0.0
  0
LINE
  5
AF26
330
5A45
100
AcDbEntity
  8
CH-DIM
 62
     0
440
 16777216
370
    -2
100
AcDbLine
 10
245758.9713505109
 20
-2597.311281028029
 30
0.0
 11
248998.9713505111
 21
-2597.311281028029
 31
0.0
  0
INSERT
  5
AF27
330
5A45
100
AcDbEntity
  8
CH-DIM
 62
     0
440
 16777216
370
    -2
100
AcDbBlockReference
  2
_Oblique
 10
245878.9713505109
 20
-2597.311281028029
 30
0.0
 41
150.0
 42
150.0
 43
150.0
 50
180.0
  0
INSERT
  5
AF28
330
5A45
100
AcDbEntity
  8
CH-DIM
 62
     0
440
 16777216
370
    -2
100
AcDbBlockReference
  2
_Oblique
 10
248878.971350511
 20
-2597.311281028029
 30
0.0
 41
150.0
 42
150.0
 43
150.0
  0
MTEXT
  5
AF29
330
5A45
100
AcDbEntity
  8
CH-DIM
 62
     0
440
 16777216
100
AcDbMText
 10
247378.9713505111
 20
-2445.598952260906
 30
0.0
 40
124.9999999999999
 41
496.2921737037649
 46
0.0
 71
     5
 72
     5
  1
\A1;3000
  7
JetBrains Mono
 73
     1
 44
1.0
 90
        3
 63
     9
421
 13158600
 45
1.1
441
        0
  0
POINT
  5
AF2A
330
5A45
100
AcDbEntity
  8
Defpoints
 62
     0
440
 16777216
100
AcDbPoint
 10
245878.9713505109
 20
-2491.245263850055
 30
0.0
  0
POINT
  5
AF2B
330
5A45
100
AcDbEntity
  8
Defpoints
 62
     0
440
 16777216
100
AcDbPoint
 10
248878.971350511
 20
-2491.245263850062
 30
0.0
  0
POINT
  5
AF2C
330
5A45
100
AcDbEntity
  8
Defpoints
 62
     0
440
 16777216
100
AcDbPoint
 10
248878.971350511
 20
-2597.311281028029
 30
0.0
  0
ENDBLK
  5
5A47
330
5A45
100
AcDbEntity
  8
0
100
AcDbBlockEnd
  0
BLOCK
  5
5A52
330
5A51
100
AcDbEntity
  8
0
100
AcDbBlockBegin
  2
*D25
 70
     1
 10
0.0
 20
0.0
 30
0.0
  3
*D25
  1

  0
LINE
  5
AF2D
330
5A51
100
AcDbEntity
  8
CH-DIM
 62
     0
440
 16777216
370
    -2
100
AcDbLine
 10
248878.971350511
 20
-2566.245263850062
 30
0.0
 11
248878.971350511
 21
-2717.311281028029
 31
0.0
  0
LINE
  5
AF2E
330
5A51
100
AcDbEntity
  8
CH-DIM
 62
     0
440
 16777216
370
    -2
100
AcDbLine
 10
253878.9713505109
 20
-2566.245263850069
 30
0.0
 11
253878.9713505109
 21
-2717.311281028029
 31
0.0
  0
LINE
  5
AF2F
330
5A51
100
AcDbEntity
  8
CH-DIM
 62
     0
440
 16777216
370
    -2
100
AcDbLine
 10
248758.971350511
 20
-2597.311281028029
 30
0.0
 11
253998.9713505109
 21
-2597.311281028029
 31
0.0
  0
INSERT
  5
AF30
330
5A51
100
AcDbEntity
  8
CH-DIM
 62
     0
440
 16777216
370
    -2
100
AcDbBlockReference
  2
_Oblique
 10
248878.971350511
 20
-2597.311281028029
 30
0.0
 41
150.0
 42
150.0
 43
150.0
 50
180.0
  0
INSERT
  5
AF31
330
5A51
100
AcDbEntity
  8
CH-DIM
 62
     0
440
 16777216
370
    -2
100
AcDbBlockReference
  2
_Oblique
 10
253878.9713505109
 20
-2597.311281028029
 30
0.0
 41
150.0
 42
150.0
 43
150.0
  0
MTEXT
  5
AF32
330
5A51
100
AcDbEntity
  8
CH-DIM
 62
     0
440
 16777216
100
AcDbMText
 10
251378.971350511
 20
-2445.598952260906
 30
0.0
 40
124.9999999999999
 41
496.2921737037649
 46
0.0
 71
     5
 72
     5
  1
\A1;5000
  7
JetBrains Mono
 73
     1
 44
1.0
 90
        3
 63
     9
421
 13158600
 45
1.1
441
        0
  0
POINT
  5
AF33
330
5A51
100
AcDbEntity
  8
Defpoints
 62
     0
440
 16777216
100
AcDbPoint
 10
248878.971350511
 20
-2491.245263850062
 30
0.0
  0
POINT
  5
AF34
330
5A51
100
AcDbEntity
  8
Defpoints
 62
     0
440
 16777216
100
AcDbPoint
 10
253878.9713505109
 20
-2491.245263850069
 30
0.0
  0
POINT
  5
AF35
330
5A51
100
AcDbEntity
  8
Defpoints
 62
     0
440
 16777216
100
AcDbPoint
 10
253878.9713505109
 20
-2597.311281028029
 30
0.0
  0
ENDBLK
  5
5A53
330
5A51
100
AcDbEntity
  8
0
100
AcDbBlockEnd
  0
BLOCK
  5
5A5E
330
5A5D
100
AcDbEntity
  8
0
100
AcDbBlockBegin
  2
*D26
 70
     1
 10
0.0
 20
0.0
 30
0.0
  3
*D26
  1

  0
LINE
  5
AF36
330
5A5D
100
AcDbEntity
  8
CH-DIM
 62
     0
440
 16777216
370
    -2
100
AcDbLine
 10
253878.9713505109
 20
-2566.245263850069
 30
0.0
 11
253878.9713505109
 21
-2717.311281028029
 31
0.0
  0
LINE
  5
AF37
330
5A5D
100
AcDbEntity
  8
CH-DIM
 62
     0
440
 16777216
370
    -2
100
AcDbLine
 10
257178.9713505109
 20
-2566.245263850077
 30
0.0
 11
257178.9713505109
 21
-2717.311281028029
 31
0.0
  0
LINE
  5
AF38
330
5A5D
100
AcDbEntity
  8
CH-DIM
 62
     0
440
 16777216
370
    -2
100
AcDbLine
 10
253758.9713505109
 20
-2597.311281028029
 30
0.0
 11
257298.9713505109
 21
-2597.311281028029
 31
0.0
  0
INSERT
  5
AF39
330
5A5D
100
AcDbEntity
  8
CH-DIM
 62
     0
440
 16777216
370
    -2
100
AcDbBlockReference
  2
_Oblique
 10
253878.9713505109
 20
-2597.311281028029
 30
0.0
 41
150.0
 42
150.0
 43
150.0
 50
180.0
  0
INSERT
  5
AF3A
330
5A5D
100
AcDbEntity
  8
CH-DIM
 62
     0
440
 16777216
370
    -2
100
AcDbBlockReference
  2
_Oblique
 10
257178.9713505109
 20
-2597.311281028029
 30
0.0
 41
150.0
 42
150.0
 43
150.0
  0
MTEXT
  5
AF3B
330
5A5D
100
AcDbEntity
  8
CH-DIM
 62
     0
440
 16777216
100
AcDbMText
 10
255528.9713505109
 20
-2445.598952260906
 30
0.0
 40
124.9999999999999
 41
496.2921737037649
 46
0.0
 71
     5
 72
     5
  1
\A1;3300
  7
JetBrains Mono
 73
     1
 44
1.0
 90
        3
 63
     9
421
 13158600
 45
1.1
441
        0
  0
POINT
  5
AF3C
330
5A5D
100
AcDbEntity
  8
Defpoints
 62
     0
440
 16777216
100
AcDbPoint
 10
253878.9713505109
 20
-2491.245263850069
 30
0.0
  0
POINT
  5
AF3D
330
5A5D
100
AcDbEntity
  8
Defpoints
 62
     0
440
 16777216
100
AcDbPoint
 10
257178.9713505109
 20
-2491.245263850077
 30
0.0
  0
POINT
  5
AF3E
330
5A5D
100
AcDbEntity
  8
Defpoints
 62
     0
440
 16777216
100
AcDbPoint
 10
257178.9713505109
 20
-2597.311281028029
 30
0.0
  0
ENDBLK
  5
5A5F
330
5A5D
100
AcDbEntity
  8
0
100
AcDbBlockEnd
  0
BLOCK
  5
5A6A
330
5A69
100
AcDbEntity
  8
0
100
AcDbBlockBegin
  2
*D27
 70
     1
 10
0.0
 20
0.0
 30
0.0
  3
*D27
  1

  0
LINE
  5
AF3F
330
5A69
100
AcDbEntity
  8
CH-DIM
 62
     0
440
 16777216
370
    -2
100
AcDbLine
 10
226286.0700390923
 20
-299.9999999999928
 30
0.0
 11
226437.1360562711
 21
-299.9999999999927
 31
0.0
  0
LINE
  5
AF40
330
5A69
100
AcDbEntity
  8
CH-DIM
 62
     0
440
 16777216
370
    -2
100
AcDbLine
 10
226286.0700390923
 20
3000.000000000002
 30
0.0
 11
226437.1360562711
 21
3000.000000000002
 31
0.0
  0
LINE
  5
AF41
330
5A69
100
AcDbEntity
  8
CH-DIM
 62
     0
440
 16777216
370
    -2
100
AcDbLine
 10
226317.1360562711
 20
-419.9999999999928
 30
0.0
 11
226317.1360562711
 21
3120.000000000002
 31
0.0
  0
INSERT
  5
AF42
330
5A69
100
AcDbEntity
  8
CH-DIM
 62
     0
440
 16777216
370
    -2
100
AcDbBlockReference
  2
_Oblique
 10
226317.1360562711
 20
-299.9999999999928
 30
0.0
 41
150.0
 42
150.0
 43
150.0
 50
270.0
  0
INSERT
  5
AF43
330
5A69
100
AcDbEntity
  8
CH-DIM
 62
     0
440
 16777216
370
    -2
100
AcDbBlockReference
  2
_Oblique
 10
226317.1360562711
 20
3000.000000000002
 30
0.0
 41
150.0
 42
150.0
 43
150.0
 50
90.0
  0
MTEXT
  5
AF44
330
5A69
100
AcDbEntity
  8
CH-DIM
 62
     0
440
 16777216
100
AcDbMText
 10
226165.423727504
 20
1349.99999999994
 30
0.0
 40
124.9999999999999
 41
496.2921737037649
 46
0.0
 71
     5
 72
     5
  1
\A1;3300
  7
JetBrains Mono
 11
0.0000000000000001
 21
1.0
 31
0.0
 73
     1
 44
1.0
 90
        3
 63
     9
421
 13158600
 45
1.1
441
        0
  0
POINT
  5
AF45
330
5A69
100
AcDbEntity
  8
Defpoints
 62
     0
440
 16777216
100
AcDbPoint
 10
226211.0700390923
 20
-299.9999999999928
 30
0.0
  0
POINT
  5
AF46
330
5A69
100
AcDbEntity
  8
Defpoints
 62
     0
440
 16777216
100
AcDbPoint
 10
226211.0700390923
 20
3000.000000000002
 30
0.0
  0
POINT
  5
AF47
330
5A69
100
AcDbEntity
  8
Defpoints
 62
     0
440
 16777216
100
AcDbPoint
 10
226317.1360562711
 20
3000.000000000002
 30
0.0
  0
ENDBLK
  5
5A6B
330
5A69
100
AcDbEntity
  8
0
100
AcDbBlockEnd
  0
BLOCK
  5
5A76
330
5A75
100
AcDbEntity
  8
0
100
AcDbBlockBegin
  2
*D28
 70
     1
 10
0.0
 20
0.0
 30
0.0
  3
*D28
  1

  0
LINE
  5
AF48
330
5A75
100
AcDbEntity
  8
CH-DIM
 62
     0
440
 16777216
370
    -2
100
AcDbLine
 10
226286.0700390923
 20
3000.000000000002
 30
0.0
 11
226437.1360562711
 21
3000.000000000002
 31
0.0
  0
LINE
  5
AF49
330
5A75
100
AcDbEntity
  8
CH-DIM
 62
     0
440
 16777216
370
    -2
100
AcDbLine
 10
226286.0700390924
 20
8000.000000000005
 30
0.0
 11
226437.1360562711
 21
8000.000000000005
 31
0.0
  0
LINE
  5
AF4A
330
5A75
100
AcDbEntity
  8
CH-DIM
 62
     0
440
 16777216
370
    -2
100
AcDbLine
 10
226317.1360562711
 20
2880.000000000002
 30
0.0
 11
226317.1360562711
 21
8120.000000000002
 31
0.0
  0
INSERT
  5
AF4B
330
5A75
100
AcDbEntity
  8
CH-DIM
 62
     0
440
 16777216
370
    -2
100
AcDbBlockReference
  2
_Oblique
 10
226317.1360562711
 20
3000.000000000002
 30
0.0
 41
150.0
 42
150.0
 43
150.0
 50
270.0
  0
INSERT
  5
AF4C
330
5A75
100
AcDbEntity
  8
CH-DIM
 62
     0
440
 16777216
370
    -2
100
AcDbBlockReference
  2
_Oblique
 10
226317.1360562711
 20
8000.000000000005
 30
0.0
 41
150.0
 42
150.0
 43
150.0
 50
90.0
  0
MTEXT
  5
AF4D
330
5A75
100
AcDbEntity
  8
CH-DIM
 62
     0
440
 16777216
100
AcDbMText
 10
226165.423727504
 20
5499.999999999936
 30
0.0
 40
124.9999999999999
 41
496.2921737037649
 46
0.0
 71
     5
 72
     5
  1
\A1;5000
  7
JetBrains Mono
 11
0.0000000000000001
 21
1.0
 31
0.0
 73
     1
 44
1.0
 90
        3
 63
     9
421
 13158600
 45
1.1
441
        0
  0
POINT
  5
AF4E
330
5A75
100
AcDbEntity
  8
Defpoints
 62
     0
440
 16777216
100
AcDbPoint
 10
226211.0700390923
 20
3000.000000000002
 30
0.0
  0
POINT
  5
AF4F
330
5A75
100
AcDbEntity
  8
Defpoints
 62
     0
440
 16777216
100
AcDbPoint
 10
226211.0700390924
 20
8000.000000000005
 30
0.0
  0
POINT
  5
AF50
330
5A75
100
AcDbEntity
  8
Defpoints
 62
     0
440
 16777216
100
AcDbPoint
 10
226317.1360562711
 20
8000.000000000005
 30
0.0
  0
ENDBLK
  5
5A77
330
5A75
100
AcDbEntity
  8
0
100
AcDbBlockEnd
  0
BLOCK
  5
5A82
330
5A81
100
AcDbEntity
  8
0
100
AcDbBlockBegin
  2
*D29
 70
     1
 10
0.0
 20
0.0
 30
0.0
  3
*D29
  1

  0
LINE
  5
AF51
330
5A81
100
AcDbEntity
  8
CH-DIM
 62
     0
440
 16777216
370
    -2
100
AcDbLine
 10
226286.0700390924
 20
8000.000000000005
 30
0.0
 11
226437.1360562712
 21
8000.000000000005
 31
0.0
  0
LINE
  5
AF52
330
5A81
100
AcDbEntity
  8
CH-DIM
 62
     0
440
 16777216
370
    -2
100
AcDbLine
 10
226286.0700390924
 20
11000.0
 30
0.0
 11
226437.1360562712
 21
11000.0
 31
0.0
  0
LINE
  5
AF53
330
5A81
100
AcDbEntity
  8
CH-DIM
 62
     0
440
 16777216
370
    -2
100
AcDbLine
 10
226317.1360562712
 20
7880.000000000004
 30
0.0
 11
226317.1360562712
 21
11120.0
 31
0.0
  0
INSERT
  5
AF54
330
5A81
100
AcDbEntity
  8
CH-DIM
 62
     0
440
 16777216
370
    -2
100
AcDbBlockReference
  2
_Oblique
 10
226317.1360562712
 20
8000.000000000005
 30
0.0
 41
150.0
 42
150.0
 43
150.0
 50
270.0
  0
INSERT
  5
AF55
330
5A81
100
AcDbEntity
  8
CH-DIM
 62
     0
440
 16777216
370
    -2
100
AcDbBlockReference
  2
_Oblique
 10
226317.1360562712
 20
11000.0
 30
0.0
 41
150.0
 42
150.0
 43
150.0
 50
90.0
  0
MTEXT
  5
AF56
330
5A81
100
AcDbEntity
  8
CH-DIM
 62
     0
440
 16777216
100
AcDbMText
 10
226165.4237275041
 20
9499.999999999936
 30
0.0
 40
124.9999999999999
 41
496.2921737037649
 46
0.0
 71
     5
 72
     5
  1
\A1;3000
  7
JetBrains Mono
 11
0.0000000000000001
 21
1.0
 31
0.0
 73
     1
 44
1.0
 90
        3
 63
     9
421
 13158600
 45
1.1
441
        0
  0
POINT
  5
AF57
330
5A81
100
AcDbEntity
  8
Defpoints
 62
     0
440
 16777216
100
AcDbPoint
 10
226211.0700390924
 20
8000.000000000005
 30
0.0
  0
POINT
  5
AF58
330
5A81
100
AcDbEntity
  8
Defpoints
 62
     0
440
 16777216
100
AcDbPoint
 10
226211.0700390924
 20
11000.0
 30
0.0
  0
POINT
  5
AF59
330
5A81
100
AcDbEntity
  8
Defpoints
 62
     0
440
 16777216
100
AcDbPoint
 10
226317.1360562712
 20
11000.0
 30
0.0
  0
ENDBLK
  5
5A83
330
5A81
100
AcDbEntity
  8
0
100
AcDbBlockEnd
  0
BLOCK
  5
5A8E
330
5A8D
100
AcDbEntity
  8
0
100
AcDbBlockBegin
  2
*D30
 70
     1
 10
0.0
 20
0.0
 30
0.0
  3
*D30
  1

  0
LINE
  5
AF5A
330
5A8D
100
AcDbEntity
  8
CH-DIM
 62
     0
440
 16777216
370
    -2
100
AcDbLine
 10
226286.0700390924
 20
11000.0
 30
0.0
 11
226437.1360562712
 21
11000.0
 31
0.0
  0
LINE
  5
AF5B
330
5A8D
100
AcDbEntity
  8
CH-DIM
 62
     0
440
 16777216
370
    -2
100
AcDbLine
 10
226286.0700390924
 20
15000.0
 30
0.0
 11
226437.1360562712
 21
15000.0
 31
0.0
  0
LINE
  5
AF5C
330
5A8D
100
AcDbEntity
  8
CH-DIM
 62
     0
440
 16777216
370
    -2
100
AcDbLine
 10
226317.1360562712
 20
10880.0
 30
0.0
 11
226317.1360562712
 21
15120.0
 31
0.0
  0
INSERT
  5
AF5D
330
5A8D
100
AcDbEntity
  8
CH-DIM
 62
     0
440
 16777216
370
    -2
100
AcDbBlockReference
  2
_Oblique
 10
226317.1360562712
 20
11000.0
 30
0.0
 41
150.0
 42
150.0
 43
150.0
 50
270.0
  0
INSERT
  5
AF5E
330
5A8D
100
AcDbEntity
  8
CH-DIM
 62
     0
440
 16777216
370
    -2
100
AcDbBlockReference
  2
_Oblique
 10
226317.1360562712
 20
15000.0
 30
0.0
 41
150.0
 42
150.0
 43
150.0
 50
90.0
  0
MTEXT
  5
AF5F
330
5A8D
100
AcDbEntity
  8
CH-DIM
 62
     0
440
 16777216
100
AcDbMText
 10
226165.4237275041
 20
12999.99999999993
 30
0.0
 40
124.9999999999999
 41
496.2921737037649
 46
0.0
 71
     5
 72
     5
  1
\A1;4000
  7
JetBrains Mono
 11
0.0000000000000001
 21
1.0
 31
0.0
 73
     1
 44
1.0
 90
        3
 63
     9
421
 13158600
 45
1.1
441
        0
  0
POINT
  5
AF60
330
5A8D
100
AcDbEntity
  8
Defpoints
 62
     0
440
 16777216
100
AcDbPoint
 10
226211.0700390924
 20
11000.0
 30
0.0
  0
POINT
  5
AF61
330
5A8D
100
AcDbEntity
  8
Defpoints
 62
     0
440
 16777216
100
AcDbPoint
 10
226211.0700390924
 20
15000.0
 30
0.0
  0
POINT
  5
AF62
330
5A8D
100
AcDbEntity
  8
Defpoints
 62
     0
440
 16777216
100
AcDbPoint
 10
226317.1360562712
 20
15000.0
 30
0.0
  0
ENDBLK
  5
5A8F
330
5A8D
100
AcDbEntity
  8
0
100
AcDbBlockEnd
  0
BLOCK
  5
5A9A
330
5A99
100
AcDbEntity
  8
0
100
AcDbBlockBegin
  2
*D31
 70
     1
 10
0.0
 20
0.0
 30
0.0
  3
*D31
  1

  0
LINE
  5
AF63
330
5A99
100
AcDbEntity
  8
CH-DIM
 62
     0
440
 16777216
370
    -2
100
AcDbLine
 10
226286.0700390924
 20
15000.0
 30
0.0
 11
226437.1360562712
 21
15000.0
 31
0.0
  0
LINE
  5
AF64
330
5A99
100
AcDbEntity
  8
CH-DIM
 62
     0
440
 16777216
370
    -2
100
AcDbLine
 10
226286.0700390924
 20
17999.99999999999
 30
0.0
 11
226437.1360562712
 21
17999.99999999999
 31
0.0
  0
LINE
  5
AF65
330
5A99
100
AcDbEntity
  8
CH-DIM
 62
     0
440
 16777216
370
    -2
100
AcDbLine
 10
226317.1360562712
 20
14880.0
 30
0.0
 11
226317.1360562712
 21
18119.99999999999
 31
0.0
  0
INSERT
  5
AF66
330
5A99
100
AcDbEntity
  8
CH-DIM
 62
     0
440
 16777216
370
    -2
100
AcDbBlockReference
  2
_Oblique
 10
226317.1360562712
 20
15000.0
 30
0.0
 41
150.0
 42
150.0
 43
150.0
 50
270.0
  0
INSERT
  5
AF67
330
5A99
100
AcDbEntity
  8
CH-DIM
 62
     0
440
 16777216
370
    -2
100
AcDbBlockReference
  2
_Oblique
 10
226317.1360562712
 20
17999.99999999999
 30
0.0
 41
150.0
 42
150.0
 43
150.0
 50
90.0
  0
MTEXT
  5
AF68
330
5A99
100
AcDbEntity
  8
CH-DIM
 62
     0
440
 16777216
100
AcDbMText
 10
226165.4237275041
 20
16499.99999999992
 30
0.0
 40
124.9999999999999
 41
496.2921737037649
 46
0.0
 71
     5
 72
     5
  1
\A1;3000
  7
JetBrains Mono
 11
0.0000000000000001
 21
1.0
 31
0.0
 73
     1
 44
1.0
 90
        3
 63
     9
421
 13158600
 45
1.1
441
        0
  0
POINT
  5
AF69
330
5A99
100
AcDbEntity
  8
Defpoints
 62
     0
440
 16777216
100
AcDbPoint
 10
226211.0700390924
 20
15000.0
 30
0.0
  0
POINT
  5
AF6A
330
5A99
100
AcDbEntity
  8
Defpoints
 62
     0
440
 16777216
100
AcDbPoint
 10
226211.0700390924
 20
17999.99999999999
 30
0.0
  0
POINT
  5
AF6B
330
5A99
100
AcDbEntity
  8
Defpoints
 62
     0
440
 16777216
100
AcDbPoint
 10
226317.1360562712
 20
17999.99999999999
 30
0.0
  0
ENDBLK
  5
5A9B
330
5A99
100
AcDbEntity
  8
0
100
AcDbBlockEnd
  0
BLOCK
  5
5AA6
330
5AA5
100
AcDbEntity
  8
0
100
AcDbBlockBegin
  2
*D32
 70
     1
 10
0.0
 20
0.0
 30
0.0
  3
*D32
  1

  0
LINE
  5
AF6C
330
5AA5
100
AcDbEntity
  8
CH-DIM
 62
     0
440
 16777216
370
    -2
100
AcDbLine
 10
226286.0700390924
 20
17999.99999999999
 30
0.0
 11
226437.1360562712
 21
17999.99999999999
 31
0.0
  0
LINE
  5
AF6D
330
5AA5
100
AcDbEntity
  8
CH-DIM
 62
     0
440
 16777216
370
    -2
100
AcDbLine
 10
226286.0700390924
 20
23000.0
 30
0.0
 11
226437.1360562712
 21
23000.0
 31
0.0
  0
LINE
  5
AF6E
330
5AA5
100
AcDbEntity
  8
CH-DIM
 62
     0
440
 16777216
370
    -2
100
AcDbLine
 10
226317.1360562712
 20
17879.99999999999
 30
0.0
 11
226317.1360562712
 21
23120.0
 31
0.0
  0
INSERT
  5
AF6F
330
5AA5
100
AcDbEntity
  8
CH-DIM
 62
     0
440
 16777216
370
    -2
100
AcDbBlockReference
  2
_Oblique
 10
226317.1360562712
 20
17999.99999999999
 30
0.0
 41
150.0
 42
150.0
 43
150.0
 50
270.0
  0
INSERT
  5
AF70
330
5AA5
100
AcDbEntity
  8
CH-DIM
 62
     0
440
 16777216
370
    -2
100
AcDbBlockReference
  2
_Oblique
 10
226317.1360562712
 20
23000.0
 30
0.0
 41
150.0
 42
150.0
 43
150.0
 50
90.0
  0
MTEXT
  5
AF71
330
5AA5
100
AcDbEntity
  8
CH-DIM
 62
     0
440
 16777216
100
AcDbMText
 10
226165.4237275041
 20
20499.99999999992
 30
0.0
 40
124.9999999999999
 41
496.2921737037649
 46
0.0
 71
     5
 72
     5
  1
\A1;5000
  7
JetBrains Mono
 11
0.0000000000000001
 21
1.0
 31
0.0
 73
     1
 44
1.0
 90
        3
 63
     9
421
 13158600
 45
1.1
441
        0
  0
POINT
  5
AF72
330
5AA5
100
AcDbEntity
  8
Defpoints
 62
     0
440
 16777216
100
AcDbPoint
 10
226211.0700390924
 20
17999.99999999999
 30
0.0
  0
POINT
  5
AF73
330
5AA5
100
AcDbEntity
  8
Defpoints
 62
     0
440
 16777216
100
AcDbPoint
 10
226211.0700390924
 20
23000.0
 30
0.0
  0
POINT
  5
AF74
330
5AA5
100
AcDbEntity
  8
Defpoints
 62
     0
440
 16777216
100
AcDbPoint
 10
226317.1360562712
 20
23000.0
 30
0.0
  0
ENDBLK
  5
5AA7
330
5AA5
100
AcDbEntity
  8
0
100
AcDbBlockEnd
  0
BLOCK
  5
5AB2
330
5AB1
100
AcDbEntity
  8
0
100
AcDbBlockBegin
  2
*D33
 70
     1
 10
0.0
 20
0.0
 30
0.0
  3
*D33
  1

  0
LINE
  5
AF75
330
5AB1
100
AcDbEntity
  8
CH-DIM
 62
     0
440
 16777216
370
    -2
100
AcDbLine
 10
226286.0700390924
 20
23000.0
 30
0.0
 11
226437.1360562712
 21
23000.0
 31
0.0
  0
LINE
  5
AF76
330
5AB1
100
AcDbEntity
  8
CH-DIM
 62
     0
440
 16777216
370
    -2
100
AcDbLine
 10
226286.0700390924
 20
26300.0
 30
0.0
 11
226437.1360562712
 21
26300.0
 31
0.0
  0
LINE
  5
AF77
330
5AB1
100
AcDbEntity
  8
CH-DIM
 62
     0
440
 16777216
370
    -2
100
AcDbLine
 10
226317.1360562712
 20
22880.0
 30
0.0
 11
226317.1360562712
 21
26420.0
 31
0.0
  0
INSERT
  5
AF78
330
5AB1
100
AcDbEntity
  8
CH-DIM
 62
     0
440
 16777216
370
    -2
100
AcDbBlockReference
  2
_Oblique
 10
226317.1360562712
 20
23000.0
 30
0.0
 41
150.0
 42
150.0
 43
150.0
 50
270.0
  0
INSERT
  5
AF79
330
5AB1
100
AcDbEntity
  8
CH-DIM
 62
     0
440
 16777216
370
    -2
100
AcDbBlockReference
  2
_Oblique
 10
226317.1360562712
 20
26300.0
 30
0.0
 41
150.0
 42
150.0
 43
150.0
 50
90.0
  0
MTEXT
  5
AF7A
330
5AB1
100
AcDbEntity
  8
CH-DIM
 62
     0
440
 16777216
100
AcDbMText
 10
226165.4237275041
 20
24649.99999999993
 30
0.0
 40
124.9999999999999
 41
496.2921737037649
 46
0.0
 71
     5
 72
     5
  1
\A1;3300
  7
JetBrains Mono
 11
0.0000000000000001
 21
1.0
 31
0.0
 73
     1
 44
1.0
 90
        3
 63
     9
421
 13158600
 45
1.1
441
        0
  0
POINT
  5
AF7B
330
5AB1
100
AcDbEntity
  8
Defpoints
 62
     0
440
 16777216
100
AcDbPoint
 10
226211.0700390924
 20
23000.0
 30
0.0
  0
POINT
  5
AF7C
330
5AB1
100
AcDbEntity
  8
Defpoints
 62
     0
440
 16777216
100
AcDbPoint
 10
226211.0700390924
 20
26300.0
 30
0.0
  0
POINT
  5
AF7D
330
5AB1
100
AcDbEntity
  8
Defpoints
 62
     0
440
 16777216
100
AcDbPoint
 10
226317.1360562712
 20
26300.0
 30
0.0
  0
ENDBLK
  5
5AB3
330
5AB1
100
AcDbEntity
  8
0
100
AcDbBlockEnd
  0
BLOCK
  5
5ABE
330
5ABD
100
AcDbEntity
  8
0
100
AcDbBlockBegin
  2
*D34
 70
     1
 10
0.0
 20
0.0
 30
0.0
  3
*D34
  1

  0
LINE
  5
AF7E
330
5ABD
100
AcDbEntity
  8
CH-DIM
 62
     0
440
 16777216
370
    -2
100
AcDbLine
 10
226286.0700390924
 20
26300.0
 30
0.0
 11
226437.1360562712
 21
26300.0
 31
0.0
  0
LINE
  5
AF7F
330
5ABD
100
AcDbEntity
  8
CH-DIM
 62
     0
440
 16777216
370
    -2
100
AcDbLine
 10
226286.0700390924
 20
27700.00000000002
 30
0.0
 11
226437.1360562712
 21
27700.00000000002
 31
0.0
  0
LINE
  5
AF80
330
5ABD
100
AcDbEntity
  8
CH-DIM
 62
     0
440
 16777216
370
    -2
100
AcDbLine
 10
226317.1360562712
 20
26180.0
 30
0.0
 11
226317.1360562712
 21
27820.00000000002
 31
0.0
  0
INSERT
  5
AF81
330
5ABD
100
AcDbEntity
  8
CH-DIM
 62
     0
440
 16777216
370
    -2
100
AcDbBlockReference
  2
_Oblique
 10
226317.1360562712
 20
26300.0
 30
0.0
 41
150.0
 42
150.0
 43
150.0
 50
270.0
  0
INSERT
  5
AF82
330
5ABD
100
AcDbEntity
  8
CH-DIM
 62
     0
440
 16777216
370
    -2
100
AcDbBlockReference
  2
_Oblique
 10
226317.1360562712
 20
27700.00000000002
 30
0.0
 41
150.0
 42
150.0
 43
150.0
 50
90.0
  0
MTEXT
  5
AF83
330
5ABD
100
AcDbEntity
  8
CH-DIM
 62
     0
440
 16777216
100
AcDbMText
 10
226165.4237275041
 20
26999.99999999993
 30
0.0
 40
124.9999999999999
 41
496.2921737037649
 46
0.0
 71
     5
 72
     5
  1
\A1;1400
  7
JetBrains Mono
 11
0.0000000000000001
 21
1.0
 31
0.0
 73
     1
 44
1.0
 90
        3
 63
     9
421
 13158600
 45
1.1
441
        0
  0
POINT
  5
AF84
330
5ABD
100
AcDbEntity
  8
Defpoints
 62
     0
440
 16777216
100
AcDbPoint
 10
226211.0700390924
 20
26300.0
 30
0.0
  0
POINT
  5
AF85
330
5ABD
100
AcDbEntity
  8
Defpoints
 62
     0
440
 16777216
100
AcDbPoint
 10
226211.0700390924
 20
27700.00000000002
 30
0.0
  0
POINT
  5
AF86
330
5ABD
100
AcDbEntity
  8
Defpoints
 62
     0
440
 16777216
100
AcDbPoint
 10
226317.1360562712
 20
27700.00000000002
 30
0.0
  0
ENDBLK
  5
5ABF
330
5ABD
100
AcDbEntity
  8
0
100
AcDbBlockEnd
  0
BLOCK
  5
5ACA
330
5AC9
100
AcDbEntity
  8
0
100
AcDbBlockBegin
  2
*D35
 70
     1
 10
0.0
 20
0.0
 30
0.0
  3
*D35
  1

  0
LINE
  5
AF87
330
5AC9
100
AcDbEntity
  8
CH-DIM
 62
     0
440
 16777216
370
    -2
100
AcDbLine
 10
227286.0700390923
 20
-300.0000000000001
 30
0.0
 11
227437.1360562712
 21
-300.0000000000001
 31
0.0
  0
LINE
  5
AF88
330
5AC9
100
AcDbEntity
  8
CH-DIM
 62
     0
440
 16777216
370
    -2
100
AcDbLine
 10
227286.0700390924
 20
27700.00000000002
 30
0.0
 11
227437.1360562712
 21
27700.00000000002
 31
0.0
  0
LINE
  5
AF89
330
5AC9
100
AcDbEntity
  8
CH-DIM
 62
     0
440
 16777216
370
    -2
100
AcDbLine
 10
227317.1360562713
 20
-420.0000000000001
 30
0.0
 11
227317.1360562713
 21
27820.00000000002
 31
0.0
  0
INSERT
  5
AF8A
330
5AC9
100
AcDbEntity
  8
CH-DIM
 62
     0
440
 16777216
370
    -2
100
AcDbBlockReference
  2
_Oblique
 10
227317.1360562713
 20
-300.0000000000001
 30
0.0
 41
150.0
 42
150.0
 43
150.0
 50
270.0
  0
INSERT
  5
AF8B
330
5AC9
100
AcDbEntity
  8
CH-DIM
 62
     0
440
 16777216
370
    -2
100
AcDbBlockReference
  2
_Oblique
 10
227317.1360562713
 20
27700.00000000002
 30
0.0
 41
150.0
 42
150.0
 43
150.0
 50
90.0
  0
MTEXT
  5
AF8C
330
5AC9
100
AcDbEntity
  8
CH-DIM
 62
     0
440
 16777216
100
AcDbMText
 10
227165.3381110657
 20
13699.99999999994
 30
0.0
 40
124.9999999999999
 41
620.3652171297061
 46
0.0
 71
     5
 72
     5
  1
\A1;28000
  7
JetBrains Mono
 11
0.0000000000000001
 21
1.0
 31
0.0
 73
     1
 44
1.0
 90
        3
 63
     9
421
 13158600
 45
1.1
441
        0
  0
POINT
  5
AF8D
330
5AC9
100
AcDbEntity
  8
Defpoints
 62
     0
440
 16777216
100
AcDbPoint
 10
227211.0700390923
 20
-300.0000000000001
 30
0.0
  0
POINT
  5
AF8E
330
5AC9
100
AcDbEntity
  8
Defpoints
 62
     0
440
 16777216
100
AcDbPoint
 10
227211.0700390924
 20
27700.00000000002
 30
0.0
  0
POINT
  5
AF8F
330
5AC9
100
AcDbEntity
  8
Defpoints
 62
     0
440
 16777216
100
AcDbPoint
 10
227317.1360562713
 20
27700.00000000002
 30
0.0
  0
ENDBLK
  5
5ACB
330
5AC9
100
AcDbEntity
  8
0
100
AcDbBlockEnd
  0
BLOCK
  5
5AD6
330
5AD5
100
AcDbEntity
  8
0
100
AcDbBlockBegin
  2
*D36
 70
     1
 10
0.0
 20
0.0
 30
0.0
  3
*D36
  1

  0
LINE
  5
AF90
330
5AD5
100
AcDbEntity
  8
CH-DIM
 62
     0
440
 16777216
370
    -2
100
AcDbLine
 10
228578.9713505109
 20
-1566.245263850003
 30
0.0
 11
228578.9713505109
 21
-1717.311281028036
 31
0.0
  0
LINE
  5
AF91
330
5AD5
100
AcDbEntity
  8
CH-DIM
 62
     0
440
 16777216
370
    -2
100
AcDbLine
 10
257178.9713505109
 20
-1566.245263850047
 30
0.0
 11
257178.9713505109
 21
-1717.311281028036
 31
0.0
  0
LINE
  5
AF92
330
5AD5
100
AcDbEntity
  8
CH-DIM
 62
     0
440
 16777216
370
    -2
100
AcDbLine
 10
228458.9713505109
 20
-1597.311281028036
 30
0.0
 11
257298.9713505109
 21
-1597.311281028036
 31
0.0
  0
INSERT
  5
AF93
330
5AD5
100
AcDbEntity
  8
CH-DIM
 62
     0
440
 16777216
370
    -2
100
AcDbBlockReference
  2
_Oblique
 10
228578.9713505109
 20
-1597.311281028036
 30
0.0
 41
150.0
 42
150.0
 43
150.0
 50
180.0
  0
INSERT
  5
AF94
330
5AD5
100
AcDbEntity
  8
CH-DIM
 62
     0
440
 16777216
370
    -2
100
AcDbBlockReference
  2
_Oblique
 10
257178.9713505109
 20
-1597.311281028036
 30
0.0
 41
150.0
 42
150.0
 43
150.0
  0
MTEXT
  5
AF95
330
5AD5
100
AcDbEntity
  8
CH-DIM
 62
     0
440
 16777216
100
AcDbMText
 10
242878.9713505109
 20
-1445.513335822556
 30
0.0
 40
124.9999999999999
 41
620.3652171297061
 46
0.0
 71
     5
 72
     5
  1
\A1;28600
  7
JetBrains Mono
 73
     1
 44
1.0
 90
        3
 63
     9
421
 13158600
 45
1.1
441
        0
  0
POINT
  5
AF96
330
5AD5
100
AcDbEntity
  8
Defpoints
 62
     0
440
 16777216
100
AcDbPoint
 10
228578.9713505109
 20
-1491.245263850003
 30
0.0
  0
POINT
  5
AF97
330
5AD5
100
AcDbEntity
  8
Defpoints
 62
     0
440
 16777216
100
AcDbPoint
 10
257178.9713505109
 20
-1491.245263850047
 30
0.0
  0
POINT
  5
AF98
330
5AD5
100
AcDbEntity
  8
Defpoints
 62
     0
440
 16777216
100
AcDbPoint
 10
257178.9713505109
 20
-1597.311281028036
 30
0.0
  0
ENDBLK
  5
5AD7
330
5AD5
100
AcDbEntity
  8
0
100
AcDbBlockEnd
  0
BLOCK
  5
6103
330
6102
100
AcDbEntity
  8
0
100
AcDbBlockBegin
  2
*D37
 70
     1
 10
0.0
 20
0.0
 30
0.0
  3
*D37
  1

  0
LINE
  5
B0B0
330
6102
100
AcDbEntity
  8
CH-DIM
 62
     0
440
 16777216
370
    -2
100
AcDbLine
 10
110974.7472862585
 20
-2566.245263850024
 30
0.0
 11
110974.7472862585
 21
-2717.311281028028
 31
0.0
  0
LINE
  5
B0B1
330
6102
100
AcDbEntity
  8
CH-DIM
 62
     0
440
 16777216
370
    -2
100
AcDbLine
 10
114274.7472862584
 20
-2566.245263850033
 30
0.0
 11
114274.7472862584
 21
-2717.311281028028
 31
0.0
  0
LINE
  5
B0B2
330
6102
100
AcDbEntity
  8
CH-DIM
 62
     0
440
 16777216
370
    -2
100
AcDbLine
 10
110854.7472862585
 20
-2597.311281028028
 30
0.0
 11
114394.7472862584
 21
-2597.311281028028
 31
0.0
  0
INSERT
  5
B0B3
330
6102
100
AcDbEntity
  8
CH-DIM
 62
     0
440
 16777216
370
    -2
100
AcDbBlockReference
  2
_Oblique
 10
110974.7472862585
 20
-2597.311281028028
 30
0.0
 41
150.0
 42
150.0
 43
150.0
 50
180.0
  0
INSERT
  5
B0B4
330
6102
100
AcDbEntity
  8
CH-DIM
 62
     0
440
 16777216
370
    -2
100
AcDbBlockReference
  2
_Oblique
 10
114274.7472862584
 20
-2597.311281028028
 30
0.0
 41
150.0
 42
150.0
 43
150.0
  0
MTEXT
  5
B0B5
330
6102
100
AcDbEntity
  8
CH-DIM
 62
     0
440
 16777216
100
AcDbMText
 10
112624.7472862584
 20
-2445.598952260905
 30
0.0
 40
124.9999999999999
 41
496.2921737037649
 46
0.0
 71
     5
 72
     5
  1
\A1;3300
  7
JetBrains Mono
 73
     1
 44
1.0
 90
        3
 63
     9
421
 13158600
 45
1.1
441
        0
  0
POINT
  5
B0B6
330
6102
100
AcDbEntity
  8
Defpoints
 62
     0
440
 16777216
100
AcDbPoint
 10
110974.7472862585
 20
-2491.245263850024
 30
0.0
  0
POINT
  5
B0B7
330
6102
100
AcDbEntity
  8
Defpoints
 62
     0
440
 16777216
100
AcDbPoint
 10
114274.7472862584
 20
-2491.245263850033
 30
0.0
  0
POINT
  5
B0B8
330
6102
100
AcDbEntity
  8
Defpoints
 62
     0
440
 16777216
100
AcDbPoint
 10
114274.7472862584
 20
-2597.311281028028
 30
0.0
  0
ENDBLK
  5
6104
330
6102
100
AcDbEntity
  8
0
100
AcDbBlockEnd
  0
BLOCK
  5
610F
330
610E
100
AcDbEntity
  8
0
100
AcDbBlockBegin
  2
*D38
 70
     1
 10
0.0
 20
0.0
 30
0.0
  3
*D38
  1

  0
LINE
  5
B0B9
330
610E
100
AcDbEntity
  8
CH-DIM
 62
     0
440
 16777216
370
    -2
100
AcDbLine
 10
114274.7472862584
 20
-2566.245263850033
 30
0.0
 11
114274.7472862584
 21
-2717.311281028028
 31
0.0
  0
LINE
  5
B0BA
330
610E
100
AcDbEntity
  8
CH-DIM
 62
     0
440
 16777216
370
    -2
100
AcDbLine
 10
119274.7472862584
 20
-2566.245263850039
 30
0.0
 11
119274.7472862584
 21
-2717.311281028028
 31
0.0
  0
LINE
  5
B0BB
330
610E
100
AcDbEntity
  8
CH-DIM
 62
     0
440
 16777216
370
    -2
100
AcDbLine
 10
114154.7472862584
 20
-2597.311281028028
 30
0.0
 11
119394.7472862584
 21
-2597.311281028028
 31
0.0
  0
INSERT
  5
B0BC
330
610E
100
AcDbEntity
  8
CH-DIM
 62
     0
440
 16777216
370
    -2
100
AcDbBlockReference
  2
_Oblique
 10
114274.7472862584
 20
-2597.311281028028
 30
0.0
 41
150.0
 42
150.0
 43
150.0
 50
180.0
  0
INSERT
  5
B0BD
330
610E
100
AcDbEntity
  8
CH-DIM
 62
     0
440
 16777216
370
    -2
100
AcDbBlockReference
  2
_Oblique
 10
119274.7472862584
 20
-2597.311281028028
 30
0.0
 41
150.0
 42
150.0
 43
150.0
  0
MTEXT
  5
B0BE
330
610E
100
AcDbEntity
  8
CH-DIM
 62
     0
440
 16777216
100
AcDbMText
 10
116774.7472862584
 20
-2445.598952260905
 30
0.0
 40
124.9999999999999
 41
496.2921737037649
 46
0.0
 71
     5
 72
     5
  1
\A1;5000
  7
JetBrains Mono
 73
     1
 44
1.0
 90
        3
 63
     9
421
 13158600
 45
1.1
441
        0
  0
POINT
  5
B0BF
330
610E
100
AcDbEntity
  8
Defpoints
 62
     0
440
 16777216
100
AcDbPoint
 10
114274.7472862584
 20
-2491.245263850033
 30
0.0
  0
POINT
  5
B0C0
330
610E
100
AcDbEntity
  8
Defpoints
 62
     0
440
 16777216
100
AcDbPoint
 10
119274.7472862584
 20
-2491.245263850039
 30
0.0
  0
POINT
  5
B0C1
330
610E
100
AcDbEntity
  8
Defpoints
 62
     0
440
 16777216
100
AcDbPoint
 10
119274.7472862584
 20
-2597.311281028028
 30
0.0
  0
ENDBLK
  5
6110
330
610E
100
AcDbEntity
  8
0
100
AcDbBlockEnd
  0
BLOCK
  5
611B
330
611A
100
AcDbEntity
  8
0
100
AcDbBlockBegin
  2
*D39
 70
     1
 10
0.0
 20
0.0
 30
0.0
  3
*D39
  1

  0
LINE
  5
B0C2
330
611A
100
AcDbEntity
  8
CH-DIM
 62
     0
440
 16777216
370
    -2
100
AcDbLine
 10
119274.7472862584
 20
-2566.245263850039
 30
0.0
 11
119274.7472862584
 21
-2717.311281028028
 31
0.0
  0
LINE
  5
B0C3
330
611A
100
AcDbEntity
  8
CH-DIM
 62
     0
440
 16777216
370
    -2
100
AcDbLine
 10
122274.7472862585
 20
-2566.245263850047
 30
0.0
 11
122274.7472862585
 21
-2717.311281028028
 31
0.0
  0
LINE
  5
B0C4
330
611A
100
AcDbEntity
  8
CH-DIM
 62
     0
440
 16777216
370
    -2
100
AcDbLine
 10
119154.7472862584
 20
-2597.311281028028
 30
0.0
 11
122394.7472862585
 21
-2597.311281028028
 31
0.0
  0
INSERT
  5
B0C5
330
611A
100
AcDbEntity
  8
CH-DIM
 62
     0
440
 16777216
370
    -2
100
AcDbBlockReference
  2
_Oblique
 10
119274.7472862584
 20
-2597.311281028028
 30
0.0
 41
150.0
 42
150.0
 43
150.0
 50
180.0
  0
INSERT
  5
B0C6
330
611A
100
AcDbEntity
  8
CH-DIM
 62
     0
440
 16777216
370
    -2
100
AcDbBlockReference
  2
_Oblique
 10
122274.7472862585
 20
-2597.311281028028
 30
0.0
 41
150.0
 42
150.0
 43
150.0
  0
MTEXT
  5
B0C7
330
611A
100
AcDbEntity
  8
CH-DIM
 62
     0
440
 16777216
100
AcDbMText
 10
120774.7472862584
 20
-2445.598952260905
 30
0.0
 40
124.9999999999999
 41
496.2921737037649
 46
0.0
 71
     5
 72
     5
  1
\A1;3000
  7
JetBrains Mono
 73
     1
 44
1.0
 90
        3
 63
     9
421
 13158600
 45
1.1
441
        0
  0
POINT
  5
B0C8
330
611A
100
AcDbEntity
  8
Defpoints
 62
     0
440
 16777216
100
AcDbPoint
 10
119274.7472862584
 20
-2491.245263850039
 30
0.0
  0
POINT
  5
B0C9
330
611A
100
AcDbEntity
  8
Defpoints
 62
     0
440
 16777216
100
AcDbPoint
 10
122274.7472862585
 20
-2491.245263850047
 30
0.0
  0
POINT
  5
B0CA
330
611A
100
AcDbEntity
  8
Defpoints
 62
     0
440
 16777216
100
AcDbPoint
 10
122274.7472862585
 20
-2597.311281028028
 30
0.0
  0
ENDBLK
  5
611C
330
611A
100
AcDbEntity
  8
0
100
AcDbBlockEnd
  0
BLOCK
  5
6127
330
6126
100
AcDbEntity
  8
0
100
AcDbBlockBegin
  2
*D40
 70
     1
 10
0.0
 20
0.0
 30
0.0
  3
*D40
  1

  0
LINE
  5
B0CB
330
6126
100
AcDbEntity
  8
CH-DIM
 62
     0
440
 16777216
370
    -2
100
AcDbLine
 10
122274.7472862585
 20
-2566.245263850047
 30
0.0
 11
122274.7472862585
 21
-2717.311281028028
 31
0.0
  0
LINE
  5
B0CC
330
6126
100
AcDbEntity
  8
CH-DIM
 62
     0
440
 16777216
370
    -2
100
AcDbLine
 10
128274.7472862585
 20
-2566.245263850054
 30
0.0
 11
128274.7472862585
 21
-2717.311281028028
 31
0.0
  0
LINE
  5
B0CD
330
6126
100
AcDbEntity
  8
CH-DIM
 62
     0
440
 16777216
370
    -2
100
AcDbLine
 10
122154.7472862585
 20
-2597.311281028028
 30
0.0
 11
128394.7472862585
 21
-2597.311281028028
 31
0.0
  0
INSERT
  5
B0CE
330
6126
100
AcDbEntity
  8
CH-DIM
 62
     0
440
 16777216
370
    -2
100
AcDbBlockReference
  2
_Oblique
 10
122274.7472862585
 20
-2597.311281028028
 30
0.0
 41
150.0
 42
150.0
 43
150.0
 50
180.0
  0
INSERT
  5
B0CF
330
6126
100
AcDbEntity
  8
CH-DIM
 62
     0
440
 16777216
370
    -2
100
AcDbBlockReference
  2
_Oblique
 10
128274.7472862585
 20
-2597.311281028028
 30
0.0
 41
150.0
 42
150.0
 43
150.0
  0
MTEXT
  5
B0D0
330
6126
100
AcDbEntity
  8
CH-DIM
 62
     0
440
 16777216
100
AcDbMText
 10
125274.7472862585
 20
-2445.598952260905
 30
0.0
 40
124.9999999999999
 41
496.2921737037649
 46
0.0
 71
     5
 72
     5
  1
\A1;6000
  7
JetBrains Mono
 73
     1
 44
1.0
 90
        3
 63
     9
421
 13158600
 45
1.1
441
        0
  0
POINT
  5
B0D1
330
6126
100
AcDbEntity
  8
Defpoints
 62
     0
440
 16777216
100
AcDbPoint
 10
122274.7472862585
 20
-2491.245263850047
 30
0.0
  0
POINT
  5
B0D2
330
6126
100
AcDbEntity
  8
Defpoints
 62
     0
440
 16777216
100
AcDbPoint
 10
128274.7472862585
 20
-2491.245263850054
 30
0.0
  0
POINT
  5
B0D3
330
6126
100
AcDbEntity
  8
Defpoints
 62
     0
440
 16777216
100
AcDbPoint
 10
128274.7472862585
 20
-2597.311281028028
 30
0.0
  0
ENDBLK
  5
6128
330
6126
100
AcDbEntity
  8
0
100
AcDbBlockEnd
  0
BLOCK
  5
6133
330
6132
100
AcDbEntity
  8
0
100
AcDbBlockBegin
  2
*D41
 70
     1
 10
0.0
 20
0.0
 30
0.0
  3
*D41
  1

  0
LINE
  5
B0D4
330
6132
100
AcDbEntity
  8
CH-DIM
 62
     0
440
 16777216
370
    -2
100
AcDbLine
 10
128274.7472862585
 20
-2566.245263850054
 30
0.0
 11
128274.7472862585
 21
-2717.311281028028
 31
0.0
  0
LINE
  5
B0D5
330
6132
100
AcDbEntity
  8
CH-DIM
 62
     0
440
 16777216
370
    -2
100
AcDbLine
 10
131274.7472862585
 20
-2566.245263850061
 30
0.0
 11
131274.7472862585
 21
-2717.311281028028
 31
0.0
  0
LINE
  5
B0D6
330
6132
100
AcDbEntity
  8
CH-DIM
 62
     0
440
 16777216
370
    -2
100
AcDbLine
 10
128154.7472862585
 20
-2597.311281028028
 30
0.0
 11
131394.7472862585
 21
-2597.311281028028
 31
0.0
  0
INSERT
  5
B0D7
330
6132
100
AcDbEntity
  8
CH-DIM
 62
     0
440
 16777216
370
    -2
100
AcDbBlockReference
  2
_Oblique
 10
128274.7472862585
 20
-2597.311281028028
 30
0.0
 41
150.0
 42
150.0
 43
150.0
 50
180.0
  0
INSERT
  5
B0D8
330
6132
100
AcDbEntity
  8
CH-DIM
 62
     0
440
 16777216
370
    -2
100
AcDbBlockReference
  2
_Oblique
 10
131274.7472862585
 20
-2597.311281028028
 30
0.0
 41
150.0
 42
150.0
 43
150.0
  0
MTEXT
  5
B0D9
330
6132
100
AcDbEntity
  8
CH-DIM
 62
     0
440
 16777216
100
AcDbMText
 10
129774.7472862585
 20
-2445.598952260905
 30
0.0
 40
124.9999999999999
 41
496.2921737037649
 46
0.0
 71
     5
 72
     5
  1
\A1;3000
  7
JetBrains Mono
 73
     1
 44
1.0
 90
        3
 63
     9
421
 13158600
 45
1.1
441
        0
  0
POINT
  5
B0DA
330
6132
100
AcDbEntity
  8
Defpoints
 62
     0
440
 16777216
100
AcDbPoint
 10
128274.7472862585
 20
-2491.245263850054
 30
0.0
  0
POINT
  5
B0DB
330
6132
100
AcDbEntity
  8
Defpoints
 62
     0
440
 16777216
100
AcDbPoint
 10
131274.7472862585
 20
-2491.245263850061
 30
0.0
  0
POINT
  5
B0DC
330
6132
100
AcDbEntity
  8
Defpoints
 62
     0
440
 16777216
100
AcDbPoint
 10
131274.7472862585
 20
-2597.311281028028
 30
0.0
  0
ENDBLK
  5
6134
330
6132
100
AcDbEntity
  8
0
100
AcDbBlockEnd
  0
BLOCK
  5
613F
330
613E
100
AcDbEntity
  8
0
100
AcDbBlockBegin
  2
*D42
 70
     1
 10
0.0
 20
0.0
 30
0.0
  3
*D42
  1

  0
LINE
  5
B0DD
330
613E
100
AcDbEntity
  8
CH-DIM
 62
     0
440
 16777216
370
    -2
100
AcDbLine
 10
131274.7472862585
 20
-2566.245263850061
 30
0.0
 11
131274.7472862585
 21
-2717.311281028028
 31
0.0
  0
LINE
  5
B0DE
330
613E
100
AcDbEntity
  8
CH-DIM
 62
     0
440
 16777216
370
    -2
100
AcDbLine
 10
136274.7472862584
 20
-2566.245263850068
 30
0.0
 11
136274.7472862584
 21
-2717.311281028028
 31
0.0
  0
LINE
  5
B0DF
330
613E
100
AcDbEntity
  8
CH-DIM
 62
     0
440
 16777216
370
    -2
100
AcDbLine
 10
131154.7472862585
 20
-2597.311281028028
 30
0.0
 11
136394.7472862584
 21
-2597.311281028028
 31
0.0
  0
INSERT
  5
B0E0
330
613E
100
AcDbEntity
  8
CH-DIM
 62
     0
440
 16777216
370
    -2
100
AcDbBlockReference
  2
_Oblique
 10
131274.7472862585
 20
-2597.311281028028
 30
0.0
 41
150.0
 42
150.0
 43
150.0
 50
180.0
  0
INSERT
  5
B0E1
330
613E
100
AcDbEntity
  8
CH-DIM
 62
     0
440
 16777216
370
    -2
100
AcDbBlockReference
  2
_Oblique
 10
136274.7472862584
 20
-2597.311281028028
 30
0.0
 41
150.0
 42
150.0
 43
150.0
  0
MTEXT
  5
B0E2
330
613E
100
AcDbEntity
  8
CH-DIM
 62
     0
440
 16777216
100
AcDbMText
 10
133774.7472862584
 20
-2445.598952260905
 30
0.0
 40
124.9999999999999
 41
496.2921737037649
 46
0.0
 71
     5
 72
     5
  1
\A1;5000
  7
JetBrains Mono
 73
     1
 44
1.0
 90
        3
 63
     9
421
 13158600
 45
1.1
441
        0
  0
POINT
  5
B0E3
330
613E
100
AcDbEntity
  8
Defpoints
 62
     0
440
 16777216
100
AcDbPoint
 10
131274.7472862585
 20
-2491.245263850061
 30
0.0
  0
POINT
  5
B0E4
330
613E
100
AcDbEntity
  8
Defpoints
 62
     0
440
 16777216
100
AcDbPoint
 10
136274.7472862584
 20
-2491.245263850068
 30
0.0
  0
POINT
  5
B0E5
330
613E
100
AcDbEntity
  8
Defpoints
 62
     0
440
 16777216
100
AcDbPoint
 10
136274.7472862584
 20
-2597.311281028028
 30
0.0
  0
ENDBLK
  5
6140
330
613E
100
AcDbEntity
  8
0
100
AcDbBlockEnd
  0
BLOCK
  5
614B
330
614A
100
AcDbEntity
  8
0
100
AcDbBlockBegin
  2
*D43
 70
     1
 10
0.0
 20
0.0
 30
0.0
  3
*D43
  1

  0
LINE
  5
B0E6
330
614A
100
AcDbEntity
  8
CH-DIM
 62
     0
440
 16777216
370
    -2
100
AcDbLine
 10
136274.7472862584
 20
-2566.245263850068
 30
0.0
 11
136274.7472862584
 21
-2717.311281028028
 31
0.0
  0
LINE
  5
B0E7
330
614A
100
AcDbEntity
  8
CH-DIM
 62
     0
440
 16777216
370
    -2
100
AcDbLine
 10
139574.7472862585
 20
-2566.245263850076
 30
0.0
 11
139574.7472862585
 21
-2717.311281028028
 31
0.0
  0
LINE
  5
B0E8
330
614A
100
AcDbEntity
  8
CH-DIM
 62
     0
440
 16777216
370
    -2
100
AcDbLine
 10
136154.7472862584
 20
-2597.311281028028
 30
0.0
 11
139694.7472862585
 21
-2597.311281028028
 31
0.0
  0
INSERT
  5
B0E9
330
614A
100
AcDbEntity
  8
CH-DIM
 62
     0
440
 16777216
370
    -2
100
AcDbBlockReference
  2
_Oblique
 10
136274.7472862584
 20
-2597.311281028028
 30
0.0
 41
150.0
 42
150.0
 43
150.0
 50
180.0
  0
INSERT
  5
B0EA
330
614A
100
AcDbEntity
  8
CH-DIM
 62
     0
440
 16777216
370
    -2
100
AcDbBlockReference
  2
_Oblique
 10
139574.7472862585
 20
-2597.311281028028
 30
0.0
 41
150.0
 42
150.0
 43
150.0
  0
MTEXT
  5
B0EB
330
614A
100
AcDbEntity
  8
CH-DIM
 62
     0
440
 16777216
100
AcDbMText
 10
137924.7472862584
 20
-2445.598952260905
 30
0.0
 40
124.9999999999999
 41
496.2921737037649
 46
0.0
 71
     5
 72
     5
  1
\A1;3300
  7
JetBrains Mono
 73
     1
 44
1.0
 90
        3
 63
     9
421
 13158600
 45
1.1
441
        0
  0
POINT
  5
B0EC
330
614A
100
AcDbEntity
  8
Defpoints
 62
     0
440
 16777216
100
AcDbPoint
 10
136274.7472862584
 20
-2491.245263850068
 30
0.0
  0
POINT
  5
B0ED
330
614A
100
AcDbEntity
  8
Defpoints
 62
     0
440
 16777216
100
AcDbPoint
 10
139574.7472862585
 20
-2491.245263850076
 30
0.0
  0
POINT
  5
B0EE
330
614A
100
AcDbEntity
  8
Defpoints
 62
     0
440
 16777216
100
AcDbPoint
 10
139574.7472862585
 20
-2597.311281028028
 30
0.0
  0
ENDBLK
  5
614C
330
614A
100
AcDbEntity
  8
0
100
AcDbBlockEnd
  0
BLOCK
  5
6157
330
6156
100
AcDbEntity
  8
0
100
AcDbBlockBegin
  2
*D44
 70
     1
 10
0.0
 20
0.0
 30
0.0
  3
*D44
  1

  0
LINE
  5
B0EF
330
6156
100
AcDbEntity
  8
CH-DIM
 62
     0
440
 16777216
370
    -2
100
AcDbLine
 10
108681.8459748398
 20
-299.9999999999919
 30
0.0
 11
108832.9119920186
 21
-299.9999999999919
 31
0.0
  0
LINE
  5
B0F0
330
6156
100
AcDbEntity
  8
CH-DIM
 62
     0
440
 16777216
370
    -2
100
AcDbLine
 10
108681.8459748398
 20
3000.000000000003
 30
0.0
 11
108832.9119920186
 21
3000.000000000003
 31
0.0
  0
LINE
  5
B0F1
330
6156
100
AcDbEntity
  8
CH-DIM
 62
     0
440
 16777216
370
    -2
100
AcDbLine
 10
108712.9119920186
 20
-419.9999999999918
 30
0.0
 11
108712.9119920186
 21
3120.000000000003
 31
0.0
  0
INSERT
  5
B0F2
330
6156
100
AcDbEntity
  8
CH-DIM
 62
     0
440
 16777216
370
    -2
100
AcDbBlockReference
  2
_Oblique
 10
108712.9119920186
 20
-299.9999999999919
 30
0.0
 41
150.0
 42
150.0
 43
150.0
 50
270.0
  0
INSERT
  5
B0F3
330
6156
100
AcDbEntity
  8
CH-DIM
 62
     0
440
 16777216
370
    -2
100
AcDbBlockReference
  2
_Oblique
 10
108712.9119920186
 20
3000.000000000003
 30
0.0
 41
150.0
 42
150.0
 43
150.0
 50
90.0
  0
MTEXT
  5
B0F4
330
6156
100
AcDbEntity
  8
CH-DIM
 62
     0
440
 16777216
100
AcDbMText
 10
108561.1996632515
 20
1349.999999999974
 30
0.0
 40
124.9999999999999
 41
496.2921737037649
 46
0.0
 71
     5
 72
     5
  1
\A1;3300
  7
JetBrains Mono
 11
0.0000000000000001
 21
1.0
 31
0.0
 73
     1
 44
1.0
 90
        3
 63
     9
421
 13158600
 45
1.1
441
        0
  0
POINT
  5
B0F5
330
6156
100
AcDbEntity
  8
Defpoints
 62
     0
440
 16777216
100
AcDbPoint
 10
108606.8459748398
 20
-299.9999999999919
 30
0.0
  0
POINT
  5
B0F6
330
6156
100
AcDbEntity
  8
Defpoints
 62
     0
440
 16777216
100
AcDbPoint
 10
108606.8459748398
 20
3000.000000000003
 30
0.0
  0
POINT
  5
B0F7
330
6156
100
AcDbEntity
  8
Defpoints
 62
     0
440
 16777216
100
AcDbPoint
 10
108712.9119920186
 20
3000.000000000003
 30
0.0
  0
ENDBLK
  5
6158
330
6156
100
AcDbEntity
  8
0
100
AcDbBlockEnd
  0
BLOCK
  5
6163
330
6162
100
AcDbEntity
  8
0
100
AcDbBlockBegin
  2
*D45
 70
     1
 10
0.0
 20
0.0
 30
0.0
  3
*D45
  1

  0
LINE
  5
B0F8
330
6162
100
AcDbEntity
  8
CH-DIM
 62
     0
440
 16777216
370
    -2
100
AcDbLine
 10
108681.8459748398
 20
3000.000000000003
 30
0.0
 11
108832.9119920186
 21
3000.000000000003
 31
0.0
  0
LINE
  5
B0F9
330
6162
100
AcDbEntity
  8
CH-DIM
 62
     0
440
 16777216
370
    -2
100
AcDbLine
 10
108681.8459748399
 20
8000.000000000005
 30
0.0
 11
108832.9119920186
 21
8000.000000000005
 31
0.0
  0
LINE
  5
B0FA
330
6162
100
AcDbEntity
  8
CH-DIM
 62
     0
440
 16777216
370
    -2
100
AcDbLine
 10
108712.9119920186
 20
2880.000000000003
 30
0.0
 11
108712.9119920186
 21
8120.000000000002
 31
0.0
  0
INSERT
  5
B0FB
330
6162
100
AcDbEntity
  8
CH-DIM
 62
     0
440
 16777216
370
    -2
100
AcDbBlockReference
  2
_Oblique
 10
108712.9119920186
 20
3000.000000000003
 30
0.0
 41
150.0
 42
150.0
 43
150.0
 50
270.0
  0
INSERT
  5
B0FC
330
6162
100
AcDbEntity
  8
CH-DIM
 62
     0
440
 16777216
370
    -2
100
AcDbBlockReference
  2
_Oblique
 10
108712.9119920186
 20
8000.000000000005
 30
0.0
 41
150.0
 42
150.0
 43
150.0
 50
90.0
  0
MTEXT
  5
B0FD
330
6162
100
AcDbEntity
  8
CH-DIM
 62
     0
440
 16777216
100
AcDbMText
 10
108561.1996632515
 20
5499.999999999971
 30
0.0
 40
124.9999999999999
 41
496.2921737037649
 46
0.0
 71
     5
 72
     5
  1
\A1;5000
  7
JetBrains Mono
 11
0.0000000000000001
 21
1.0
 31
0.0
 73
     1
 44
1.0
 90
        3
 63
     9
421
 13158600
 45
1.1
441
        0
  0
POINT
  5
B0FE
330
6162
100
AcDbEntity
  8
Defpoints
 62
     0
440
 16777216
100
AcDbPoint
 10
108606.8459748398
 20
3000.000000000003
 30
0.0
  0
POINT
  5
B0FF
330
6162
100
AcDbEntity
  8
Defpoints
 62
     0
440
 16777216
100
AcDbPoint
 10
108606.84597484
 20
8000.000000000005
 30
0.0
  0
POINT
  5
B100
330
6162
100
AcDbEntity
  8
Defpoints
 62
     0
440
 16777216
100
AcDbPoint
 10
108712.9119920186
 20
8000.000000000005
 30
0.0
  0
ENDBLK
  5
6164
330
6162
100
AcDbEntity
  8
0
100
AcDbBlockEnd
  0
BLOCK
  5
616F
330
616E
100
AcDbEntity
  8
0
100
AcDbBlockBegin
  2
*D46
 70
     1
 10
0.0
 20
0.0
 30
0.0
  3
*D46
  1

  0
LINE
  5
B101
330
616E
100
AcDbEntity
  8
CH-DIM
 62
     0
440
 16777216
370
    -2
100
AcDbLine
 10
108681.8459748399
 20
8000.000000000005
 30
0.0
 11
108832.9119920187
 21
8000.000000000005
 31
0.0
  0
LINE
  5
B102
330
616E
100
AcDbEntity
  8
CH-DIM
 62
     0
440
 16777216
370
    -2
100
AcDbLine
 10
108681.8459748399
 20
11000.0
 30
0.0
 11
108832.9119920187
 21
11000.0
 31
0.0
  0
LINE
  5
B103
330
616E
100
AcDbEntity
  8
CH-DIM
 62
     0
440
 16777216
370
    -2
100
AcDbLine
 10
108712.9119920187
 20
7880.000000000006
 30
0.0
 11
108712.9119920187
 21
11120.0
 31
0.0
  0
INSERT
  5
B104
330
616E
100
AcDbEntity
  8
CH-DIM
 62
     0
440
 16777216
370
    -2
100
AcDbBlockReference
  2
_Oblique
 10
108712.9119920187
 20
8000.000000000005
 30
0.0
 41
150.0
 42
150.0
 43
150.0
 50
270.0
  0
INSERT
  5
B105
330
616E
100
AcDbEntity
  8
CH-DIM
 62
     0
440
 16777216
370
    -2
100
AcDbBlockReference
  2
_Oblique
 10
108712.9119920187
 20
11000.0
 30
0.0
 41
150.0
 42
150.0
 43
150.0
 50
90.0
  0
MTEXT
  5
B106
330
616E
100
AcDbEntity
  8
CH-DIM
 62
     0
440
 16777216
100
AcDbMText
 10
108561.1996632515
 20
9499.999999999973
 30
0.0
 40
124.9999999999999
 41
496.2921737037649
 46
0.0
 71
     5
 72
     5
  1
\A1;3000
  7
JetBrains Mono
 11
0.0000000000000001
 21
1.0
 31
0.0
 73
     1
 44
1.0
 90
        3
 63
     9
421
 13158600
 45
1.1
441
        0
  0
POINT
  5
B107
330
616E
100
AcDbEntity
  8
Defpoints
 62
     0
440
 16777216
100
AcDbPoint
 10
108606.84597484
 20
8000.000000000005
 30
0.0
  0
POINT
  5
B108
330
616E
100
AcDbEntity
  8
Defpoints
 62
     0
440
 16777216
100
AcDbPoint
 10
108606.84597484
 20
11000.0
 30
0.0
  0
POINT
  5
B109
330
616E
100
AcDbEntity
  8
Defpoints
 62
     0
440
 16777216
100
AcDbPoint
 10
108712.9119920187
 20
11000.0
 30
0.0
  0
ENDBLK
  5
6170
330
616E
100
AcDbEntity
  8
0
100
AcDbBlockEnd
  0
BLOCK
  5
617B
330
617A
100
AcDbEntity
  8
0
100
AcDbBlockBegin
  2
*D47
 70
     1
 10
0.0
 20
0.0
 30
0.0
  3
*D47
  1

  0
LINE
  5
B10A
330
617A
100
AcDbEntity
  8
CH-DIM
 62
     0
440
 16777216
370
    -2
100
AcDbLine
 10
108681.8459748399
 20
11000.0
 30
0.0
 11
108832.9119920187
 21
11000.0
 31
0.0
  0
LINE
  5
B10B
330
617A
100
AcDbEntity
  8
CH-DIM
 62
     0
440
 16777216
370
    -2
100
AcDbLine
 10
108681.8459748399
 20
15000.0
 30
0.0
 11
108832.9119920187
 21
15000.0
 31
0.0
  0
LINE
  5
B10C
330
617A
100
AcDbEntity
  8
CH-DIM
 62
     0
440
 16777216
370
    -2
100
AcDbLine
 10
108712.9119920187
 20
10880.0
 30
0.0
 11
108712.9119920187
 21
15120.0
 31
0.0
  0
INSERT
  5
B10D
330
617A
100
AcDbEntity
  8
CH-DIM
 62
     0
440
 16777216
370
    -2
100
AcDbBlockReference
  2
_Oblique
 10
108712.9119920187
 20
11000.0
 30
0.0
 41
150.0
 42
150.0
 43
150.0
 50
270.0
  0
INSERT
  5
B10E
330
617A
100
AcDbEntity
  8
CH-DIM
 62
     0
440
 16777216
370
    -2
100
AcDbBlockReference
  2
_Oblique
 10
108712.9119920187
 20
15000.0
 30
0.0
 41
150.0
 42
150.0
 43
150.0
 50
90.0
  0
MTEXT
  5
B10F
330
617A
100
AcDbEntity
  8
CH-DIM
 62
     0
440
 16777216
100
AcDbMText
 10
108561.1996632515
 20
12999.99999999996
 30
0.0
 40
124.9999999999999
 41
496.2921737037649
 46
0.0
 71
     5
 72
     5
  1
\A1;4000
  7
JetBrains Mono
 11
0.0000000000000001
 21
1.0
 31
0.0
 73
     1
 44
1.0
 90
        3
 63
     9
421
 13158600
 45
1.1
441
        0
  0
POINT
  5
B110
330
617A
100
AcDbEntity
  8
Defpoints
 62
     0
440
 16777216
100
AcDbPoint
 10
108606.84597484
 20
11000.0
 30
0.0
  0
POINT
  5
B111
330
617A
100
AcDbEntity
  8
Defpoints
 62
     0
440
 16777216
100
AcDbPoint
 10
108606.84597484
 20
15000.0
 30
0.0
  0
POINT
  5
B112
330
617A
100
AcDbEntity
  8
Defpoints
 62
     0
440
 16777216
100
AcDbPoint
 10
108712.9119920187
 20
15000.0
 30
0.0
  0
ENDBLK
  5
617C
330
617A
100
AcDbEntity
  8
0
100
AcDbBlockEnd
  0
BLOCK
  5
6187
330
6186
100
AcDbEntity
  8
0
100
AcDbBlockBegin
  2
*D48
 70
     1
 10
0.0
 20
0.0
 30
0.0
  3
*D48
  1

  0
LINE
  5
B113
330
6186
100
AcDbEntity
  8
CH-DIM
 62
     0
440
 16777216
370
    -2
100
AcDbLine
 10
108681.8459748399
 20
15000.0
 30
0.0
 11
108832.9119920187
 21
15000.0
 31
0.0
  0
LINE
  5
B114
330
6186
100
AcDbEntity
  8
CH-DIM
 62
     0
440
 16777216
370
    -2
100
AcDbLine
 10
108681.8459748399
 20
17999.99999999999
 30
0.0
 11
108832.9119920187
 21
17999.99999999999
 31
0.0
  0
LINE
  5
B115
330
6186
100
AcDbEntity
  8
CH-DIM
 62
     0
440
 16777216
370
    -2
100
AcDbLine
 10
108712.9119920187
 20
14880.0
 30
0.0
 11
108712.9119920187
 21
18119.99999999999
 31
0.0
  0
INSERT
  5
B116
330
6186
100
AcDbEntity
  8
CH-DIM
 62
     0
440
 16777216
370
    -2
100
AcDbBlockReference
  2
_Oblique
 10
108712.9119920187
 20
15000.0
 30
0.0
 41
150.0
 42
150.0
 43
150.0
 50
270.0
  0
INSERT
  5
B117
330
6186
100
AcDbEntity
  8
CH-DIM
 62
     0
440
 16777216
370
    -2
100
AcDbBlockReference
  2
_Oblique
 10
108712.9119920187
 20
17999.99999999999
 30
0.0
 41
150.0
 42
150.0
 43
150.0
 50
90.0
  0
MTEXT
  5
B118
330
6186
100
AcDbEntity
  8
CH-DIM
 62
     0
440
 16777216
100
AcDbMText
 10
108561.1996632515
 20
16499.99999999995
 30
0.0
 40
124.9999999999999
 41
496.2921737037649
 46
0.0
 71
     5
 72
     5
  1
\A1;3000
  7
JetBrains Mono
 11
0.0000000000000001
 21
1.0
 31
0.0
 73
     1
 44
1.0
 90
        3
 63
     9
421
 13158600
 45
1.1
441
        0
  0
POINT
  5
B119
330
6186
100
AcDbEntity
  8
Defpoints
 62
     0
440
 16777216
100
AcDbPoint
 10
108606.84597484
 20
15000.0
 30
0.0
  0
POINT
  5
B11A
330
6186
100
AcDbEntity
  8
Defpoints
 62
     0
440
 16777216
100
AcDbPoint
 10
108606.84597484
 20
17999.99999999999
 30
0.0
  0
POINT
  5
B11B
330
6186
100
AcDbEntity
  8
Defpoints
 62
     0
440
 16777216
100
AcDbPoint
 10
108712.9119920187
 20
17999.99999999999
 30
0.0
  0
ENDBLK
  5
6188
330
6186
100
AcDbEntity
  8
0
100
AcDbBlockEnd
  0
BLOCK
  5
6193
330
6192
100
AcDbEntity
  8
0
100
AcDbBlockBegin
  2
*D49
 70
     1
 10
0.0
 20
0.0
 30
0.0
  3
*D49
  1

  0
LINE
  5
B11C
330
6192
100
AcDbEntity
  8
CH-DIM
 62
     0
440
 16777216
370
    -2
100
AcDbLine
 10
108681.8459748399
 20
17999.99999999999
 30
0.0
 11
108832.9119920187
 21
17999.99999999999
 31
0.0
  0
LINE
  5
B11D
330
6192
100
AcDbEntity
  8
CH-DIM
 62
     0
440
 16777216
370
    -2
100
AcDbLine
 10
108681.8459748399
 20
23000.0
 30
0.0
 11
108832.9119920187
 21
23000.0
 31
0.0
  0
LINE
  5
B11E
330
6192
100
AcDbEntity
  8
CH-DIM
 62
     0
440
 16777216
370
    -2
100
AcDbLine
 10
108712.9119920187
 20
17879.99999999999
 30
0.0
 11
108712.9119920187
 21
23120.0
 31
0.0
  0
INSERT
  5
B11F
330
6192
100
AcDbEntity
  8
CH-DIM
 62
     0
440
 16777216
370
    -2
100
AcDbBlockReference
  2
_Oblique
 10
108712.9119920187
 20
17999.99999999999
 30
0.0
 41
150.0
 42
150.0
 43
150.0
 50
270.0
  0
INSERT
  5
B120
330
6192
100
AcDbEntity
  8
CH-DIM
 62
     0
440
 16777216
370
    -2
100
AcDbBlockReference
  2
_Oblique
 10
108712.9119920187
 20
23000.0
 30
0.0
 41
150.0
 42
150.0
 43
150.0
 50
90.0
  0
MTEXT
  5
B121
330
6192
100
AcDbEntity
  8
CH-DIM
 62
     0
440
 16777216
100
AcDbMText
 10
108561.1996632515
 20
20499.99999999996
 30
0.0
 40
124.9999999999999
 41
496.2921737037649
 46
0.0
 71
     5
 72
     5
  1
\A1;5000
  7
JetBrains Mono
 11
0.0000000000000001
 21
1.0
 31
0.0
 73
     1
 44
1.0
 90
        3
 63
     9
421
 13158600
 45
1.1
441
        0
  0
POINT
  5
B122
330
6192
100
AcDbEntity
  8
Defpoints
 62
     0
440
 16777216
100
AcDbPoint
 10
108606.84597484
 20
17999.99999999999
 30
0.0
  0
POINT
  5
B123
330
6192
100
AcDbEntity
  8
Defpoints
 62
     0
440
 16777216
100
AcDbPoint
 10
108606.84597484
 20
23000.0
 30
0.0
  0
POINT
  5
B124
330
6192
100
AcDbEntity
  8
Defpoints
 62
     0
440
 16777216
100
AcDbPoint
 10
108712.9119920187
 20
23000.0
 30
0.0
  0
ENDBLK
  5
6194
330
6192
100
AcDbEntity
  8
0
100
AcDbBlockEnd
  0
BLOCK
  5
619F
330
619E
100
AcDbEntity
  8
0
100
AcDbBlockBegin
  2
*D50
 70
     1
 10
0.0
 20
0.0
 30
0.0
  3
*D50
  1

  0
LINE
  5
B125
330
619E
100
AcDbEntity
  8
CH-DIM
 62
     0
440
 16777216
370
    -2
100
AcDbLine
 10
108681.8459748399
 20
23000.0
 30
0.0
 11
108832.9119920187
 21
23000.0
 31
0.0
  0
LINE
  5
B126
330
619E
100
AcDbEntity
  8
CH-DIM
 62
     0
440
 16777216
370
    -2
100
AcDbLine
 10
108681.8459748399
 20
26300.0
 30
0.0
 11
108832.9119920187
 21
26300.0
 31
0.0
  0
LINE
  5
B127
330
619E
100
AcDbEntity
  8
CH-DIM
 62
     0
440
 16777216
370
    -2
100
AcDbLine
 10
108712.9119920187
 20
22880.0
 30
0.0
 11
108712.9119920187
 21
26420.0
 31
0.0
  0
INSERT
  5
B128
330
619E
100
AcDbEntity
  8
CH-DIM
 62
     0
440
 16777216
370
    -2
100
AcDbBlockReference
  2
_Oblique
 10
108712.9119920187
 20
23000.0
 30
0.0
 41
150.0
 42
150.0
 43
150.0
 50
270.0
  0
INSERT
  5
B129
330
619E
100
AcDbEntity
  8
CH-DIM
 62
     0
440
 16777216
370
    -2
100
AcDbBlockReference
  2
_Oblique
 10
108712.9119920187
 20
26300.0
 30
0.0
 41
150.0
 42
150.0
 43
150.0
 50
90.0
  0
MTEXT
  5
B12A
330
619E
100
AcDbEntity
  8
CH-DIM
 62
     0
440
 16777216
100
AcDbMText
 10
108561.1996632515
 20
24649.99999999996
 30
0.0
 40
124.9999999999999
 41
496.2921737037649
 46
0.0
 71
     5
 72
     5
  1
\A1;3300
  7
JetBrains Mono
 11
0.0000000000000001
 21
1.0
 31
0.0
 73
     1
 44
1.0
 90
        3
 63
     9
421
 13158600
 45
1.1
441
        0
  0
POINT
  5
B12B
330
619E
100
AcDbEntity
  8
Defpoints
 62
     0
440
 16777216
100
AcDbPoint
 10
108606.84597484
 20
23000.0
 30
0.0
  0
POINT
  5
B12C
330
619E
100
AcDbEntity
  8
Defpoints
 62
     0
440
 16777216
100
AcDbPoint
 10
108606.84597484
 20
26300.0
 30
0.0
  0
POINT
  5
B12D
330
619E
100
AcDbEntity
  8
Defpoints
 62
     0
440
 16777216
100
AcDbPoint
 10
108712.9119920187
 20
26300.0
 30
0.0
  0
ENDBLK
  5
61A0
330
619E
100
AcDbEntity
  8
0
100
AcDbBlockEnd
  0
BLOCK
  5
61AB
330
61AA
100
AcDbEntity
  8
0
100
AcDbBlockBegin
  2
*D51
 70
     1
 10
0.0
 20
0.0
 30
0.0
  3
*D51
  1

  0
LINE
  5
B12E
330
61AA
100
AcDbEntity
  8
CH-DIM
 62
     0
440
 16777216
370
    -2
100
AcDbLine
 10
108681.8459748399
 20
26300.0
 30
0.0
 11
108832.9119920187
 21
26300.0
 31
0.0
  0
LINE
  5
B12F
330
61AA
100
AcDbEntity
  8
CH-DIM
 62
     0
440
 16777216
370
    -2
100
AcDbLine
 10
108681.8459748399
 20
27700.00000000002
 30
0.0
 11
108832.9119920187
 21
27700.00000000002
 31
0.0
  0
LINE
  5
B130
330
61AA
100
AcDbEntity
  8
CH-DIM
 62
     0
440
 16777216
370
    -2
100
AcDbLine
 10
108712.9119920187
 20
26180.0
 30
0.0
 11
108712.9119920187
 21
27820.00000000002
 31
0.0
  0
INSERT
  5
B131
330
61AA
100
AcDbEntity
  8
CH-DIM
 62
     0
440
 16777216
370
    -2
100
AcDbBlockReference
  2
_Oblique
 10
108712.9119920187
 20
26300.0
 30
0.0
 41
150.0
 42
150.0
 43
150.0
 50
270.0
  0
INSERT
  5
B132
330
61AA
100
AcDbEntity
  8
CH-DIM
 62
     0
440
 16777216
370
    -2
100
AcDbBlockReference
  2
_Oblique
 10
108712.9119920187
 20
27700.00000000002
 30
0.0
 41
150.0
 42
150.0
 43
150.0
 50
90.0
  0
MTEXT
  5
B133
330
61AA
100
AcDbEntity
  8
CH-DIM
 62
     0
440
 16777216
100
AcDbMText
 10
108561.1996632515
 20
26999.99999999997
 30
0.0
 40
124.9999999999999
 41
496.2921737037649
 46
0.0
 71
     5
 72
     5
  1
\A1;1400
  7
JetBrains Mono
 11
0.0000000000000001
 21
1.0
 31
0.0
 73
     1
 44
1.0
 90
        3
 63
     9
421
 13158600
 45
1.1
441
        0
  0
POINT
  5
B134
330
61AA
100
AcDbEntity
  8
Defpoints
 62
     0
440
 16777216
100
AcDbPoint
 10
108606.84597484
 20
26300.0
 30
0.0
  0
POINT
  5
B135
330
61AA
100
AcDbEntity
  8
Defpoints
 62
     0
440
 16777216
100
AcDbPoint
 10
108606.84597484
 20
27700.00000000002
 30
0.0
  0
POINT
  5
B136
330
61AA
100
AcDbEntity
  8
Defpoints
 62
     0
440
 16777216
100
AcDbPoint
 10
108712.9119920187
 20
27700.00000000002
 30
0.0
  0
ENDBLK
  5
61AC
330
61AA
100
AcDbEntity
  8
0
100
AcDbBlockEnd
  0
BLOCK
  5
61B7
330
61B6
100
AcDbEntity
  8
0
100
AcDbBlockBegin
  2
*D52
 70
     1
 10
0.0
 20
0.0
 30
0.0
  3
*D52
  1

  0
LINE
  5
B140
330
61B6
100
AcDbEntity
  8
CH-DIM
 62
     0
440
 16777216
370
    -2
100
AcDbLine
 10
109681.8459748398
 20
-299.9999999999993
 30
0.0
 11
109832.9119920187
 21
-299.9999999999993
 31
0.0
  0
LINE
  5
B141
330
61B6
100
AcDbEntity
  8
CH-DIM
 62
     0
440
 16777216
370
    -2
100
AcDbLine
 10
109681.84597484
 20
27700.00000000002
 30
0.0
 11
109832.9119920187
 21
27700.00000000002
 31
0.0
  0
LINE
  5
B142
330
61B6
100
AcDbEntity
  8
CH-DIM
 62
     0
440
 16777216
370
    -2
100
AcDbLine
 10
109712.9119920187
 20
-419.9999999999993
 30
0.0
 11
109712.9119920187
 21
27820.00000000002
 31
0.0
  0
INSERT
  5
B143
330
61B6
100
AcDbEntity
  8
CH-DIM
 62
     0
440
 16777216
370
    -2
100
AcDbBlockReference
  2
_Oblique
 10
109712.9119920187
 20
-299.9999999999993
 30
0.0
 41
150.0
 42
150.0
 43
150.0
 50
270.0
  0
INSERT
  5
B144
330
61B6
100
AcDbEntity
  8
CH-DIM
 62
     0
440
 16777216
370
    -2
100
AcDbBlockReference
  2
_Oblique
 10
109712.9119920187
 20
27700.00000000002
 30
0.0
 41
150.0
 42
150.0
 43
150.0
 50
90.0
  0
MTEXT
  5
B145
330
61B6
100
AcDbEntity
  8
CH-DIM
 62
     0
440
 16777216
100
AcDbMText
 10
109561.1140468132
 20
13699.99999999997
 30
0.0
 40
124.9999999999999
 41
620.3652171297061
 46
0.0
 71
     5
 72
     5
  1
\A1;28000
  7
JetBrains Mono
 11
0.0000000000000001
 21
1.0
 31
0.0
 73
     1
 44
1.0
 90
        3
 63
     9
421
 13158600
 45
1.1
441
        0
  0
POINT
  5
B146
330
61B6
100
AcDbEntity
  8
Defpoints
 62
     0
440
 16777216
100
AcDbPoint
 10
109606.8459748398
 20
-299.9999999999993
 30
0.0
  0
POINT
  5
B147
330
61B6
100
AcDbEntity
  8
Defpoints
 62
     0
440
 16777216
100
AcDbPoint
 10
109606.84597484
 20
27700.00000000002
 30
0.0
  0
POINT
  5
B148
330
61B6
100
AcDbEntity
  8
Defpoints
 62
     0
440
 16777216
100
AcDbPoint
 10
109712.9119920187
 20
27700.00000000002
 30
0.0
  0
ENDBLK
  5
61B8
330
61B6
100
AcDbEntity
  8
0
100
AcDbBlockEnd
  0
BLOCK
  5
61C3
330
61C2
100
AcDbEntity
  8
0
100
AcDbBlockBegin
  2
*D53
 70
     1
 10
0.0
 20
0.0
 30
0.0
  3
*D53
  1

  0
LINE
  5
B149
330
61C2
100
AcDbEntity
  8
CH-DIM
 62
     0
440
 16777216
370
    -2
100
AcDbLine
 10
110974.7472862585
 20
-1566.245263850002
 30
0.0
 11
110974.7472862585
 21
-1717.311281028035
 31
0.0
  0
LINE
  5
B14A
330
61C2
100
AcDbEntity
  8
CH-DIM
 62
     0
440
 16777216
370
    -2
100
AcDbLine
 10
139574.7472862585
 20
-1566.245263850046
 30
0.0
 11
139574.7472862585
 21
-1717.311281028035
 31
0.0
  0
LINE
  5
B14B
330
61C2
100
AcDbEntity
  8
CH-DIM
 62
     0
440
 16777216
370
    -2
100
AcDbLine
 10
110854.7472862585
 20
-1597.311281028035
 30
0.0
 11
139694.7472862585
 21
-1597.311281028035
 31
0.0
  0
INSERT
  5
B14C
330
61C2
100
AcDbEntity
  8
CH-DIM
 62
     0
440
 16777216
370
    -2
100
AcDbBlockReference
  2
_Oblique
 10
110974.7472862585
 20
-1597.311281028035
 30
0.0
 41
150.0
 42
150.0
 43
150.0
 50
180.0
  0
INSERT
  5
B14D
330
61C2
100
AcDbEntity
  8
CH-DIM
 62
     0
440
 16777216
370
    -2
100
AcDbBlockReference
  2
_Oblique
 10
139574.7472862585
 20
-1597.311281028035
 30
0.0
 41
150.0
 42
150.0
 43
150.0
  0
MTEXT
  5
B14E
330
61C2
100
AcDbEntity
  8
CH-DIM
 62
     0
440
 16777216
100
AcDbMText
 10
125274.7472862585
 20
-1445.513335822555
 30
0.0
 40
124.9999999999999
 41
620.3652171297061
 46
0.0
 71
     5
 72
     5
  1
\A1;28600
  7
JetBrains Mono
 73
     1
 44
1.0
 90
        3
 63
     9
421
 13158600
 45
1.1
441
        0
  0
POINT
  5
B14F
330
61C2
100
AcDbEntity
  8
Defpoints
 62
     0
440
 16777216
100
AcDbPoint
 10
110974.7472862585
 20
-1491.245263850002
 30
0.0
  0
POINT
  5
B150
330
61C2
100
AcDbEntity
  8
Defpoints
 62
     0
440
 16777216
100
AcDbPoint
 10
139574.7472862585
 20
-1491.245263850046
 30
0.0
  0
POINT
  5
B151
330
61C2
100
AcDbEntity
  8
Defpoints
 62
     0
440
 16777216
100
AcDbPoint
 10
139574.7472862585
 20
-1597.311281028035
 30
0.0
  0
ENDBLK
  5
61C4
330
61C2
100
AcDbEntity
  8
0
100
AcDbBlockEnd
  0
BLOCK
  5
67C4
330
67C3
100
AcDbEntity
  8
0
100
AcDbBlockBegin
  2
*D54
 70
     1
 10
0.0
 20
0.0
 30
0.0
  3
*D54
  1

  0
LINE
  5
A66A
330
67C3
100
AcDbEntity
  8
CH-DIM
 62
     0
440
 16777216
370
    -2
100
AcDbLine
 10
169308.377204219
 20
-2566.245263850025
 30
0.0
 11
169308.377204219
 21
-2717.311281028029
 31
0.0
  0
LINE
  5
A66B
330
67C3
100
AcDbEntity
  8
CH-DIM
 62
     0
440
 16777216
370
    -2
100
AcDbLine
 10
172608.3772042189
 20
-2566.245263850033
 30
0.0
 11
172608.3772042189
 21
-2717.311281028029
 31
0.0
  0
LINE
  5
A66C
330
67C3
100
AcDbEntity
  8
CH-DIM
 62
     0
440
 16777216
370
    -2
100
AcDbLine
 10
169188.377204219
 20
-2597.311281028029
 30
0.0
 11
172728.3772042189
 21
-2597.311281028029
 31
0.0
  0
INSERT
  5
A66D
330
67C3
100
AcDbEntity
  8
CH-DIM
 62
     0
440
 16777216
370
    -2
100
AcDbBlockReference
  2
_Oblique
 10
169308.377204219
 20
-2597.311281028029
 30
0.0
 41
150.0
 42
150.0
 43
150.0
 50
180.0
  0
INSERT
  5
A66E
330
67C3
100
AcDbEntity
  8
CH-DIM
 62
     0
440
 16777216
370
    -2
100
AcDbBlockReference
  2
_Oblique
 10
172608.3772042189
 20
-2597.311281028029
 30
0.0
 41
150.0
 42
150.0
 43
150.0
  0
MTEXT
  5
A66F
330
67C3
100
AcDbEntity
  8
CH-DIM
 62
     0
440
 16777216
100
AcDbMText
 10
170958.3772042189
 20
-2445.598952260906
 30
0.0
 40
124.9999999999999
 41
496.2921737037649
 46
0.0
 71
     5
 72
     5
  1
\A1;3300
  7
JetBrains Mono
 73
     1
 44
1.0
 90
        3
 63
     9
421
 13158600
 45
1.1
441
        0
  0
POINT
  5
A670
330
67C3
100
AcDbEntity
  8
Defpoints
 62
     0
440
 16777216
100
AcDbPoint
 10
169308.377204219
 20
-2491.245263850025
 30
0.0
  0
POINT
  5
A671
330
67C3
100
AcDbEntity
  8
Defpoints
 62
     0
440
 16777216
100
AcDbPoint
 10
172608.3772042189
 20
-2491.245263850033
 30
0.0
  0
POINT
  5
A672
330
67C3
100
AcDbEntity
  8
Defpoints
 62
     0
440
 16777216
100
AcDbPoint
 10
172608.3772042189
 20
-2597.311281028029
 30
0.0
  0
ENDBLK
  5
67C5
330
67C3
100
AcDbEntity
  8
0
100
AcDbBlockEnd
  0
BLOCK
  5
67D0
330
67CF
100
AcDbEntity
  8
0
100
AcDbBlockBegin
  2
*D55
 70
     1
 10
0.0
 20
0.0
 30
0.0
  3
*D55
  1

  0
LINE
  5
A673
330
67CF
100
AcDbEntity
  8
CH-DIM
 62
     0
440
 16777216
370
    -2
100
AcDbLine
 10
172608.3772042189
 20
-2566.245263850033
 30
0.0
 11
172608.3772042189
 21
-2717.311281028029
 31
0.0
  0
LINE
  5
A674
330
67CF
100
AcDbEntity
  8
CH-DIM
 62
     0
440
 16777216
370
    -2
100
AcDbLine
 10
177608.3772042189
 20
-2566.24526385004
 30
0.0
 11
177608.3772042189
 21
-2717.311281028029
 31
0.0
  0
LINE
  5
A675
330
67CF
100
AcDbEntity
  8
CH-DIM
 62
     0
440
 16777216
370
    -2
100
AcDbLine
 10
172488.3772042189
 20
-2597.311281028029
 30
0.0
 11
177728.3772042189
 21
-2597.311281028029
 31
0.0
  0
INSERT
  5
A676
330
67CF
100
AcDbEntity
  8
CH-DIM
 62
     0
440
 16777216
370
    -2
100
AcDbBlockReference
  2
_Oblique
 10
172608.3772042189
 20
-2597.311281028029
 30
0.0
 41
150.0
 42
150.0
 43
150.0
 50
180.0
  0
INSERT
  5
A677
330
67CF
100
AcDbEntity
  8
CH-DIM
 62
     0
440
 16777216
370
    -2
100
AcDbBlockReference
  2
_Oblique
 10
177608.3772042189
 20
-2597.311281028029
 30
0.0
 41
150.0
 42
150.0
 43
150.0
  0
MTEXT
  5
A678
330
67CF
100
AcDbEntity
  8
CH-DIM
 62
     0
440
 16777216
100
AcDbMText
 10
175108.3772042189
 20
-2445.598952260906
 30
0.0
 40
124.9999999999999
 41
496.2921737037649
 46
0.0
 71
     5
 72
     5
  1
\A1;5000
  7
JetBrains Mono
 73
     1
 44
1.0
 90
        3
 63
     9
421
 13158600
 45
1.1
441
        0
  0
POINT
  5
A679
330
67CF
100
AcDbEntity
  8
Defpoints
 62
     0
440
 16777216
100
AcDbPoint
 10
172608.3772042189
 20
-2491.245263850033
 30
0.0
  0
POINT
  5
A67A
330
67CF
100
AcDbEntity
  8
Defpoints
 62
     0
440
 16777216
100
AcDbPoint
 10
177608.3772042189
 20
-2491.24526385004
 30
0.0
  0
POINT
  5
A67B
330
67CF
100
AcDbEntity
  8
Defpoints
 62
     0
440
 16777216
100
AcDbPoint
 10
177608.3772042189
 20
-2597.311281028029
 30
0.0
  0
ENDBLK
  5
67D1
330
67CF
100
AcDbEntity
  8
0
100
AcDbBlockEnd
  0
BLOCK
  5
67DC
330
67DB
100
AcDbEntity
  8
0
100
AcDbBlockBegin
  2
*D56
 70
     1
 10
0.0
 20
0.0
 30
0.0
  3
*D56
  1

  0
LINE
  5
A67C
330
67DB
100
AcDbEntity
  8
CH-DIM
 62
     0
440
 16777216
370
    -2
100
AcDbLine
 10
177608.3772042189
 20
-2566.24526385004
 30
0.0
 11
177608.3772042189
 21
-2717.311281028029
 31
0.0
  0
LINE
  5
A67D
330
67DB
100
AcDbEntity
  8
CH-DIM
 62
     0
440
 16777216
370
    -2
100
AcDbLine
 10
180608.3772042191
 20
-2566.245263850047
 30
0.0
 11
180608.3772042191
 21
-2717.311281028029
 31
0.0
  0
LINE
  5
A67E
330
67DB
100
AcDbEntity
  8
CH-DIM
 62
     0
440
 16777216
370
    -2
100
AcDbLine
 10
177488.3772042189
 20
-2597.311281028029
 30
0.0
 11
180728.3772042191
 21
-2597.311281028029
 31
0.0
  0
INSERT
  5
A67F
330
67DB
100
AcDbEntity
  8
CH-DIM
 62
     0
440
 16777216
370
    -2
100
AcDbBlockReference
  2
_Oblique
 10
177608.3772042189
 20
-2597.311281028029
 30
0.0
 41
150.0
 42
150.0
 43
150.0
 50
180.0
  0
INSERT
  5
A680
330
67DB
100
AcDbEntity
  8
CH-DIM
 62
     0
440
 16777216
370
    -2
100
AcDbBlockReference
  2
_Oblique
 10
180608.3772042191
 20
-2597.311281028029
 30
0.0
 41
150.0
 42
150.0
 43
150.0
  0
MTEXT
  5
A681
330
67DB
100
AcDbEntity
  8
CH-DIM
 62
     0
440
 16777216
100
AcDbMText
 10
179108.377204219
 20
-2445.598952260906
 30
0.0
 40
124.9999999999999
 41
496.2921737037649
 46
0.0
 71
     5
 72
     5
  1
\A1;3000
  7
JetBrains Mono
 73
     1
 44
1.0
 90
        3
 63
     9
421
 13158600
 45
1.1
441
        0
  0
POINT
  5
A682
330
67DB
100
AcDbEntity
  8
Defpoints
 62
     0
440
 16777216
100
AcDbPoint
 10
177608.3772042189
 20
-2491.24526385004
 30
0.0
  0
POINT
  5
A683
330
67DB
100
AcDbEntity
  8
Defpoints
 62
     0
440
 16777216
100
AcDbPoint
 10
180608.3772042191
 20
-2491.245263850047
 30
0.0
  0
POINT
  5
A684
330
67DB
100
AcDbEntity
  8
Defpoints
 62
     0
440
 16777216
100
AcDbPoint
 10
180608.3772042191
 20
-2597.311281028029
 30
0.0
  0
ENDBLK
  5
67DD
330
67DB
100
AcDbEntity
  8
0
100
AcDbBlockEnd
  0
BLOCK
  5
67E8
330
67E7
100
AcDbEntity
  8
0
100
AcDbBlockBegin
  2
*D57
 70
     1
 10
0.0
 20
0.0
 30
0.0
  3
*D57
  1

  0
LINE
  5
A685
330
67E7
100
AcDbEntity
  8
CH-DIM
 62
     0
440
 16777216
370
    -2
100
AcDbLine
 10
180608.3772042191
 20
-2566.245263850047
 30
0.0
 11
180608.3772042191
 21
-2717.311281028029
 31
0.0
  0
LINE
  5
A686
330
67E7
100
AcDbEntity
  8
CH-DIM
 62
     0
440
 16777216
370
    -2
100
AcDbLine
 10
186608.377204219
 20
-2566.245263850055
 30
0.0
 11
186608.377204219
 21
-2717.311281028029
 31
0.0
  0
LINE
  5
A687
330
67E7
100
AcDbEntity
  8
CH-DIM
 62
     0
440
 16777216
370
    -2
100
AcDbLine
 10
180488.3772042191
 20
-2597.311281028029
 30
0.0
 11
186728.377204219
 21
-2597.311281028029
 31
0.0
  0
INSERT
  5
A688
330
67E7
100
AcDbEntity
  8
CH-DIM
 62
     0
440
 16777216
370
    -2
100
AcDbBlockReference
  2
_Oblique
 10
180608.3772042191
 20
-2597.311281028029
 30
0.0
 41
150.0
 42
150.0
 43
150.0
 50
180.0
  0
INSERT
  5
A689
330
67E7
100
AcDbEntity
  8
CH-DIM
 62
     0
440
 16777216
370
    -2
100
AcDbBlockReference
  2
_Oblique
 10
186608.377204219
 20
-2597.311281028029
 30
0.0
 41
150.0
 42
150.0
 43
150.0
  0
MTEXT
  5
A68A
330
67E7
100
AcDbEntity
  8
CH-DIM
 62
     0
440
 16777216
100
AcDbMText
 10
183608.377204219
 20
-2445.598952260906
 30
0.0
 40
124.9999999999999
 41
496.2921737037649
 46
0.0
 71
     5
 72
     5
  1
\A1;6000
  7
JetBrains Mono
 73
     1
 44
1.0
 90
        3
 63
     9
421
 13158600
 45
1.1
441
        0
  0
POINT
  5
A68B
330
67E7
100
AcDbEntity
  8
Defpoints
 62
     0
440
 16777216
100
AcDbPoint
 10
180608.3772042191
 20
-2491.245263850047
 30
0.0
  0
POINT
  5
A68C
330
67E7
100
AcDbEntity
  8
Defpoints
 62
     0
440
 16777216
100
AcDbPoint
 10
186608.377204219
 20
-2491.245263850055
 30
0.0
  0
POINT
  5
A68D
330
67E7
100
AcDbEntity
  8
Defpoints
 62
     0
440
 16777216
100
AcDbPoint
 10
186608.377204219
 20
-2597.311281028029
 30
0.0
  0
ENDBLK
  5
67E9
330
67E7
100
AcDbEntity
  8
0
100
AcDbBlockEnd
  0
BLOCK
  5
67F4
330
67F3
100
AcDbEntity
  8
0
100
AcDbBlockBegin
  2
*D58
 70
     1
 10
0.0
 20
0.0
 30
0.0
  3
*D58
  1

  0
LINE
  5
A68E
330
67F3
100
AcDbEntity
  8
CH-DIM
 62
     0
440
 16777216
370
    -2
100
AcDbLine
 10
186608.377204219
 20
-2566.245263850055
 30
0.0
 11
186608.377204219
 21
-2717.311281028029
 31
0.0
  0
LINE
  5
A68F
330
67F3
100
AcDbEntity
  8
CH-DIM
 62
     0
440
 16777216
370
    -2
100
AcDbLine
 10
189608.377204219
 20
-2566.245263850062
 30
0.0
 11
189608.377204219
 21
-2717.311281028029
 31
0.0
  0
LINE
  5
A690
330
67F3
100
AcDbEntity
  8
CH-DIM
 62
     0
440
 16777216
370
    -2
100
AcDbLine
 10
186488.377204219
 20
-2597.311281028029
 30
0.0
 11
189728.377204219
 21
-2597.311281028029
 31
0.0
  0
INSERT
  5
A691
330
67F3
100
AcDbEntity
  8
CH-DIM
 62
     0
440
 16777216
370
    -2
100
AcDbBlockReference
  2
_Oblique
 10
186608.377204219
 20
-2597.311281028029
 30
0.0
 41
150.0
 42
150.0
 43
150.0
 50
180.0
  0
INSERT
  5
A692
330
67F3
100
AcDbEntity
  8
CH-DIM
 62
     0
440
 16777216
370
    -2
100
AcDbBlockReference
  2
_Oblique
 10
189608.377204219
 20
-2597.311281028029
 30
0.0
 41
150.0
 42
150.0
 43
150.0
  0
MTEXT
  5
A693
330
67F3
100
AcDbEntity
  8
CH-DIM
 62
     0
440
 16777216
100
AcDbMText
 10
188108.377204219
 20
-2445.598952260906
 30
0.0
 40
124.9999999999999
 41
496.2921737037649
 46
0.0
 71
     5
 72
     5
  1
\A1;3000
  7
JetBrains Mono
 73
     1
 44
1.0
 90
        3
 63
     9
421
 13158600
 45
1.1
441
        0
  0
POINT
  5
A694
330
67F3
100
AcDbEntity
  8
Defpoints
 62
     0
440
 16777216
100
AcDbPoint
 10
186608.377204219
 20
-2491.245263850055
 30
0.0
  0
POINT
  5
A695
330
67F3
100
AcDbEntity
  8
Defpoints
 62
     0
440
 16777216
100
AcDbPoint
 10
189608.377204219
 20
-2491.245263850062
 30
0.0
  0
POINT
  5
A696
330
67F3
100
AcDbEntity
  8
Defpoints
 62
     0
440
 16777216
100
AcDbPoint
 10
189608.377204219
 20
-2597.311281028029
 30
0.0
  0
ENDBLK
  5
67F5
330
67F3
100
AcDbEntity
  8
0
100
AcDbBlockEnd
  0
BLOCK
  5
6800
330
67FF
100
AcDbEntity
  8
0
100
AcDbBlockBegin
  2
*D59
 70
     1
 10
0.0
 20
0.0
 30
0.0
  3
*D59
  1

  0
LINE
  5
A697
330
67FF
100
AcDbEntity
  8
CH-DIM
 62
     0
440
 16777216
370
    -2
100
AcDbLine
 10
189608.377204219
 20
-2566.245263850062
 30
0.0
 11
189608.377204219
 21
-2717.311281028029
 31
0.0
  0
LINE
  5
A698
330
67FF
100
AcDbEntity
  8
CH-DIM
 62
     0
440
 16777216
370
    -2
100
AcDbLine
 10
194608.377204219
 20
-2566.245263850069
 30
0.0
 11
194608.377204219
 21
-2717.311281028029
 31
0.0
  0
LINE
  5
A699
330
67FF
100
AcDbEntity
  8
CH-DIM
 62
     0
440
 16777216
370
    -2
100
AcDbLine
 10
189488.377204219
 20
-2597.311281028029
 30
0.0
 11
194728.377204219
 21
-2597.311281028029
 31
0.0
  0
INSERT
  5
A69A
330
67FF
100
AcDbEntity
  8
CH-DIM
 62
     0
440
 16777216
370
    -2
100
AcDbBlockReference
  2
_Oblique
 10
189608.377204219
 20
-2597.311281028029
 30
0.0
 41
150.0
 42
150.0
 43
150.0
 50
180.0
  0
INSERT
  5
A69B
330
67FF
100
AcDbEntity
  8
CH-DIM
 62
     0
440
 16777216
370
    -2
100
AcDbBlockReference
  2
_Oblique
 10
194608.377204219
 20
-2597.311281028029
 30
0.0
 41
150.0
 42
150.0
 43
150.0
  0
MTEXT
  5
A69C
330
67FF
100
AcDbEntity
  8
CH-DIM
 62
     0
440
 16777216
100
AcDbMText
 10
192108.377204219
 20
-2445.598952260906
 30
0.0
 40
124.9999999999999
 41
496.2921737037649
 46
0.0
 71
     5
 72
     5
  1
\A1;5000
  7
JetBrains Mono
 73
     1
 44
1.0
 90
        3
 63
     9
421
 13158600
 45
1.1
441
        0
  0
POINT
  5
A69D
330
67FF
100
AcDbEntity
  8
Defpoints
 62
     0
440
 16777216
100
AcDbPoint
 10
189608.377204219
 20
-2491.245263850062
 30
0.0
  0
POINT
  5
A69E
330
67FF
100
AcDbEntity
  8
Defpoints
 62
     0
440
 16777216
100
AcDbPoint
 10
194608.377204219
 20
-2491.245263850069
 30
0.0
  0
POINT
  5
A69F
330
67FF
100
AcDbEntity
  8
Defpoints
 62
     0
440
 16777216
100
AcDbPoint
 10
194608.377204219
 20
-2597.311281028029
 30
0.0
  0
ENDBLK
  5
6801
330
67FF
100
AcDbEntity
  8
0
100
AcDbBlockEnd
  0
BLOCK
  5
680C
330
680B
100
AcDbEntity
  8
0
100
AcDbBlockBegin
  2
*D60
 70
     1
 10
0.0
 20
0.0
 30
0.0
  3
*D60
  1

  0
LINE
  5
A6A0
330
680B
100
AcDbEntity
  8
CH-DIM
 62
     0
440
 16777216
370
    -2
100
AcDbLine
 10
194608.377204219
 20
-2566.245263850069
 30
0.0
 11
194608.377204219
 21
-2717.311281028029
 31
0.0
  0
LINE
  5
A6A1
330
680B
100
AcDbEntity
  8
CH-DIM
 62
     0
440
 16777216
370
    -2
100
AcDbLine
 10
197908.377204219
 20
-2566.245263850077
 30
0.0
 11
197908.377204219
 21
-2717.311281028029
 31
0.0
  0
LINE
  5
A6A2
330
680B
100
AcDbEntity
  8
CH-DIM
 62
     0
440
 16777216
370
    -2
100
AcDbLine
 10
194488.377204219
 20
-2597.311281028029
 30
0.0
 11
198028.377204219
 21
-2597.311281028029
 31
0.0
  0
INSERT
  5
A6A3
330
680B
100
AcDbEntity
  8
CH-DIM
 62
     0
440
 16777216
370
    -2
100
AcDbBlockReference
  2
_Oblique
 10
194608.377204219
 20
-2597.311281028029
 30
0.0
 41
150.0
 42
150.0
 43
150.0
 50
180.0
  0
INSERT
  5
A6A4
330
680B
100
AcDbEntity
  8
CH-DIM
 62
     0
440
 16777216
370
    -2
100
AcDbBlockReference
  2
_Oblique
 10
197908.377204219
 20
-2597.311281028029
 30
0.0
 41
150.0
 42
150.0
 43
150.0
  0
MTEXT
  5
A6A5
330
680B
100
AcDbEntity
  8
CH-DIM
 62
     0
440
 16777216
100
AcDbMText
 10
196258.377204219
 20
-2445.598952260906
 30
0.0
 40
124.9999999999999
 41
496.2921737037649
 46
0.0
 71
     5
 72
     5
  1
\A1;3300
  7
JetBrains Mono
 73
     1
 44
1.0
 90
        3
 63
     9
421
 13158600
 45
1.1
441
        0
  0
POINT
  5
A6A6
330
680B
100
AcDbEntity
  8
Defpoints
 62
     0
440
 16777216
100
AcDbPoint
 10
194608.377204219
 20
-2491.245263850069
 30
0.0
  0
POINT
  5
A6A7
330
680B
100
AcDbEntity
  8
Defpoints
 62
     0
440
 16777216
100
AcDbPoint
 10
197908.377204219
 20
-2491.245263850077
 30
0.0
  0
POINT
  5
A6A8
330
680B
100
AcDbEntity
  8
Defpoints
 62
     0
440
 16777216
100
AcDbPoint
 10
197908.377204219
 20
-2597.311281028029
 30
0.0
  0
ENDBLK
  5
680D
330
680B
100
AcDbEntity
  8
0
100
AcDbBlockEnd
  0
BLOCK
  5
6818
330
6817
100
AcDbEntity
  8
0
100
AcDbBlockBegin
  2
*D61
 70
     1
 10
0.0
 20
0.0
 30
0.0
  3
*D61
  1

  0
LINE
  5
A6B2
330
6817
100
AcDbEntity
  8
CH-DIM
 62
     0
440
 16777216
370
    -2
100
AcDbLine
 10
167015.4758928003
 20
-299.9999999999928
 30
0.0
 11
167166.5419099791
 21
-299.9999999999927
 31
0.0
  0
LINE
  5
A6B3
330
6817
100
AcDbEntity
  8
CH-DIM
 62
     0
440
 16777216
370
    -2
100
AcDbLine
 10
167015.4758928003
 20
3000.000000000002
 30
0.0
 11
167166.5419099791
 21
3000.000000000002
 31
0.0
  0
LINE
  5
A6B4
330
6817
100
AcDbEntity
  8
CH-DIM
 62
     0
440
 16777216
370
    -2
100
AcDbLine
 10
167046.5419099791
 20
-419.9999999999928
 30
0.0
 11
167046.5419099791
 21
3120.000000000001
 31
0.0
  0
INSERT
  5
A6B5
330
6817
100
AcDbEntity
  8
CH-DIM
 62
     0
440
 16777216
370
    -2
100
AcDbBlockReference
  2
_Oblique
 10
167046.5419099791
 20
-299.9999999999927
 30
0.0
 41
150.0
 42
150.0
 43
150.0
 50
270.0
  0
INSERT
  5
A6B6
330
6817
100
AcDbEntity
  8
CH-DIM
 62
     0
440
 16777216
370
    -2
100
AcDbBlockReference
  2
_Oblique
 10
167046.5419099791
 20
3000.000000000002
 30
0.0
 41
150.0
 42
150.0
 43
150.0
 50
90.0
  0
MTEXT
  5
A6B7
330
6817
100
AcDbEntity
  8
CH-DIM
 62
     0
440
 16777216
100
AcDbMText
 10
166894.829581212
 20
1349.999999999957
 30
0.0
 40
124.9999999999999
 41
496.2921737037649
 46
0.0
 71
     5
 72
     5
  1
\A1;3300
  7
JetBrains Mono
 11
0.0000000000000001
 21
1.0
 31
0.0
 73
     1
 44
1.0
 90
        3
 63
     9
421
 13158600
 45
1.1
441
        0
  0
POINT
  5
A6B8
330
6817
100
AcDbEntity
  8
Defpoints
 62
     0
440
 16777216
100
AcDbPoint
 10
166940.4758928003
 20
-299.9999999999928
 30
0.0
  0
POINT
  5
A6B9
330
6817
100
AcDbEntity
  8
Defpoints
 62
     0
440
 16777216
100
AcDbPoint
 10
166940.4758928003
 20
3000.000000000002
 30
0.0
  0
POINT
  5
A6BA
330
6817
100
AcDbEntity
  8
Defpoints
 62
     0
440
 16777216
100
AcDbPoint
 10
167046.5419099791
 20
3000.000000000002
 30
0.0
  0
ENDBLK
  5
6819
330
6817
100
AcDbEntity
  8
0
100
AcDbBlockEnd
  0
BLOCK
  5
6824
330
6823
100
AcDbEntity
  8
0
100
AcDbBlockBegin
  2
*D62
 70
     1
 10
0.0
 20
0.0
 30
0.0
  3
*D62
  1

  0
LINE
  5
A6C4
330
6823
100
AcDbEntity
  8
CH-DIM
 62
     0
440
 16777216
370
    -2
100
AcDbLine
 10
167015.4758928003
 20
3000.000000000002
 30
0.0
 11
167166.5419099791
 21
3000.000000000002
 31
0.0
  0
LINE
  5
A6C5
330
6823
100
AcDbEntity
  8
CH-DIM
 62
     0
440
 16777216
370
    -2
100
AcDbLine
 10
167015.4758928005
 20
8000.000000000005
 30
0.0
 11
167166.5419099791
 21
8000.000000000005
 31
0.0
  0
LINE
  5
A6C6
330
6823
100
AcDbEntity
  8
CH-DIM
 62
     0
440
 16777216
370
    -2
100
AcDbLine
 10
167046.5419099791
 20
2880.000000000002
 30
0.0
 11
167046.5419099791
 21
8120.000000000002
 31
0.0
  0
INSERT
  5
A6C7
330
6823
100
AcDbEntity
  8
CH-DIM
 62
     0
440
 16777216
370
    -2
100
AcDbBlockReference
  2
_Oblique
 10
167046.5419099791
 20
3000.000000000002
 30
0.0
 41
150.0
 42
150.0
 43
150.0
 50
270.0
  0
INSERT
  5
A6C8
330
6823
100
AcDbEntity
  8
CH-DIM
 62
     0
440
 16777216
370
    -2
100
AcDbBlockReference
  2
_Oblique
 10
167046.5419099791
 20
8000.000000000005
 30
0.0
 41
150.0
 42
150.0
 43
150.0
 50
90.0
  0
MTEXT
  5
A6C9
330
6823
100
AcDbEntity
  8
CH-DIM
 62
     0
440
 16777216
100
AcDbMText
 10
166894.829581212
 20
5499.999999999953
 30
0.0
 40
124.9999999999999
 41
496.2921737037649
 46
0.0
 71
     5
 72
     5
  1
\A1;5000
  7
JetBrains Mono
 11
0.0000000000000001
 21
1.0
 31
0.0
 73
     1
 44
1.0
 90
        3
 63
     9
421
 13158600
 45
1.1
441
        0
  0
POINT
  5
A6CA
330
6823
100
AcDbEntity
  8
Defpoints
 62
     0
440
 16777216
100
AcDbPoint
 10
166940.4758928003
 20
3000.000000000002
 30
0.0
  0
POINT
  5
A6CB
330
6823
100
AcDbEntity
  8
Defpoints
 62
     0
440
 16777216
100
AcDbPoint
 10
166940.4758928004
 20
8000.000000000005
 30
0.0
  0
POINT
  5
A6CC
330
6823
100
AcDbEntity
  8
Defpoints
 62
     0
440
 16777216
100
AcDbPoint
 10
167046.5419099791
 20
8000.000000000005
 30
0.0
  0
ENDBLK
  5
6825
330
6823
100
AcDbEntity
  8
0
100
AcDbBlockEnd
  0
BLOCK
  5
6830
330
682F
100
AcDbEntity
  8
0
100
AcDbBlockBegin
  2
*D63
 70
     1
 10
0.0
 20
0.0
 30
0.0
  3
*D63
  1

  0
LINE
  5
A88F
330
682F
100
AcDbEntity
  8
CH-DIM
 62
     0
440
 16777216
370
    -2
100
AcDbLine
 10
167015.4758928005
 20
8000.000000000005
 30
0.0
 11
167166.5419099792
 21
8000.000000000005
 31
0.0
  0
LINE
  5
A890
330
682F
100
AcDbEntity
  8
CH-DIM
 62
     0
440
 16777216
370
    -2
100
AcDbLine
 10
167015.4758928005
 20
11000.0
 30
0.0
 11
167166.5419099792
 21
11000.0
 31
0.0
  0
LINE
  5
A891
330
682F
100
AcDbEntity
  8
CH-DIM
 62
     0
440
 16777216
370
    -2
100
AcDbLine
 10
167046.5419099792
 20
7880.000000000004
 30
0.0
 11
167046.5419099792
 21
11120.0
 31
0.0
  0
INSERT
  5
A892
330
682F
100
AcDbEntity
  8
CH-DIM
 62
     0
440
 16777216
370
    -2
100
AcDbBlockReference
  2
_Oblique
 10
167046.5419099792
 20
8000.000000000005
 30
0.0
 41
150.0
 42
150.0
 43
150.0
 50
270.0
  0
INSERT
  5
A893
330
682F
100
AcDbEntity
  8
CH-DIM
 62
     0
440
 16777216
370
    -2
100
AcDbBlockReference
  2
_Oblique
 10
167046.5419099792
 20
11000.0
 30
0.0
 41
150.0
 42
150.0
 43
150.0
 50
90.0
  0
MTEXT
  5
A894
330
682F
100
AcDbEntity
  8
CH-DIM
 62
     0
440
 16777216
100
AcDbMText
 10
166894.8295812121
 20
9499.999999999955
 30
0.0
 40
124.9999999999999
 41
496.2921737037649
 46
0.0
 71
     5
 72
     5
  1
\A1;3000
  7
JetBrains Mono
 11
0.0000000000000001
 21
1.0
 31
0.0
 73
     1
 44
1.0
 90
        3
 63
     9
421
 13158600
 45
1.1
441
        0
  0
POINT
  5
A895
330
682F
100
AcDbEntity
  8
Defpoints
 62
     0
440
 16777216
100
AcDbPoint
 10
166940.4758928004
 20
8000.000000000005
 30
0.0
  0
POINT
  5
A896
330
682F
100
AcDbEntity
  8
Defpoints
 62
     0
440
 16777216
100
AcDbPoint
 10
166940.4758928004
 20
11000.0
 30
0.0
  0
POINT
  5
A897
330
682F
100
AcDbEntity
  8
Defpoints
 62
     0
440
 16777216
100
AcDbPoint
 10
167046.5419099792
 20
11000.0
 30
0.0
  0
ENDBLK
  5
6831
330
682F
100
AcDbEntity
  8
0
100
AcDbBlockEnd
  0
BLOCK
  5
683C
330
683B
100
AcDbEntity
  8
0
100
AcDbBlockBegin
  2
*D64
 70
     1
 10
0.0
 20
0.0
 30
0.0
  3
*D64
  1

  0
LINE
  5
A8A1
330
683B
100
AcDbEntity
  8
CH-DIM
 62
     0
440
 16777216
370
    -2
100
AcDbLine
 10
167015.4758928005
 20
11000.0
 30
0.0
 11
167166.5419099792
 21
11000.0
 31
0.0
  0
LINE
  5
A8A2
330
683B
100
AcDbEntity
  8
CH-DIM
 62
     0
440
 16777216
370
    -2
100
AcDbLine
 10
167015.4758928005
 20
15000.0
 30
0.0
 11
167166.5419099792
 21
15000.0
 31
0.0
  0
LINE
  5
A8A3
330
683B
100
AcDbEntity
  8
CH-DIM
 62
     0
440
 16777216
370
    -2
100
AcDbLine
 10
167046.5419099792
 20
10880.0
 30
0.0
 11
167046.5419099792
 21
15120.0
 31
0.0
  0
INSERT
  5
A8A4
330
683B
100
AcDbEntity
  8
CH-DIM
 62
     0
440
 16777216
370
    -2
100
AcDbBlockReference
  2
_Oblique
 10
167046.5419099792
 20
11000.0
 30
0.0
 41
150.0
 42
150.0
 43
150.0
 50
270.0
  0
INSERT
  5
A8A5
330
683B
100
AcDbEntity
  8
CH-DIM
 62
     0
440
 16777216
370
    -2
100
AcDbBlockReference
  2
_Oblique
 10
167046.5419099792
 20
15000.0
 30
0.0
 41
150.0
 42
150.0
 43
150.0
 50
90.0
  0
MTEXT
  5
A8A6
330
683B
100
AcDbEntity
  8
CH-DIM
 62
     0
440
 16777216
100
AcDbMText
 10
166894.8295812121
 20
12999.99999999995
 30
0.0
 40
124.9999999999999
 41
496.2921737037649
 46
0.0
 71
     5
 72
     5
  1
\A1;4000
  7
JetBrains Mono
 11
0.0000000000000001
 21
1.0
 31
0.0
 73
     1
 44
1.0
 90
        3
 63
     9
421
 13158600
 45
1.1
441
        0
  0
POINT
  5
A8A7
330
683B
100
AcDbEntity
  8
Defpoints
 62
     0
440
 16777216
100
AcDbPoint
 10
166940.4758928004
 20
11000.0
 30
0.0
  0
POINT
  5
A8A8
330
683B
100
AcDbEntity
  8
Defpoints
 62
     0
440
 16777216
100
AcDbPoint
 10
166940.4758928004
 20
15000.0
 30
0.0
  0
POINT
  5
A8A9
330
683B
100
AcDbEntity
  8
Defpoints
 62
     0
440
 16777216
100
AcDbPoint
 10
167046.5419099792
 20
15000.0
 30
0.0
  0
ENDBLK
  5
683D
330
683B
100
AcDbEntity
  8
0
100
AcDbBlockEnd
  0
BLOCK
  5
6848
330
6847
100
AcDbEntity
  8
0
100
AcDbBlockBegin
  2
*D65
 70
     1
 10
0.0
 20
0.0
 30
0.0
  3
*D65
  1

  0
LINE
  5
A8B3
330
6847
100
AcDbEntity
  8
CH-DIM
 62
     0
440
 16777216
370
    -2
100
AcDbLine
 10
167015.4758928005
 20
15000.0
 30
0.0
 11
167166.5419099792
 21
15000.0
 31
0.0
  0
LINE
  5
A8B4
330
6847
100
AcDbEntity
  8
CH-DIM
 62
     0
440
 16777216
370
    -2
100
AcDbLine
 10
167015.4758928005
 20
17999.99999999999
 30
0.0
 11
167166.5419099792
 21
17999.99999999999
 31
0.0
  0
LINE
  5
A8B5
330
6847
100
AcDbEntity
  8
CH-DIM
 62
     0
440
 16777216
370
    -2
100
AcDbLine
 10
167046.5419099792
 20
14880.0
 30
0.0
 11
167046.5419099792
 21
18119.99999999999
 31
0.0
  0
INSERT
  5
A8B6
330
6847
100
AcDbEntity
  8
CH-DIM
 62
     0
440
 16777216
370
    -2
100
AcDbBlockReference
  2
_Oblique
 10
167046.5419099792
 20
15000.0
 30
0.0
 41
150.0
 42
150.0
 43
150.0
 50
270.0
  0
INSERT
  5
A8B7
330
6847
100
AcDbEntity
  8
CH-DIM
 62
     0
440
 16777216
370
    -2
100
AcDbBlockReference
  2
_Oblique
 10
167046.5419099792
 20
17999.99999999999
 30
0.0
 41
150.0
 42
150.0
 43
150.0
 50
90.0
  0
MTEXT
  5
A8B8
330
6847
100
AcDbEntity
  8
CH-DIM
 62
     0
440
 16777216
100
AcDbMText
 10
166894.8295812121
 20
16499.99999999994
 30
0.0
 40
124.9999999999999
 41
496.2921737037649
 46
0.0
 71
     5
 72
     5
  1
\A1;3000
  7
JetBrains Mono
 11
0.0000000000000001
 21
1.0
 31
0.0
 73
     1
 44
1.0
 90
        3
 63
     9
421
 13158600
 45
1.1
441
        0
  0
POINT
  5
A8B9
330
6847
100
AcDbEntity
  8
Defpoints
 62
     0
440
 16777216
100
AcDbPoint
 10
166940.4758928004
 20
15000.0
 30
0.0
  0
POINT
  5
A8BA
330
6847
100
AcDbEntity
  8
Defpoints
 62
     0
440
 16777216
100
AcDbPoint
 10
166940.4758928004
 20
17999.99999999999
 30
0.0
  0
POINT
  5
A8BB
330
6847
100
AcDbEntity
  8
Defpoints
 62
     0
440
 16777216
100
AcDbPoint
 10
167046.5419099792
 20
17999.99999999999
 30
0.0
  0
ENDBLK
  5
6849
330
6847
100
AcDbEntity
  8
0
100
AcDbBlockEnd
  0
BLOCK
  5
6854
330
6853
100
AcDbEntity
  8
0
100
AcDbBlockBegin
  2
*D66
 70
     1
 10
0.0
 20
0.0
 30
0.0
  3
*D66
  1

  0
LINE
  5
A8C5
330
6853
100
AcDbEntity
  8
CH-DIM
 62
     0
440
 16777216
370
    -2
100
AcDbLine
 10
167015.4758928005
 20
17999.99999999999
 30
0.0
 11
167166.5419099792
 21
17999.99999999999
 31
0.0
  0
LINE
  5
A8C6
330
6853
100
AcDbEntity
  8
CH-DIM
 62
     0
440
 16777216
370
    -2
100
AcDbLine
 10
167015.4758928005
 20
23000.0
 30
0.0
 11
167166.5419099792
 21
23000.0
 31
0.0
  0
LINE
  5
A8C7
330
6853
100
AcDbEntity
  8
CH-DIM
 62
     0
440
 16777216
370
    -2
100
AcDbLine
 10
167046.5419099792
 20
17879.99999999999
 30
0.0
 11
167046.5419099792
 21
23120.0
 31
0.0
  0
INSERT
  5
A8C8
330
6853
100
AcDbEntity
  8
CH-DIM
 62
     0
440
 16777216
370
    -2
100
AcDbBlockReference
  2
_Oblique
 10
167046.5419099792
 20
17999.99999999999
 30
0.0
 41
150.0
 42
150.0
 43
150.0
 50
270.0
  0
INSERT
  5
A8C9
330
6853
100
AcDbEntity
  8
CH-DIM
 62
     0
440
 16777216
370
    -2
100
AcDbBlockReference
  2
_Oblique
 10
167046.5419099792
 20
23000.0
 30
0.0
 41
150.0
 42
150.0
 43
150.0
 50
90.0
  0
MTEXT
  5
A8CA
330
6853
100
AcDbEntity
  8
CH-DIM
 62
     0
440
 16777216
100
AcDbMText
 10
166894.8295812121
 20
20499.99999999994
 30
0.0
 40
124.9999999999999
 41
496.2921737037649
 46
0.0
 71
     5
 72
     5
  1
\A1;5000
  7
JetBrains Mono
 11
0.0000000000000001
 21
1.0
 31
0.0
 73
     1
 44
1.0
 90
        3
 63
     9
421
 13158600
 45
1.1
441
        0
  0
POINT
  5
A8CB
330
6853
100
AcDbEntity
  8
Defpoints
 62
     0
440
 16777216
100
AcDbPoint
 10
166940.4758928004
 20
17999.99999999999
 30
0.0
  0
POINT
  5
A8CC
330
6853
100
AcDbEntity
  8
Defpoints
 62
     0
440
 16777216
100
AcDbPoint
 10
166940.4758928004
 20
23000.0
 30
0.0
  0
POINT
  5
A8CD
330
6853
100
AcDbEntity
  8
Defpoints
 62
     0
440
 16777216
100
AcDbPoint
 10
167046.5419099792
 20
23000.0
 30
0.0
  0
ENDBLK
  5
6855
330
6853
100
AcDbEntity
  8
0
100
AcDbBlockEnd
  0
BLOCK
  5
6860
330
685F
100
AcDbEntity
  8
0
100
AcDbBlockBegin
  2
*D67
 70
     1
 10
0.0
 20
0.0
 30
0.0
  3
*D67
  1

  0
LINE
  5
A8D7
330
685F
100
AcDbEntity
  8
CH-DIM
 62
     0
440
 16777216
370
    -2
100
AcDbLine
 10
167015.4758928005
 20
23000.0
 30
0.0
 11
167166.5419099792
 21
23000.0
 31
0.0
  0
LINE
  5
A8D8
330
685F
100
AcDbEntity
  8
CH-DIM
 62
     0
440
 16777216
370
    -2
100
AcDbLine
 10
167015.4758928005
 20
26300.0
 30
0.0
 11
167166.5419099792
 21
26300.0
 31
0.0
  0
LINE
  5
A8D9
330
685F
100
AcDbEntity
  8
CH-DIM
 62
     0
440
 16777216
370
    -2
100
AcDbLine
 10
167046.5419099792
 20
22880.0
 30
0.0
 11
167046.5419099792
 21
26420.0
 31
0.0
  0
INSERT
  5
A8DA
330
685F
100
AcDbEntity
  8
CH-DIM
 62
     0
440
 16777216
370
    -2
100
AcDbBlockReference
  2
_Oblique
 10
167046.5419099792
 20
23000.0
 30
0.0
 41
150.0
 42
150.0
 43
150.0
 50
270.0
  0
INSERT
  5
A8DB
330
685F
100
AcDbEntity
  8
CH-DIM
 62
     0
440
 16777216
370
    -2
100
AcDbBlockReference
  2
_Oblique
 10
167046.5419099792
 20
26300.0
 30
0.0
 41
150.0
 42
150.0
 43
150.0
 50
90.0
  0
MTEXT
  5
A8DC
330
685F
100
AcDbEntity
  8
CH-DIM
 62
     0
440
 16777216
100
AcDbMText
 10
166894.8295812121
 20
24649.99999999994
 30
0.0
 40
124.9999999999999
 41
496.2921737037649
 46
0.0
 71
     5
 72
     5
  1
\A1;3300
  7
JetBrains Mono
 11
0.0000000000000001
 21
1.0
 31
0.0
 73
     1
 44
1.0
 90
        3
 63
     9
421
 13158600
 45
1.1
441
        0
  0
POINT
  5
A8DD
330
685F
100
AcDbEntity
  8
Defpoints
 62
     0
440
 16777216
100
AcDbPoint
 10
166940.4758928004
 20
23000.0
 30
0.0
  0
POINT
  5
A8DE
330
685F
100
AcDbEntity
  8
Defpoints
 62
     0
440
 16777216
100
AcDbPoint
 10
166940.4758928004
 20
26300.0
 30
0.0
  0
POINT
  5
A8DF
330
685F
100
AcDbEntity
  8
Defpoints
 62
     0
440
 16777216
100
AcDbPoint
 10
167046.5419099792
 20
26300.0
 30
0.0
  0
ENDBLK
  5
6861
330
685F
100
AcDbEntity
  8
0
100
AcDbBlockEnd
  0
BLOCK
  5
686C
330
686B
100
AcDbEntity
  8
0
100
AcDbBlockBegin
  2
*D68
 70
     1
 10
0.0
 20
0.0
 30
0.0
  3
*D68
  1

  0
LINE
  5
A8E9
330
686B
100
AcDbEntity
  8
CH-DIM
 62
     0
440
 16777216
370
    -2
100
AcDbLine
 10
167015.4758928005
 20
26300.0
 30
0.0
 11
167166.5419099792
 21
26300.0
 31
0.0
  0
LINE
  5
A8EA
330
686B
100
AcDbEntity
  8
CH-DIM
 62
     0
440
 16777216
370
    -2
100
AcDbLine
 10
167015.4758928005
 20
27700.00000000002
 30
0.0
 11
167166.5419099792
 21
27700.00000000002
 31
0.0
  0
LINE
  5
A8EB
330
686B
100
AcDbEntity
  8
CH-DIM
 62
     0
440
 16777216
370
    -2
100
AcDbLine
 10
167046.5419099792
 20
26180.0
 30
0.0
 11
167046.5419099792
 21
27820.00000000002
 31
0.0
  0
INSERT
  5
A8EC
330
686B
100
AcDbEntity
  8
CH-DIM
 62
     0
440
 16777216
370
    -2
100
AcDbBlockReference
  2
_Oblique
 10
167046.5419099792
 20
26300.0
 30
0.0
 41
150.0
 42
150.0
 43
150.0
 50
270.0
  0
INSERT
  5
A8ED
330
686B
100
AcDbEntity
  8
CH-DIM
 62
     0
440
 16777216
370
    -2
100
AcDbBlockReference
  2
_Oblique
 10
167046.5419099792
 20
27700.00000000002
 30
0.0
 41
150.0
 42
150.0
 43
150.0
 50
90.0
  0
MTEXT
  5
A8EE
330
686B
100
AcDbEntity
  8
CH-DIM
 62
     0
440
 16777216
100
AcDbMText
 10
166894.8295812121
 20
26999.99999999995
 30
0.0
 40
124.9999999999999
 41
496.2921737037649
 46
0.0
 71
     5
 72
     5
  1
\A1;1400
  7
JetBrains Mono
 11
0.0000000000000001
 21
1.0
 31
0.0
 73
     1
 44
1.0
 90
        3
 63
     9
421
 13158600
 45
1.1
441
        0
  0
POINT
  5
A8EF
330
686B
100
AcDbEntity
  8
Defpoints
 62
     0
440
 16777216
100
AcDbPoint
 10
166940.4758928004
 20
26300.0
 30
0.0
  0
POINT
  5
A8F0
330
686B
100
AcDbEntity
  8
Defpoints
 62
     0
440
 16777216
100
AcDbPoint
 10
166940.4758928004
 20
27700.00000000002
 30
0.0
  0
POINT
  5
A8F1
330
686B
100
AcDbEntity
  8
Defpoints
 62
     0
440
 16777216
100
AcDbPoint
 10
167046.5419099792
 20
27700.00000000002
 30
0.0
  0
ENDBLK
  5
686D
330
686B
100
AcDbEntity
  8
0
100
AcDbBlockEnd
  0
BLOCK
  5
6878
330
6877
100
AcDbEntity
  8
0
100
AcDbBlockBegin
  2
*D69
 70
     1
 10
0.0
 20
0.0
 30
0.0
  3
*D69
  1

  0
LINE
  5
A8FB
330
6877
100
AcDbEntity
  8
CH-DIM
 62
     0
440
 16777216
370
    -2
100
AcDbLine
 10
168015.4758928003
 20
-300.0000000000001
 30
0.0
 11
168166.5419099792
 21
-300.0
 31
0.0
  0
LINE
  5
A8FC
330
6877
100
AcDbEntity
  8
CH-DIM
 62
     0
440
 16777216
370
    -2
100
AcDbLine
 10
168015.4758928004
 20
27700.00000000002
 30
0.0
 11
168166.5419099792
 21
27700.00000000002
 31
0.0
  0
LINE
  5
A8FD
330
6877
100
AcDbEntity
  8
CH-DIM
 62
     0
440
 16777216
370
    -2
100
AcDbLine
 10
168046.5419099792
 20
-420.0000000000001
 30
0.0
 11
168046.5419099792
 21
27820.00000000002
 31
0.0
  0
INSERT
  5
A8FE
330
6877
100
AcDbEntity
  8
CH-DIM
 62
     0
440
 16777216
370
    -2
100
AcDbBlockReference
  2
_Oblique
 10
168046.5419099792
 20
-300.0000000000001
 30
0.0
 41
150.0
 42
150.0
 43
150.0
 50
270.0
  0
INSERT
  5
A8FF
330
6877
100
AcDbEntity
  8
CH-DIM
 62
     0
440
 16777216
370
    -2
100
AcDbBlockReference
  2
_Oblique
 10
168046.5419099792
 20
27700.00000000002
 30
0.0
 41
150.0
 42
150.0
 43
150.0
 50
90.0
  0
MTEXT
  5
A900
330
6877
100
AcDbEntity
  8
CH-DIM
 62
     0
440
 16777216
100
AcDbMText
 10
167894.7439647737
 20
13699.99999999995
 30
0.0
 40
124.9999999999999
 41
620.3652171297061
 46
0.0
 71
     5
 72
     5
  1
\A1;28000
  7
JetBrains Mono
 11
0.0000000000000001
 21
1.0
 31
0.0
 73
     1
 44
1.0
 90
        3
 63
     9
421
 13158600
 45
1.1
441
        0
  0
POINT
  5
A901
330
6877
100
AcDbEntity
  8
Defpoints
 62
     0
440
 16777216
100
AcDbPoint
 10
167940.4758928003
 20
-300.0000000000001
 30
0.0
  0
POINT
  5
A902
330
6877
100
AcDbEntity
  8
Defpoints
 62
     0
440
 16777216
100
AcDbPoint
 10
167940.4758928004
 20
27700.00000000002
 30
0.0
  0
POINT
  5
A903
330
6877
100
AcDbEntity
  8
Defpoints
 62
     0
440
 16777216
100
AcDbPoint
 10
168046.5419099792
 20
27700.00000000002
 30
0.0
  0
ENDBLK
  5
6879
330
6877
100
AcDbEntity
  8
0
100
AcDbBlockEnd
  0
BLOCK
  5
6884
330
6883
100
AcDbEntity
  8
0
100
AcDbBlockBegin
  2
*D70
 70
     1
 10
0.0
 20
0.0
 30
0.0
  3
*D70
  1

  0
LINE
  5
A90D
330
6883
100
AcDbEntity
  8
CH-DIM
 62
     0
440
 16777216
370
    -2
100
AcDbLine
 10
169308.377204219
 20
-1566.245263850003
 30
0.0
 11
169308.377204219
 21
-1717.311281028036
 31
0.0
  0
LINE
  5
A90E
330
6883
100
AcDbEntity
  8
CH-DIM
 62
     0
440
 16777216
370
    -2
100
AcDbLine
 10
197908.377204219
 20
-1566.245263850047
 30
0.0
 11
197908.377204219
 21
-1717.311281028036
 31
0.0
  0
LINE
  5
A90F
330
6883
100
AcDbEntity
  8
CH-DIM
 62
     0
440
 16777216
370
    -2
100
AcDbLine
 10
169188.377204219
 20
-1597.311281028036
 30
0.0
 11
198028.377204219
 21
-1597.311281028036
 31
0.0
  0
INSERT
  5
A910
330
6883
100
AcDbEntity
  8
CH-DIM
 62
     0
440
 16777216
370
    -2
100
AcDbBlockReference
  2
_Oblique
 10
169308.377204219
 20
-1597.311281028036
 30
0.0
 41
150.0
 42
150.0
 43
150.0
 50
180.0
  0
INSERT
  5
A911
330
6883
100
AcDbEntity
  8
CH-DIM
 62
     0
440
 16777216
370
    -2
100
AcDbBlockReference
  2
_Oblique
 10
197908.377204219
 20
-1597.311281028036
 30
0.0
 41
150.0
 42
150.0
 43
150.0
  0
MTEXT
  5
A912
330
6883
100
AcDbEntity
  8
CH-DIM
 62
     0
440
 16777216
100
AcDbMText
 10
183608.377204219
 20
-1445.513335822556
 30
0.0
 40
124.9999999999999
 41
620.3652171297061
 46
0.0
 71
     5
 72
     5
  1
\A1;28600
  7
JetBrains Mono
 73
     1
 44
1.0
 90
        3
 63
     9
421
 13158600
 45
1.1
441
        0
  0
POINT
  5
A913
330
6883
100
AcDbEntity
  8
Defpoints
 62
     0
440
 16777216
100
AcDbPoint
 10
169308.377204219
 20
-1491.245263850003
 30
0.0
  0
POINT
  5
A914
330
6883
100
AcDbEntity
  8
Defpoints
 62
     0
440
 16777216
100
AcDbPoint
 10
197908.377204219
 20
-1491.245263850047
 30
0.0
  0
POINT
  5
A915
330
6883
100
AcDbEntity
  8
Defpoints
 62
     0
440
 16777216
100
AcDbPoint
 10
197908.377204219
 20
-1597.311281028036
 30
0.0
  0
ENDBLK
  5
6885
330
6883
100
AcDbEntity
  8
0
100
AcDbBlockEnd
  0
BLOCK
  5
6E8A
330
6E89
100
AcDbEntity
  8
0
100
AcDbBlockBegin
  2
*D71
 70
     1
 10
0.0
 20
0.0
 30
0.0
  3
*D71
  1

  0
LINE
  5
AF99
330
6E89
100
AcDbEntity
  8
CH-DIM
 62
     0
440
 16777216
370
    -2
100
AcDbLine
 10
357786.4089030307
 20
-2566.245263850025
 30
0.0
 11
357786.4089030307
 21
-2717.311281028029
 31
0.0
  0
LINE
  5
AF9A
330
6E89
100
AcDbEntity
  8
CH-DIM
 62
     0
440
 16777216
370
    -2
100
AcDbLine
 10
361086.4089030304
 20
-2566.245263850033
 30
0.0
 11
361086.4089030304
 21
-2717.311281028029
 31
0.0
  0
LINE
  5
AF9B
330
6E89
100
AcDbEntity
  8
CH-DIM
 62
     0
440
 16777216
370
    -2
100
AcDbLine
 10
357666.4089030308
 20
-2597.311281028029
 30
0.0
 11
361206.4089030305
 21
-2597.311281028029
 31
0.0
  0
INSERT
  5
AF9C
330
6E89
100
AcDbEntity
  8
CH-DIM
 62
     0
440
 16777216
370
    -2
100
AcDbBlockReference
  2
_Oblique
 10
357786.4089030307
 20
-2597.311281028029
 30
0.0
 41
150.0
 42
150.0
 43
150.0
 50
180.0
  0
INSERT
  5
AF9D
330
6E89
100
AcDbEntity
  8
CH-DIM
 62
     0
440
 16777216
370
    -2
100
AcDbBlockReference
  2
_Oblique
 10
361086.4089030304
 20
-2597.311281028029
 30
0.0
 41
150.0
 42
150.0
 43
150.0
  0
MTEXT
  5
AF9E
330
6E89
100
AcDbEntity
  8
CH-DIM
 62
     0
440
 16777216
100
AcDbMText
 10
359436.4089030307
 20
-2445.598952260906
 30
0.0
 40
124.9999999999999
 41
496.2921737037649
 46
0.0
 71
     5
 72
     5
  1
\A1;3300
  7
JetBrains Mono
 73
     1
 44
1.0
 90
        3
 63
     9
421
 13158600
 45
1.1
441
        0
  0
POINT
  5
AF9F
330
6E89
100
AcDbEntity
  8
Defpoints
 62
     0
440
 16777216
100
AcDbPoint
 10
357786.4089030307
 20
-2491.245263850025
 30
0.0
  0
POINT
  5
AFA0
330
6E89
100
AcDbEntity
  8
Defpoints
 62
     0
440
 16777216
100
AcDbPoint
 10
361086.4089030304
 20
-2491.245263850033
 30
0.0
  0
POINT
  5
AFA1
330
6E89
100
AcDbEntity
  8
Defpoints
 62
     0
440
 16777216
100
AcDbPoint
 10
361086.4089030304
 20
-2597.311281028029
 30
0.0
  0
ENDBLK
  5
6E8B
330
6E89
100
AcDbEntity
  8
0
100
AcDbBlockEnd
  0
BLOCK
  5
6E96
330
6E95
100
AcDbEntity
  8
0
100
AcDbBlockBegin
  2
*D72
 70
     1
 10
0.0
 20
0.0
 30
0.0
  3
*D72
  1

  0
LINE
  5
AFA2
330
6E95
100
AcDbEntity
  8
CH-DIM
 62
     0
440
 16777216
370
    -2
100
AcDbLine
 10
361086.4089030304
 20
-2566.245263850033
 30
0.0
 11
361086.4089030304
 21
-2717.311281028029
 31
0.0
  0
LINE
  5
AFA3
330
6E95
100
AcDbEntity
  8
CH-DIM
 62
     0
440
 16777216
370
    -2
100
AcDbLine
 10
366086.4089030305
 20
-2566.24526385004
 30
0.0
 11
366086.4089030305
 21
-2717.311281028029
 31
0.0
  0
LINE
  5
AFA4
330
6E95
100
AcDbEntity
  8
CH-DIM
 62
     0
440
 16777216
370
    -2
100
AcDbLine
 10
360966.4089030304
 20
-2597.311281028029
 30
0.0
 11
366206.4089030304
 21
-2597.311281028029
 31
0.0
  0
INSERT
  5
AFA5
330
6E95
100
AcDbEntity
  8
CH-DIM
 62
     0
440
 16777216
370
    -2
100
AcDbBlockReference
  2
_Oblique
 10
361086.4089030304
 20
-2597.311281028029
 30
0.0
 41
150.0
 42
150.0
 43
150.0
 50
180.0
  0
INSERT
  5
AFA6
330
6E95
100
AcDbEntity
  8
CH-DIM
 62
     0
440
 16777216
370
    -2
100
AcDbBlockReference
  2
_Oblique
 10
366086.4089030305
 20
-2597.311281028029
 30
0.0
 41
150.0
 42
150.0
 43
150.0
  0
MTEXT
  5
AFA7
330
6E95
100
AcDbEntity
  8
CH-DIM
 62
     0
440
 16777216
100
AcDbMText
 10
363586.4089030305
 20
-2445.598952260906
 30
0.0
 40
124.9999999999999
 41
496.2921737037649
 46
0.0
 71
     5
 72
     5
  1
\A1;5000
  7
JetBrains Mono
 73
     1
 44
1.0
 90
        3
 63
     9
421
 13158600
 45
1.1
441
        0
  0
POINT
  5
AFA8
330
6E95
100
AcDbEntity
  8
Defpoints
 62
     0
440
 16777216
100
AcDbPoint
 10
361086.4089030304
 20
-2491.245263850033
 30
0.0
  0
POINT
  5
AFA9
330
6E95
100
AcDbEntity
  8
Defpoints
 62
     0
440
 16777216
100
AcDbPoint
 10
366086.4089030305
 20
-2491.24526385004
 30
0.0
  0
POINT
  5
AFAA
330
6E95
100
AcDbEntity
  8
Defpoints
 62
     0
440
 16777216
100
AcDbPoint
 10
366086.4089030305
 20
-2597.311281028029
 30
0.0
  0
ENDBLK
  5
6E97
330
6E95
100
AcDbEntity
  8
0
100
AcDbBlockEnd
  0
BLOCK
  5
6EA2
330
6EA1
100
AcDbEntity
  8
0
100
AcDbBlockBegin
  2
*D73
 70
     1
 10
0.0
 20
0.0
 30
0.0
  3
*D73
  1

  0
LINE
  5
AFAB
330
6EA1
100
AcDbEntity
  8
CH-DIM
 62
     0
440
 16777216
370
    -2
100
AcDbLine
 10
366086.4089030305
 20
-2566.24526385004
 30
0.0
 11
366086.4089030305
 21
-2717.311281028029
 31
0.0
  0
LINE
  5
AFAC
330
6EA1
100
AcDbEntity
  8
CH-DIM
 62
     0
440
 16777216
370
    -2
100
AcDbLine
 10
369086.4089030307
 20
-2566.245263850047
 30
0.0
 11
369086.4089030307
 21
-2717.311281028029
 31
0.0
  0
LINE
  5
AFAD
330
6EA1
100
AcDbEntity
  8
CH-DIM
 62
     0
440
 16777216
370
    -2
100
AcDbLine
 10
365966.4089030305
 20
-2597.311281028029
 30
0.0
 11
369206.4089030307
 21
-2597.311281028029
 31
0.0
  0
INSERT
  5
AFAE
330
6EA1
100
AcDbEntity
  8
CH-DIM
 62
     0
440
 16777216
370
    -2
100
AcDbBlockReference
  2
_Oblique
 10
366086.4089030305
 20
-2597.311281028029
 30
0.0
 41
150.0
 42
150.0
 43
150.0
 50
180.0
  0
INSERT
  5
AFAF
330
6EA1
100
AcDbEntity
  8
CH-DIM
 62
     0
440
 16777216
370
    -2
100
AcDbBlockReference
  2
_Oblique
 10
369086.4089030307
 20
-2597.311281028029
 30
0.0
 41
150.0
 42
150.0
 43
150.0
  0
MTEXT
  5
AFB0
330
6EA1
100
AcDbEntity
  8
CH-DIM
 62
     0
440
 16777216
100
AcDbMText
 10
367586.4089030306
 20
-2445.598952260906
 30
0.0
 40
124.9999999999999
 41
496.2921737037649
 46
0.0
 71
     5
 72
     5
  1
\A1;3000
  7
JetBrains Mono
 73
     1
 44
1.0
 90
        3
 63
     9
421
 13158600
 45
1.1
441
        0
  0
POINT
  5
AFB1
330
6EA1
100
AcDbEntity
  8
Defpoints
 62
     0
440
 16777216
100
AcDbPoint
 10
366086.4089030305
 20
-2491.24526385004
 30
0.0
  0
POINT
  5
AFB2
330
6EA1
100
AcDbEntity
  8
Defpoints
 62
     0
440
 16777216
100
AcDbPoint
 10
369086.4089030307
 20
-2491.245263850047
 30
0.0
  0
POINT
  5
AFB3
330
6EA1
100
AcDbEntity
  8
Defpoints
 62
     0
440
 16777216
100
AcDbPoint
 10
369086.4089030307
 20
-2597.311281028029
 30
0.0
  0
ENDBLK
  5
6EA3
330
6EA1
100
AcDbEntity
  8
0
100
AcDbBlockEnd
  0
BLOCK
  5
6EAE
330
6EAD
100
AcDbEntity
  8
0
100
AcDbBlockBegin
  2
*D74
 70
     1
 10
0.0
 20
0.0
 30
0.0
  3
*D74
  1

  0
LINE
  5
AFB4
330
6EAD
100
AcDbEntity
  8
CH-DIM
 62
     0
440
 16777216
370
    -2
100
AcDbLine
 10
369086.4089030307
 20
-2566.245263850047
 30
0.0
 11
369086.4089030307
 21
-2717.311281028029
 31
0.0
  0
LINE
  5
AFB5
330
6EAD
100
AcDbEntity
  8
CH-DIM
 62
     0
440
 16777216
370
    -2
100
AcDbLine
 10
375086.4089030307
 20
-2566.245263850055
 30
0.0
 11
375086.4089030307
 21
-2717.311281028029
 31
0.0
  0
LINE
  5
AFB6
330
6EAD
100
AcDbEntity
  8
CH-DIM
 62
     0
440
 16777216
370
    -2
100
AcDbLine
 10
368966.4089030307
 20
-2597.311281028029
 30
0.0
 11
375206.4089030307
 21
-2597.311281028029
 31
0.0
  0
INSERT
  5
AFB7
330
6EAD
100
AcDbEntity
  8
CH-DIM
 62
     0
440
 16777216
370
    -2
100
AcDbBlockReference
  2
_Oblique
 10
369086.4089030307
 20
-2597.311281028029
 30
0.0
 41
150.0
 42
150.0
 43
150.0
 50
180.0
  0
INSERT
  5
AFB8
330
6EAD
100
AcDbEntity
  8
CH-DIM
 62
     0
440
 16777216
370
    -2
100
AcDbBlockReference
  2
_Oblique
 10
375086.4089030307
 20
-2597.311281028029
 30
0.0
 41
150.0
 42
150.0
 43
150.0
  0
MTEXT
  5
AFB9
330
6EAD
100
AcDbEntity
  8
CH-DIM
 62
     0
440
 16777216
100
AcDbMText
 10
372086.4089030307
 20
-2445.598952260906
 30
0.0
 40
124.9999999999999
 41
496.2921737037649
 46
0.0
 71
     5
 72
     5
  1
\A1;6000
  7
JetBrains Mono
 73
     1
 44
1.0
 90
        3
 63
     9
421
 13158600
 45
1.1
441
        0
  0
POINT
  5
AFBA
330
6EAD
100
AcDbEntity
  8
Defpoints
 62
     0
440
 16777216
100
AcDbPoint
 10
369086.4089030307
 20
-2491.245263850047
 30
0.0
  0
POINT
  5
AFBB
330
6EAD
100
AcDbEntity
  8
Defpoints
 62
     0
440
 16777216
100
AcDbPoint
 10
375086.4089030307
 20
-2491.245263850055
 30
0.0
  0
POINT
  5
AFBC
330
6EAD
100
AcDbEntity
  8
Defpoints
 62
     0
440
 16777216
100
AcDbPoint
 10
375086.4089030307
 20
-2597.311281028029
 30
0.0
  0
ENDBLK
  5
6EAF
330
6EAD
100
AcDbEntity
  8
0
100
AcDbBlockEnd
  0
BLOCK
  5
6EBA
330
6EB9
100
AcDbEntity
  8
0
100
AcDbBlockBegin
  2
*D75
 70
     1
 10
0.0
 20
0.0
 30
0.0
  3
*D75
  1

  0
LINE
  5
AFBD
330
6EB9
100
AcDbEntity
  8
CH-DIM
 62
     0
440
 16777216
370
    -2
100
AcDbLine
 10
375086.4089030307
 20
-2566.245263850055
 30
0.0
 11
375086.4089030307
 21
-2717.311281028029
 31
0.0
  0
LINE
  5
AFBE
330
6EB9
100
AcDbEntity
  8
CH-DIM
 62
     0
440
 16777216
370
    -2
100
AcDbLine
 10
378086.4089030307
 20
-2566.245263850062
 30
0.0
 11
378086.4089030307
 21
-2717.311281028029
 31
0.0
  0
LINE
  5
AFBF
330
6EB9
100
AcDbEntity
  8
CH-DIM
 62
     0
440
 16777216
370
    -2
100
AcDbLine
 10
374966.4089030307
 20
-2597.311281028029
 30
0.0
 11
378206.4089030307
 21
-2597.311281028029
 31
0.0
  0
INSERT
  5
AFC0
330
6EB9
100
AcDbEntity
  8
CH-DIM
 62
     0
440
 16777216
370
    -2
100
AcDbBlockReference
  2
_Oblique
 10
375086.4089030307
 20
-2597.311281028029
 30
0.0
 41
150.0
 42
150.0
 43
150.0
 50
180.0
  0
INSERT
  5
AFC1
330
6EB9
100
AcDbEntity
  8
CH-DIM
 62
     0
440
 16777216
370
    -2
100
AcDbBlockReference
  2
_Oblique
 10
378086.4089030307
 20
-2597.311281028029
 30
0.0
 41
150.0
 42
150.0
 43
150.0
  0
MTEXT
  5
AFC2
330
6EB9
100
AcDbEntity
  8
CH-DIM
 62
     0
440
 16777216
100
AcDbMText
 10
376586.4089030307
 20
-2445.598952260906
 30
0.0
 40
124.9999999999999
 41
496.2921737037649
 46
0.0
 71
     5
 72
     5
  1
\A1;3000
  7
JetBrains Mono
 73
     1
 44
1.0
 90
        3
 63
     9
421
 13158600
 45
1.1
441
        0
  0
POINT
  5
AFC3
330
6EB9
100
AcDbEntity
  8
Defpoints
 62
     0
440
 16777216
100
AcDbPoint
 10
375086.4089030307
 20
-2491.245263850055
 30
0.0
  0
POINT
  5
AFC4
330
6EB9
100
AcDbEntity
  8
Defpoints
 62
     0
440
 16777216
100
AcDbPoint
 10
378086.4089030307
 20
-2491.245263850062
 30
0.0
  0
POINT
  5
AFC5
330
6EB9
100
AcDbEntity
  8
Defpoints
 62
     0
440
 16777216
100
AcDbPoint
 10
378086.4089030307
 20
-2597.311281028029
 30
0.0
  0
ENDBLK
  5
6EBB
330
6EB9
100
AcDbEntity
  8
0
100
AcDbBlockEnd
  0
BLOCK
  5
6EC6
330
6EC5
100
AcDbEntity
  8
0
100
AcDbBlockBegin
  2
*D76
 70
     1
 10
0.0
 20
0.0
 30
0.0
  3
*D76
  1

  0
LINE
  5
AFC6
330
6EC5
100
AcDbEntity
  8
CH-DIM
 62
     0
440
 16777216
370
    -2
100
AcDbLine
 10
378086.4089030307
 20
-2566.245263850062
 30
0.0
 11
378086.4089030307
 21
-2717.311281028029
 31
0.0
  0
LINE
  5
AFC7
330
6EC5
100
AcDbEntity
  8
CH-DIM
 62
     0
440
 16777216
370
    -2
100
AcDbLine
 10
383086.4089030305
 20
-2566.245263850069
 30
0.0
 11
383086.4089030305
 21
-2717.311281028029
 31
0.0
  0
LINE
  5
AFC8
330
6EC5
100
AcDbEntity
  8
CH-DIM
 62
     0
440
 16777216
370
    -2
100
AcDbLine
 10
377966.4089030307
 20
-2597.311281028029
 30
0.0
 11
383206.4089030305
 21
-2597.311281028029
 31
0.0
  0
INSERT
  5
AFC9
330
6EC5
100
AcDbEntity
  8
CH-DIM
 62
     0
440
 16777216
370
    -2
100
AcDbBlockReference
  2
_Oblique
 10
378086.4089030307
 20
-2597.311281028029
 30
0.0
 41
150.0
 42
150.0
 43
150.0
 50
180.0
  0
INSERT
  5
AFCA
330
6EC5
100
AcDbEntity
  8
CH-DIM
 62
     0
440
 16777216
370
    -2
100
AcDbBlockReference
  2
_Oblique
 10
383086.4089030305
 20
-2597.311281028029
 30
0.0
 41
150.0
 42
150.0
 43
150.0
  0
MTEXT
  5
AFCB
330
6EC5
100
AcDbEntity
  8
CH-DIM
 62
     0
440
 16777216
100
AcDbMText
 10
380586.4089030307
 20
-2445.598952260906
 30
0.0
 40
124.9999999999999
 41
496.2921737037649
 46
0.0
 71
     5
 72
     5
  1
\A1;5000
  7
JetBrains Mono
 73
     1
 44
1.0
 90
        3
 63
     9
421
 13158600
 45
1.1
441
        0
  0
POINT
  5
AFCC
330
6EC5
100
AcDbEntity
  8
Defpoints
 62
     0
440
 16777216
100
AcDbPoint
 10
378086.4089030307
 20
-2491.245263850062
 30
0.0
  0
POINT
  5
AFCD
330
6EC5
100
AcDbEntity
  8
Defpoints
 62
     0
440
 16777216
100
AcDbPoint
 10
383086.4089030305
 20
-2491.245263850069
 30
0.0
  0
POINT
  5
AFCE
330
6EC5
100
AcDbEntity
  8
Defpoints
 62
     0
440
 16777216
100
AcDbPoint
 10
383086.4089030305
 20
-2597.311281028029
 30
0.0
  0
ENDBLK
  5
6EC7
330
6EC5
100
AcDbEntity
  8
0
100
AcDbBlockEnd
  0
BLOCK
  5
6ED2
330
6ED1
100
AcDbEntity
  8
0
100
AcDbBlockBegin
  2
*D77
 70
     1
 10
0.0
 20
0.0
 30
0.0
  3
*D77
  1

  0
LINE
  5
AFCF
330
6ED1
100
AcDbEntity
  8
CH-DIM
 62
     0
440
 16777216
370
    -2
100
AcDbLine
 10
383086.4089030305
 20
-2566.245263850069
 30
0.0
 11
383086.4089030305
 21
-2717.311281028029
 31
0.0
  0
LINE
  5
AFD0
330
6ED1
100
AcDbEntity
  8
CH-DIM
 62
     0
440
 16777216
370
    -2
100
AcDbLine
 10
386386.4089030307
 20
-2566.245263850077
 30
0.0
 11
386386.4089030307
 21
-2717.311281028029
 31
0.0
  0
LINE
  5
AFD1
330
6ED1
100
AcDbEntity
  8
CH-DIM
 62
     0
440
 16777216
370
    -2
100
AcDbLine
 10
382966.4089030305
 20
-2597.311281028029
 30
0.0
 11
386506.4089030307
 21
-2597.311281028029
 31
0.0
  0
INSERT
  5
AFD2
330
6ED1
100
AcDbEntity
  8
CH-DIM
 62
     0
440
 16777216
370
    -2
100
AcDbBlockReference
  2
_Oblique
 10
383086.4089030305
 20
-2597.311281028029
 30
0.0
 41
150.0
 42
150.0
 43
150.0
 50
180.0
  0
INSERT
  5
AFD3
330
6ED1
100
AcDbEntity
  8
CH-DIM
 62
     0
440
 16777216
370
    -2
100
AcDbBlockReference
  2
_Oblique
 10
386386.4089030307
 20
-2597.311281028029
 30
0.0
 41
150.0
 42
150.0
 43
150.0
  0
MTEXT
  5
AFD4
330
6ED1
100
AcDbEntity
  8
CH-DIM
 62
     0
440
 16777216
100
AcDbMText
 10
384736.4089030307
 20
-2445.598952260906
 30
0.0
 40
124.9999999999999
 41
496.2921737037649
 46
0.0
 71
     5
 72
     5
  1
\A1;3300
  7
JetBrains Mono
 73
     1
 44
1.0
 90
        3
 63
     9
421
 13158600
 45
1.1
441
        0
  0
POINT
  5
AFD5
330
6ED1
100
AcDbEntity
  8
Defpoints
 62
     0
440
 16777216
100
AcDbPoint
 10
383086.4089030305
 20
-2491.245263850069
 30
0.0
  0
POINT
  5
AFD6
330
6ED1
100
AcDbEntity
  8
Defpoints
 62
     0
440
 16777216
100
AcDbPoint
 10
386386.4089030307
 20
-2491.245263850077
 30
0.0
  0
POINT
  5
AFD7
330
6ED1
100
AcDbEntity
  8
Defpoints
 62
     0
440
 16777216
100
AcDbPoint
 10
386386.4089030307
 20
-2597.311281028029
 30
0.0
  0
ENDBLK
  5
6ED3
330
6ED1
100
AcDbEntity
  8
0
100
AcDbBlockEnd
  0
BLOCK
  5
6EDE
330
6EDD
100
AcDbEntity
  8
0
100
AcDbBlockBegin
  2
*D78
 70
     1
 10
0.0
 20
0.0
 30
0.0
  3
*D78
  1

  0
LINE
  5
AFD8
330
6EDD
100
AcDbEntity
  8
CH-DIM
 62
     0
440
 16777216
370
    -2
100
AcDbLine
 10
355493.5075916122
 20
-299.9999999999927
 30
0.0
 11
355644.5736087912
 21
-299.9999999999927
 31
0.0
  0
LINE
  5
AFD9
330
6EDD
100
AcDbEntity
  8
CH-DIM
 62
     0
440
 16777216
370
    -2
100
AcDbLine
 10
355493.5075916122
 20
3000.000000000002
 30
0.0
 11
355644.5736087912
 21
3000.000000000002
 31
0.0
  0
LINE
  5
AFDA
330
6EDD
100
AcDbEntity
  8
CH-DIM
 62
     0
440
 16777216
370
    -2
100
AcDbLine
 10
355524.5736087914
 20
-419.9999999999928
 30
0.0
 11
355524.5736087914
 21
3120.000000000001
 31
0.0
  0
INSERT
  5
AFDB
330
6EDD
100
AcDbEntity
  8
CH-DIM
 62
     0
440
 16777216
370
    -2
100
AcDbBlockReference
  2
_Oblique
 10
355524.5736087914
 20
-299.9999999999927
 30
0.0
 41
150.0
 42
150.0
 43
150.0
 50
270.0
  0
INSERT
  5
AFDC
330
6EDD
100
AcDbEntity
  8
CH-DIM
 62
     0
440
 16777216
370
    -2
100
AcDbBlockReference
  2
_Oblique
 10
355524.5736087914
 20
3000.000000000002
 30
0.0
 41
150.0
 42
150.0
 43
150.0
 50
90.0
  0
MTEXT
  5
AFDD
330
6EDD
100
AcDbEntity
  8
CH-DIM
 62
     0
440
 16777216
100
AcDbMText
 10
355372.8612800241
 20
1349.999999999903
 30
0.0
 40
124.9999999999999
 41
496.2921737037649
 46
0.0
 71
     5
 72
     5
  1
\A1;3300
  7
JetBrains Mono
 11
0.0000000000000001
 21
1.0
 31
0.0
 73
     1
 44
1.0
 90
        3
 63
     9
421
 13158600
 45
1.1
441
        0
  0
POINT
  5
AFDE
330
6EDD
100
AcDbEntity
  8
Defpoints
 62
     0
440
 16777216
100
AcDbPoint
 10
355418.5075916122
 20
-299.9999999999928
 30
0.0
  0
POINT
  5
AFDF
330
6EDD
100
AcDbEntity
  8
Defpoints
 62
     0
440
 16777216
100
AcDbPoint
 10
355418.5075916122
 20
3000.000000000002
 30
0.0
  0
POINT
  5
AFE0
330
6EDD
100
AcDbEntity
  8
Defpoints
 62
     0
440
 16777216
100
AcDbPoint
 10
355524.5736087914
 20
3000.000000000002
 30
0.0
  0
ENDBLK
  5
6EDF
330
6EDD
100
AcDbEntity
  8
0
100
AcDbBlockEnd
  0
BLOCK
  5
6EEA
330
6EE9
100
AcDbEntity
  8
0
100
AcDbBlockBegin
  2
*D79
 70
     1
 10
0.0
 20
0.0
 30
0.0
  3
*D79
  1

  0
LINE
  5
AFE1
330
6EE9
100
AcDbEntity
  8
CH-DIM
 62
     0
440
 16777216
370
    -2
100
AcDbLine
 10
355493.5075916122
 20
3000.000000000002
 30
0.0
 11
355644.5736087912
 21
3000.000000000002
 31
0.0
  0
LINE
  5
AFE2
330
6EE9
100
AcDbEntity
  8
CH-DIM
 62
     0
440
 16777216
370
    -2
100
AcDbLine
 10
355493.5075916122
 20
8000.000000000005
 30
0.0
 11
355644.5736087912
 21
8000.000000000005
 31
0.0
  0
LINE
  5
AFE3
330
6EE9
100
AcDbEntity
  8
CH-DIM
 62
     0
440
 16777216
370
    -2
100
AcDbLine
 10
355524.5736087914
 20
2880.000000000002
 30
0.0
 11
355524.5736087914
 21
8120.000000000002
 31
0.0
  0
INSERT
  5
AFE4
330
6EE9
100
AcDbEntity
  8
CH-DIM
 62
     0
440
 16777216
370
    -2
100
AcDbBlockReference
  2
_Oblique
 10
355524.5736087914
 20
3000.000000000002
 30
0.0
 41
150.0
 42
150.0
 43
150.0
 50
270.0
  0
INSERT
  5
AFE5
330
6EE9
100
AcDbEntity
  8
CH-DIM
 62
     0
440
 16777216
370
    -2
100
AcDbBlockReference
  2
_Oblique
 10
355524.5736087914
 20
8000.000000000005
 30
0.0
 41
150.0
 42
150.0
 43
150.0
 50
90.0
  0
MTEXT
  5
AFE6
330
6EE9
100
AcDbEntity
  8
CH-DIM
 62
     0
440
 16777216
100
AcDbMText
 10
355372.8612800241
 20
5499.9999999999
 30
0.0
 40
124.9999999999999
 41
496.2921737037649
 46
0.0
 71
     5
 72
     5
  1
\A1;5000
  7
JetBrains Mono
 11
0.0000000000000001
 21
1.0
 31
0.0
 73
     1
 44
1.0
 90
        3
 63
     9
421
 13158600
 45
1.1
441
        0
  0
POINT
  5
AFE7
330
6EE9
100
AcDbEntity
  8
Defpoints
 62
     0
440
 16777216
100
AcDbPoint
 10
355418.5075916122
 20
3000.000000000002
 30
0.0
  0
POINT
  5
AFE8
330
6EE9
100
AcDbEntity
  8
Defpoints
 62
     0
440
 16777216
100
AcDbPoint
 10
355418.5075916122
 20
8000.000000000005
 30
0.0
  0
POINT
  5
AFE9
330
6EE9
100
AcDbEntity
  8
Defpoints
 62
     0
440
 16777216
100
AcDbPoint
 10
355524.5736087914
 20
8000.000000000005
 30
0.0
  0
ENDBLK
  5
6EEB
330
6EE9
100
AcDbEntity
  8
0
100
AcDbBlockEnd
  0
BLOCK
  5
6EF6
330
6EF5
100
AcDbEntity
  8
0
100
AcDbBlockBegin
  2
*D80
 70
     1
 10
0.0
 20
0.0
 30
0.0
  3
*D80
  1

  0
LINE
  5
AFEA
330
6EF5
100
AcDbEntity
  8
CH-DIM
 62
     0
440
 16777216
370
    -2
100
AcDbLine
 10
355493.5075916122
 20
8000.000000000005
 30
0.0
 11
355644.5736087916
 21
8000.000000000005
 31
0.0
  0
LINE
  5
AFEB
330
6EF5
100
AcDbEntity
  8
CH-DIM
 62
     0
440
 16777216
370
    -2
100
AcDbLine
 10
355493.5075916122
 20
11000.0
 30
0.0
 11
355644.5736087916
 21
11000.0
 31
0.0
  0
LINE
  5
AFEC
330
6EF5
100
AcDbEntity
  8
CH-DIM
 62
     0
440
 16777216
370
    -2
100
AcDbLine
 10
355524.5736087916
 20
7880.000000000004
 30
0.0
 11
355524.5736087916
 21
11120.0
 31
0.0
  0
INSERT
  5
AFED
330
6EF5
100
AcDbEntity
  8
CH-DIM
 62
     0
440
 16777216
370
    -2
100
AcDbBlockReference
  2
_Oblique
 10
355524.5736087916
 20
8000.000000000005
 30
0.0
 41
150.0
 42
150.0
 43
150.0
 50
270.0
  0
INSERT
  5
AFEE
330
6EF5
100
AcDbEntity
  8
CH-DIM
 62
     0
440
 16777216
370
    -2
100
AcDbBlockReference
  2
_Oblique
 10
355524.5736087916
 20
11000.0
 30
0.0
 41
150.0
 42
150.0
 43
150.0
 50
90.0
  0
MTEXT
  5
AFEF
330
6EF5
100
AcDbEntity
  8
CH-DIM
 62
     0
440
 16777216
100
AcDbMText
 10
355372.8612800244
 20
9499.999999999902
 30
0.0
 40
124.9999999999999
 41
496.2921737037649
 46
0.0
 71
     5
 72
     5
  1
\A1;3000
  7
JetBrains Mono
 11
0.0000000000000001
 21
1.0
 31
0.0
 73
     1
 44
1.0
 90
        3
 63
     9
421
 13158600
 45
1.1
441
        0
  0
POINT
  5
AFF0
330
6EF5
100
AcDbEntity
  8
Defpoints
 62
     0
440
 16777216
100
AcDbPoint
 10
355418.5075916122
 20
8000.000000000005
 30
0.0
  0
POINT
  5
AFF1
330
6EF5
100
AcDbEntity
  8
Defpoints
 62
     0
440
 16777216
100
AcDbPoint
 10
355418.5075916122
 20
11000.0
 30
0.0
  0
POINT
  5
AFF2
330
6EF5
100
AcDbEntity
  8
Defpoints
 62
     0
440
 16777216
100
AcDbPoint
 10
355524.5736087916
 20
11000.0
 30
0.0
  0
ENDBLK
  5
6EF7
330
6EF5
100
AcDbEntity
  8
0
100
AcDbBlockEnd
  0
BLOCK
  5
6F02
330
6F01
100
AcDbEntity
  8
0
100
AcDbBlockBegin
  2
*D81
 70
     1
 10
0.0
 20
0.0
 30
0.0
  3
*D81
  1

  0
LINE
  5
AFF3
330
6F01
100
AcDbEntity
  8
CH-DIM
 62
     0
440
 16777216
370
    -2
100
AcDbLine
 10
355493.5075916122
 20
11000.0
 30
0.0
 11
355644.5736087916
 21
11000.0
 31
0.0
  0
LINE
  5
AFF4
330
6F01
100
AcDbEntity
  8
CH-DIM
 62
     0
440
 16777216
370
    -2
100
AcDbLine
 10
355493.5075916122
 20
15000.0
 30
0.0
 11
355644.5736087916
 21
15000.0
 31
0.0
  0
LINE
  5
AFF5
330
6F01
100
AcDbEntity
  8
CH-DIM
 62
     0
440
 16777216
370
    -2
100
AcDbLine
 10
355524.5736087916
 20
10880.0
 30
0.0
 11
355524.5736087916
 21
15120.0
 31
0.0
  0
INSERT
  5
AFF6
330
6F01
100
AcDbEntity
  8
CH-DIM
 62
     0
440
 16777216
370
    -2
100
AcDbBlockReference
  2
_Oblique
 10
355524.5736087916
 20
11000.0
 30
0.0
 41
150.0
 42
150.0
 43
150.0
 50
270.0
  0
INSERT
  5
AFF7
330
6F01
100
AcDbEntity
  8
CH-DIM
 62
     0
440
 16777216
370
    -2
100
AcDbBlockReference
  2
_Oblique
 10
355524.5736087916
 20
15000.0
 30
0.0
 41
150.0
 42
150.0
 43
150.0
 50
90.0
  0
MTEXT
  5
AFF8
330
6F01
100
AcDbEntity
  8
CH-DIM
 62
     0
440
 16777216
100
AcDbMText
 10
355372.8612800244
 20
12999.9999999999
 30
0.0
 40
124.9999999999999
 41
496.2921737037649
 46
0.0
 71
     5
 72
     5
  1
\A1;4000
  7
JetBrains Mono
 11
0.0000000000000001
 21
1.0
 31
0.0
 73
     1
 44
1.0
 90
        3
 63
     9
421
 13158600
 45
1.1
441
        0
  0
POINT
  5
AFF9
330
6F01
100
AcDbEntity
  8
Defpoints
 62
     0
440
 16777216
100
AcDbPoint
 10
355418.5075916122
 20
11000.0
 30
0.0
  0
POINT
  5
AFFA
330
6F01
100
AcDbEntity
  8
Defpoints
 62
     0
440
 16777216
100
AcDbPoint
 10
355418.5075916122
 20
15000.0
 30
0.0
  0
POINT
  5
AFFB
330
6F01
100
AcDbEntity
  8
Defpoints
 62
     0
440
 16777216
100
AcDbPoint
 10
355524.5736087916
 20
15000.0
 30
0.0
  0
ENDBLK
  5
6F03
330
6F01
100
AcDbEntity
  8
0
100
AcDbBlockEnd
  0
BLOCK
  5
6F0E
330
6F0D
100
AcDbEntity
  8
0
100
AcDbBlockBegin
  2
*D82
 70
     1
 10
0.0
 20
0.0
 30
0.0
  3
*D82
  1

  0
LINE
  5
AFFC
330
6F0D
100
AcDbEntity
  8
CH-DIM
 62
     0
440
 16777216
370
    -2
100
AcDbLine
 10
355493.5075916122
 20
15000.0
 30
0.0
 11
355644.5736087916
 21
15000.0
 31
0.0
  0
LINE
  5
AFFD
330
6F0D
100
AcDbEntity
  8
CH-DIM
 62
     0
440
 16777216
370
    -2
100
AcDbLine
 10
355493.5075916122
 20
17999.99999999999
 30
0.0
 11
355644.5736087916
 21
17999.99999999999
 31
0.0
  0
LINE
  5
AFFE
330
6F0D
100
AcDbEntity
  8
CH-DIM
 62
     0
440
 16777216
370
    -2
100
AcDbLine
 10
355524.5736087916
 20
14880.0
 30
0.0
 11
355524.5736087916
 21
18119.99999999999
 31
0.0
  0
INSERT
  5
AFFF
330
6F0D
100
AcDbEntity
  8
CH-DIM
 62
     0
440
 16777216
370
    -2
100
AcDbBlockReference
  2
_Oblique
 10
355524.5736087916
 20
15000.0
 30
0.0
 41
150.0
 42
150.0
 43
150.0
 50
270.0
  0
INSERT
  5
B000
330
6F0D
100
AcDbEntity
  8
CH-DIM
 62
     0
440
 16777216
370
    -2
100
AcDbBlockReference
  2
_Oblique
 10
355524.5736087916
 20
17999.99999999999
 30
0.0
 41
150.0
 42
150.0
 43
150.0
 50
90.0
  0
MTEXT
  5
B001
330
6F0D
100
AcDbEntity
  8
CH-DIM
 62
     0
440
 16777216
100
AcDbMText
 10
355372.8612800244
 20
16499.99999999989
 30
0.0
 40
124.9999999999999
 41
496.2921737037649
 46
0.0
 71
     5
 72
     5
  1
\A1;3000
  7
JetBrains Mono
 11
0.0000000000000001
 21
1.0
 31
0.0
 73
     1
 44
1.0
 90
        3
 63
     9
421
 13158600
 45
1.1
441
        0
  0
POINT
  5
B002
330
6F0D
100
AcDbEntity
  8
Defpoints
 62
     0
440
 16777216
100
AcDbPoint
 10
355418.5075916122
 20
15000.0
 30
0.0
  0
POINT
  5
B003
330
6F0D
100
AcDbEntity
  8
Defpoints
 62
     0
440
 16777216
100
AcDbPoint
 10
355418.5075916122
 20
17999.99999999999
 30
0.0
  0
POINT
  5
B004
330
6F0D
100
AcDbEntity
  8
Defpoints
 62
     0
440
 16777216
100
AcDbPoint
 10
355524.5736087916
 20
17999.99999999999
 30
0.0
  0
ENDBLK
  5
6F0F
330
6F0D
100
AcDbEntity
  8
0
100
AcDbBlockEnd
  0
BLOCK
  5
6F1A
330
6F19
100
AcDbEntity
  8
0
100
AcDbBlockBegin
  2
*D83
 70
     1
 10
0.0
 20
0.0
 30
0.0
  3
*D83
  1

  0
LINE
  5
B005
330
6F19
100
AcDbEntity
  8
CH-DIM
 62
     0
440
 16777216
370
    -2
100
AcDbLine
 10
355493.5075916122
 20
17999.99999999999
 30
0.0
 11
355644.5736087916
 21
17999.99999999999
 31
0.0
  0
LINE
  5
B006
330
6F19
100
AcDbEntity
  8
CH-DIM
 62
     0
440
 16777216
370
    -2
100
AcDbLine
 10
355493.5075916122
 20
23000.0
 30
0.0
 11
355644.5736087916
 21
23000.0
 31
0.0
  0
LINE
  5
B007
330
6F19
100
AcDbEntity
  8
CH-DIM
 62
     0
440
 16777216
370
    -2
100
AcDbLine
 10
355524.5736087916
 20
17879.99999999999
 30
0.0
 11
355524.5736087916
 21
23120.0
 31
0.0
  0
INSERT
  5
B008
330
6F19
100
AcDbEntity
  8
CH-DIM
 62
     0
440
 16777216
370
    -2
100
AcDbBlockReference
  2
_Oblique
 10
355524.5736087916
 20
17999.99999999999
 30
0.0
 41
150.0
 42
150.0
 43
150.0
 50
270.0
  0
INSERT
  5
B009
330
6F19
100
AcDbEntity
  8
CH-DIM
 62
     0
440
 16777216
370
    -2
100
AcDbBlockReference
  2
_Oblique
 10
355524.5736087916
 20
23000.0
 30
0.0
 41
150.0
 42
150.0
 43
150.0
 50
90.0
  0
MTEXT
  5
B00A
330
6F19
100
AcDbEntity
  8
CH-DIM
 62
     0
440
 16777216
100
AcDbMText
 10
355372.8612800244
 20
20499.99999999989
 30
0.0
 40
124.9999999999999
 41
496.2921737037649
 46
0.0
 71
     5
 72
     5
  1
\A1;5000
  7
JetBrains Mono
 11
0.0000000000000001
 21
1.0
 31
0.0
 73
     1
 44
1.0
 90
        3
 63
     9
421
 13158600
 45
1.1
441
        0
  0
POINT
  5
B00B
330
6F19
100
AcDbEntity
  8
Defpoints
 62
     0
440
 16777216
100
AcDbPoint
 10
355418.5075916122
 20
17999.99999999999
 30
0.0
  0
POINT
  5
B00C
330
6F19
100
AcDbEntity
  8
Defpoints
 62
     0
440
 16777216
100
AcDbPoint
 10
355418.5075916122
 20
23000.0
 30
0.0
  0
POINT
  5
B00D
330
6F19
100
AcDbEntity
  8
Defpoints
 62
     0
440
 16777216
100
AcDbPoint
 10
355524.5736087916
 20
23000.0
 30
0.0
  0
ENDBLK
  5
6F1B
330
6F19
100
AcDbEntity
  8
0
100
AcDbBlockEnd
  0
BLOCK
  5
6F26
330
6F25
100
AcDbEntity
  8
0
100
AcDbBlockBegin
  2
*D84
 70
     1
 10
0.0
 20
0.0
 30
0.0
  3
*D84
  1

  0
LINE
  5
B00E
330
6F25
100
AcDbEntity
  8
CH-DIM
 62
     0
440
 16777216
370
    -2
100
AcDbLine
 10
355493.5075916122
 20
23000.0
 30
0.0
 11
355644.5736087916
 21
23000.0
 31
0.0
  0
LINE
  5
B00F
330
6F25
100
AcDbEntity
  8
CH-DIM
 62
     0
440
 16777216
370
    -2
100
AcDbLine
 10
355493.5075916122
 20
26300.0
 30
0.0
 11
355644.5736087916
 21
26300.0
 31
0.0
  0
LINE
  5
B010
330
6F25
100
AcDbEntity
  8
CH-DIM
 62
     0
440
 16777216
370
    -2
100
AcDbLine
 10
355524.5736087916
 20
22880.0
 30
0.0
 11
355524.5736087916
 21
26420.0
 31
0.0
  0
INSERT
  5
B011
330
6F25
100
AcDbEntity
  8
CH-DIM
 62
     0
440
 16777216
370
    -2
100
AcDbBlockReference
  2
_Oblique
 10
355524.5736087916
 20
23000.0
 30
0.0
 41
150.0
 42
150.0
 43
150.0
 50
270.0
  0
INSERT
  5
B012
330
6F25
100
AcDbEntity
  8
CH-DIM
 62
     0
440
 16777216
370
    -2
100
AcDbBlockReference
  2
_Oblique
 10
355524.5736087916
 20
26300.0
 30
0.0
 41
150.0
 42
150.0
 43
150.0
 50
90.0
  0
MTEXT
  5
B013
330
6F25
100
AcDbEntity
  8
CH-DIM
 62
     0
440
 16777216
100
AcDbMText
 10
355372.8612800244
 20
24649.99999999989
 30
0.0
 40
124.9999999999999
 41
496.2921737037649
 46
0.0
 71
     5
 72
     5
  1
\A1;3300
  7
JetBrains Mono
 11
0.0000000000000001
 21
1.0
 31
0.0
 73
     1
 44
1.0
 90
        3
 63
     9
421
 13158600
 45
1.1
441
        0
  0
POINT
  5
B014
330
6F25
100
AcDbEntity
  8
Defpoints
 62
     0
440
 16777216
100
AcDbPoint
 10
355418.5075916122
 20
23000.0
 30
0.0
  0
POINT
  5
B015
330
6F25
100
AcDbEntity
  8
Defpoints
 62
     0
440
 16777216
100
AcDbPoint
 10
355418.5075916122
 20
26300.0
 30
0.0
  0
POINT
  5
B016
330
6F25
100
AcDbEntity
  8
Defpoints
 62
     0
440
 16777216
100
AcDbPoint
 10
355524.5736087916
 20
26300.0
 30
0.0
  0
ENDBLK
  5
6F27
330
6F25
100
AcDbEntity
  8
0
100
AcDbBlockEnd
  0
BLOCK
  5
6F32
330
6F31
100
AcDbEntity
  8
0
100
AcDbBlockBegin
  2
*D85
 70
     1
 10
0.0
 20
0.0
 30
0.0
  3
*D85
  1

  0
LINE
  5
B017
330
6F31
100
AcDbEntity
  8
CH-DIM
 62
     0
440
 16777216
370
    -2
100
AcDbLine
 10
355493.5075916122
 20
26300.0
 30
0.0
 11
355644.5736087916
 21
26300.0
 31
0.0
  0
LINE
  5
B018
330
6F31
100
AcDbEntity
  8
CH-DIM
 62
     0
440
 16777216
370
    -2
100
AcDbLine
 10
355493.5075916122
 20
27700.00000000002
 30
0.0
 11
355644.5736087916
 21
27700.00000000002
 31
0.0
  0
LINE
  5
B019
330
6F31
100
AcDbEntity
  8
CH-DIM
 62
     0
440
 16777216
370
    -2
100
AcDbLine
 10
355524.5736087916
 20
26180.0
 30
0.0
 11
355524.5736087916
 21
27820.00000000002
 31
0.0
  0
INSERT
  5
B01A
330
6F31
100
AcDbEntity
  8
CH-DIM
 62
     0
440
 16777216
370
    -2
100
AcDbBlockReference
  2
_Oblique
 10
355524.5736087916
 20
26300.0
 30
0.0
 41
150.0
 42
150.0
 43
150.0
 50
270.0
  0
INSERT
  5
B01B
330
6F31
100
AcDbEntity
  8
CH-DIM
 62
     0
440
 16777216
370
    -2
100
AcDbBlockReference
  2
_Oblique
 10
355524.5736087916
 20
27700.00000000002
 30
0.0
 41
150.0
 42
150.0
 43
150.0
 50
90.0
  0
MTEXT
  5
B01C
330
6F31
100
AcDbEntity
  8
CH-DIM
 62
     0
440
 16777216
100
AcDbMText
 10
355372.8612800244
 20
26999.9999999999
 30
0.0
 40
124.9999999999999
 41
496.2921737037649
 46
0.0
 71
     5
 72
     5
  1
\A1;1400
  7
JetBrains Mono
 11
0.0000000000000001
 21
1.0
 31
0.0
 73
     1
 44
1.0
 90
        3
 63
     9
421
 13158600
 45
1.1
441
        0
  0
POINT
  5
B01D
330
6F31
100
AcDbEntity
  8
Defpoints
 62
     0
440
 16777216
100
AcDbPoint
 10
355418.5075916122
 20
26300.0
 30
0.0
  0
POINT
  5
B01E
330
6F31
100
AcDbEntity
  8
Defpoints
 62
     0
440
 16777216
100
AcDbPoint
 10
355418.5075916122
 20
27700.00000000002
 30
0.0
  0
POINT
  5
B01F
330
6F31
100
AcDbEntity
  8
Defpoints
 62
     0
440
 16777216
100
AcDbPoint
 10
355524.5736087916
 20
27700.00000000002
 30
0.0
  0
ENDBLK
  5
6F33
330
6F31
100
AcDbEntity
  8
0
100
AcDbBlockEnd
  0
BLOCK
  5
6F3E
330
6F3D
100
AcDbEntity
  8
0
100
AcDbBlockBegin
  2
*D86
 70
     1
 10
0.0
 20
0.0
 30
0.0
  3
*D86
  1

  0
LINE
  5
B020
330
6F3D
100
AcDbEntity
  8
CH-DIM
 62
     0
440
 16777216
370
    -2
100
AcDbLine
 10
356493.5075916122
 20
-300.0
 30
0.0
 11
356644.5736087916
 21
-300.0
 31
0.0
  0
LINE
  5
B021
330
6F3D
100
AcDbEntity
  8
CH-DIM
 62
     0
440
 16777216
370
    -2
100
AcDbLine
 10
356493.5075916122
 20
27700.00000000002
 30
0.0
 11
356644.5736087916
 21
27700.00000000002
 31
0.0
  0
LINE
  5
B022
330
6F3D
100
AcDbEntity
  8
CH-DIM
 62
     0
440
 16777216
370
    -2
100
AcDbLine
 10
356524.5736087916
 20
-420.0000000000001
 30
0.0
 11
356524.5736087916
 21
27820.00000000002
 31
0.0
  0
INSERT
  5
B023
330
6F3D
100
AcDbEntity
  8
CH-DIM
 62
     0
440
 16777216
370
    -2
100
AcDbBlockReference
  2
_Oblique
 10
356524.5736087916
 20
-300.0
 30
0.0
 41
150.0
 42
150.0
 43
150.0
 50
270.0
  0
INSERT
  5
B024
330
6F3D
100
AcDbEntity
  8
CH-DIM
 62
     0
440
 16777216
370
    -2
100
AcDbBlockReference
  2
_Oblique
 10
356524.5736087916
 20
27700.00000000002
 30
0.0
 41
150.0
 42
150.0
 43
150.0
 50
90.0
  0
MTEXT
  5
B025
330
6F3D
100
AcDbEntity
  8
CH-DIM
 62
     0
440
 16777216
100
AcDbMText
 10
356372.7756635862
 20
13699.9999999999
 30
0.0
 40
124.9999999999999
 41
620.3652171297061
 46
0.0
 71
     5
 72
     5
  1
\A1;28000
  7
JetBrains Mono
 11
0.0000000000000001
 21
1.0
 31
0.0
 73
     1
 44
1.0
 90
        3
 63
     9
421
 13158600
 45
1.1
441
        0
  0
POINT
  5
B026
330
6F3D
100
AcDbEntity
  8
Defpoints
 62
     0
440
 16777216
100
AcDbPoint
 10
356418.5075916121
 20
-300.0000000000001
 30
0.0
  0
POINT
  5
B027
330
6F3D
100
AcDbEntity
  8
Defpoints
 62
     0
440
 16777216
100
AcDbPoint
 10
356418.5075916121
 20
27700.00000000002
 30
0.0
  0
POINT
  5
B028
330
6F3D
100
AcDbEntity
  8
Defpoints
 62
     0
440
 16777216
100
AcDbPoint
 10
356524.5736087916
 20
27700.00000000002
 30
0.0
  0
ENDBLK
  5
6F3F
330
6F3D
100
AcDbEntity
  8
0
100
AcDbBlockEnd
  0
BLOCK
  5
6F4A
330
6F49
100
AcDbEntity
  8
0
100
AcDbBlockBegin
  2
*D87
 70
     1
 10
0.0
 20
0.0
 30
0.0
  3
*D87
  1

  0
LINE
  5
B029
330
6F49
100
AcDbEntity
  8
CH-DIM
 62
     0
440
 16777216
370
    -2
100
AcDbLine
 10
357786.4089030307
 20
-1566.245263850003
 30
0.0
 11
357786.4089030307
 21
-1717.311281028036
 31
0.0
  0
LINE
  5
B02A
330
6F49
100
AcDbEntity
  8
CH-DIM
 62
     0
440
 16777216
370
    -2
100
AcDbLine
 10
386386.4089030307
 20
-1566.245263850047
 30
0.0
 11
386386.4089030307
 21
-1717.311281028036
 31
0.0
  0
LINE
  5
B02B
330
6F49
100
AcDbEntity
  8
CH-DIM
 62
     0
440
 16777216
370
    -2
100
AcDbLine
 10
357666.4089030308
 20
-1597.311281028036
 30
0.0
 11
386506.4089030307
 21
-1597.311281028036
 31
0.0
  0
INSERT
  5
B02C
330
6F49
100
AcDbEntity
  8
CH-DIM
 62
     0
440
 16777216
370
    -2
100
AcDbBlockReference
  2
_Oblique
 10
357786.4089030307
 20
-1597.311281028036
 30
0.0
 41
150.0
 42
150.0
 43
150.0
 50
180.0
  0
INSERT
  5
B02D
330
6F49
100
AcDbEntity
  8
CH-DIM
 62
     0
440
 16777216
370
    -2
100
AcDbBlockReference
  2
_Oblique
 10
386386.4089030307
 20
-1597.311281028036
 30
0.0
 41
150.0
 42
150.0
 43
150.0
  0
MTEXT
  5
B02E
330
6F49
100
AcDbEntity
  8
CH-DIM
 62
     0
440
 16777216
100
AcDbMText
 10
372086.4089030307
 20
-1445.513335822556
 30
0.0
 40
124.9999999999999
 41
620.3652171297061
 46
0.0
 71
     5
 72
     5
  1
\A1;28600
  7
JetBrains Mono
 73
     1
 44
1.0
 90
        3
 63
     9
421
 13158600
 45
1.1
441
        0
  0
POINT
  5
B02F
330
6F49
100
AcDbEntity
  8
Defpoints
 62
     0
440
 16777216
100
AcDbPoint
 10
357786.4089030307
 20
-1491.245263850003
 30
0.0
  0
POINT
  5
B030
330
6F49
100
AcDbEntity
  8
Defpoints
 62
     0
440
 16777216
100
AcDbPoint
 10
386386.4089030307
 20
-1491.245263850047
 30
0.0
  0
POINT
  5
B031
330
6F49
100
AcDbEntity
  8
Defpoints
 62
     0
440
 16777216
100
AcDbPoint
 10
386386.4089030307
 20
-1597.311281028036
 30
0.0
  0
ENDBLK
  5
6F4B
330
6F49
100
AcDbEntity
  8
0
100
AcDbBlockEnd
  0
BLOCK
  5
87A7
330
87A6
100
AcDbEntity
  8
0
100
AcDbBlockBegin
  2
*D88
 70
     1
 10
0.0
 20
0.0
 30
0.0
  3
*D88
  1

  0
LINE
  5
AE67
330
87A6
100
AcDbEntity
  8
CH-DIM
 62
     0
440
 16777216
370
    -2
100
AcDbLine
 10
291912.2714379981
 20
-2566.245263850025
 30
0.0
 11
291912.2714379981
 21
-2717.311281028029
 31
0.0
  0
LINE
  5
AE68
330
87A6
100
AcDbEntity
  8
CH-DIM
 62
     0
440
 16777216
370
    -2
100
AcDbLine
 10
295212.271437998
 20
-2566.245263850033
 30
0.0
 11
295212.271437998
 21
-2717.311281028029
 31
0.0
  0
LINE
  5
AE69
330
87A6
100
AcDbEntity
  8
CH-DIM
 62
     0
440
 16777216
370
    -2
100
AcDbLine
 10
291792.2714379981
 20
-2597.311281028029
 30
0.0
 11
295332.271437998
 21
-2597.311281028029
 31
0.0
  0
INSERT
  5
AE6A
330
87A6
100
AcDbEntity
  8
CH-DIM
 62
     0
440
 16777216
370
    -2
100
AcDbBlockReference
  2
_Oblique
 10
291912.2714379981
 20
-2597.311281028029
 30
0.0
 41
150.0
 42
150.0
 43
150.0
 50
180.0
  0
INSERT
  5
AE6B
330
87A6
100
AcDbEntity
  8
CH-DIM
 62
     0
440
 16777216
370
    -2
100
AcDbBlockReference
  2
_Oblique
 10
295212.271437998
 20
-2597.311281028029
 30
0.0
 41
150.0
 42
150.0
 43
150.0
  0
MTEXT
  5
AE6C
330
87A6
100
AcDbEntity
  8
CH-DIM
 62
     0
440
 16777216
100
AcDbMText
 10
293562.2714379981
 20
-2445.598952260906
 30
0.0
 40
124.9999999999999
 41
496.2921737037649
 46
0.0
 71
     5
 72
     5
  1
\A1;3300
  7
JetBrains Mono
 73
     1
 44
1.0
 90
        3
 63
     9
421
 13158600
 45
1.1
441
        0
  0
POINT
  5
AE6D
330
87A6
100
AcDbEntity
  8
Defpoints
 62
     0
440
 16777216
100
AcDbPoint
 10
291912.2714379981
 20
-2491.245263850025
 30
0.0
  0
POINT
  5
AE6E
330
87A6
100
AcDbEntity
  8
Defpoints
 62
     0
440
 16777216
100
AcDbPoint
 10
295212.271437998
 20
-2491.245263850033
 30
0.0
  0
POINT
  5
AE6F
330
87A6
100
AcDbEntity
  8
Defpoints
 62
     0
440
 16777216
100
AcDbPoint
 10
295212.271437998
 20
-2597.311281028029
 30
0.0
  0
ENDBLK
  5
87A8
330
87A6
100
AcDbEntity
  8
0
100
AcDbBlockEnd
  0
BLOCK
  5
87B3
330
87B2
100
AcDbEntity
  8
0
100
AcDbBlockBegin
  2
*D89
 70
     1
 10
0.0
 20
0.0
 30
0.0
  3
*D89
  1

  0
LINE
  5
AE70
330
87B2
100
AcDbEntity
  8
CH-DIM
 62
     0
440
 16777216
370
    -2
100
AcDbLine
 10
295212.271437998
 20
-2566.245263850033
 30
0.0
 11
295212.271437998
 21
-2717.311281028029
 31
0.0
  0
LINE
  5
AE71
330
87B2
100
AcDbEntity
  8
CH-DIM
 62
     0
440
 16777216
370
    -2
100
AcDbLine
 10
300212.271437998
 20
-2566.24526385004
 30
0.0
 11
300212.271437998
 21
-2717.311281028029
 31
0.0
  0
LINE
  5
AE72
330
87B2
100
AcDbEntity
  8
CH-DIM
 62
     0
440
 16777216
370
    -2
100
AcDbLine
 10
295092.271437998
 20
-2597.311281028029
 30
0.0
 11
300332.271437998
 21
-2597.311281028029
 31
0.0
  0
INSERT
  5
AE73
330
87B2
100
AcDbEntity
  8
CH-DIM
 62
     0
440
 16777216
370
    -2
100
AcDbBlockReference
  2
_Oblique
 10
295212.271437998
 20
-2597.311281028029
 30
0.0
 41
150.0
 42
150.0
 43
150.0
 50
180.0
  0
INSERT
  5
AE74
330
87B2
100
AcDbEntity
  8
CH-DIM
 62
     0
440
 16777216
370
    -2
100
AcDbBlockReference
  2
_Oblique
 10
300212.271437998
 20
-2597.311281028029
 30
0.0
 41
150.0
 42
150.0
 43
150.0
  0
MTEXT
  5
AE75
330
87B2
100
AcDbEntity
  8
CH-DIM
 62
     0
440
 16777216
100
AcDbMText
 10
297712.271437998
 20
-2445.598952260906
 30
0.0
 40
124.9999999999999
 41
496.2921737037649
 46
0.0
 71
     5
 72
     5
  1
\A1;5000
  7
JetBrains Mono
 73
     1
 44
1.0
 90
        3
 63
     9
421
 13158600
 45
1.1
441
        0
  0
POINT
  5
AE76
330
87B2
100
AcDbEntity
  8
Defpoints
 62
     0
440
 16777216
100
AcDbPoint
 10
295212.271437998
 20
-2491.245263850033
 30
0.0
  0
POINT
  5
AE77
330
87B2
100
AcDbEntity
  8
Defpoints
 62
     0
440
 16777216
100
AcDbPoint
 10
300212.271437998
 20
-2491.24526385004
 30
0.0
  0
POINT
  5
AE78
330
87B2
100
AcDbEntity
  8
Defpoints
 62
     0
440
 16777216
100
AcDbPoint
 10
300212.271437998
 20
-2597.311281028029
 30
0.0
  0
ENDBLK
  5
87B4
330
87B2
100
AcDbEntity
  8
0
100
AcDbBlockEnd
  0
BLOCK
  5
87BF
330
87BE
100
AcDbEntity
  8
0
100
AcDbBlockBegin
  2
*D90
 70
     1
 10
0.0
 20
0.0
 30
0.0
  3
*D90
  1

  0
LINE
  5
AE79
330
87BE
100
AcDbEntity
  8
CH-DIM
 62
     0
440
 16777216
370
    -2
100
AcDbLine
 10
300212.271437998
 20
-2566.24526385004
 30
0.0
 11
300212.271437998
 21
-2717.311281028029
 31
0.0
  0
LINE
  5
AE7A
330
87BE
100
AcDbEntity
  8
CH-DIM
 62
     0
440
 16777216
370
    -2
100
AcDbLine
 10
303212.2714379982
 20
-2566.245263850047
 30
0.0
 11
303212.2714379982
 21
-2717.311281028029
 31
0.0
  0
LINE
  5
AE7B
330
87BE
100
AcDbEntity
  8
CH-DIM
 62
     0
440
 16777216
370
    -2
100
AcDbLine
 10
300092.271437998
 20
-2597.311281028029
 30
0.0
 11
303332.2714379983
 21
-2597.311281028029
 31
0.0
  0
INSERT
  5
AE7C
330
87BE
100
AcDbEntity
  8
CH-DIM
 62
     0
440
 16777216
370
    -2
100
AcDbBlockReference
  2
_Oblique
 10
300212.271437998
 20
-2597.311281028029
 30
0.0
 41
150.0
 42
150.0
 43
150.0
 50
180.0
  0
INSERT
  5
AE7D
330
87BE
100
AcDbEntity
  8
CH-DIM
 62
     0
440
 16777216
370
    -2
100
AcDbBlockReference
  2
_Oblique
 10
303212.2714379982
 20
-2597.311281028029
 30
0.0
 41
150.0
 42
150.0
 43
150.0
  0
MTEXT
  5
AE7E
330
87BE
100
AcDbEntity
  8
CH-DIM
 62
     0
440
 16777216
100
AcDbMText
 10
301712.2714379981
 20
-2445.598952260906
 30
0.0
 40
124.9999999999999
 41
496.2921737037649
 46
0.0
 71
     5
 72
     5
  1
\A1;3000
  7
JetBrains Mono
 73
     1
 44
1.0
 90
        3
 63
     9
421
 13158600
 45
1.1
441
        0
  0
POINT
  5
AE7F
330
87BE
100
AcDbEntity
  8
Defpoints
 62
     0
440
 16777216
100
AcDbPoint
 10
300212.271437998
 20
-2491.24526385004
 30
0.0
  0
POINT
  5
AE80
330
87BE
100
AcDbEntity
  8
Defpoints
 62
     0
440
 16777216
100
AcDbPoint
 10
303212.2714379982
 20
-2491.245263850047
 30
0.0
  0
POINT
  5
AE81
330
87BE
100
AcDbEntity
  8
Defpoints
 62
     0
440
 16777216
100
AcDbPoint
 10
303212.2714379982
 20
-2597.311281028029
 30
0.0
  0
ENDBLK
  5
87C0
330
87BE
100
AcDbEntity
  8
0
100
AcDbBlockEnd
  0
BLOCK
  5
87CB
330
87CA
100
AcDbEntity
  8
0
100
AcDbBlockBegin
  2
*D91
 70
     1
 10
0.0
 20
0.0
 30
0.0
  3
*D91
  1

  0
LINE
  5
AE82
330
87CA
100
AcDbEntity
  8
CH-DIM
 62
     0
440
 16777216
370
    -2
100
AcDbLine
 10
303212.2714379982
 20
-2566.245263850047
 30
0.0
 11
303212.2714379982
 21
-2717.311281028029
 31
0.0
  0
LINE
  5
AE83
330
87CA
100
AcDbEntity
  8
CH-DIM
 62
     0
440
 16777216
370
    -2
100
AcDbLine
 10
309212.2714379981
 20
-2566.245263850055
 30
0.0
 11
309212.2714379981
 21
-2717.311281028029
 31
0.0
  0
LINE
  5
AE84
330
87CA
100
AcDbEntity
  8
CH-DIM
 62
     0
440
 16777216
370
    -2
100
AcDbLine
 10
303092.2714379983
 20
-2597.311281028029
 30
0.0
 11
309332.2714379981
 21
-2597.311281028029
 31
0.0
  0
INSERT
  5
AE85
330
87CA
100
AcDbEntity
  8
CH-DIM
 62
     0
440
 16777216
370
    -2
100
AcDbBlockReference
  2
_Oblique
 10
303212.2714379982
 20
-2597.311281028029
 30
0.0
 41
150.0
 42
150.0
 43
150.0
 50
180.0
  0
INSERT
  5
AE86
330
87CA
100
AcDbEntity
  8
CH-DIM
 62
     0
440
 16777216
370
    -2
100
AcDbBlockReference
  2
_Oblique
 10
309212.2714379981
 20
-2597.311281028029
 30
0.0
 41
150.0
 42
150.0
 43
150.0
  0
MTEXT
  5
AE87
330
87CA
100
AcDbEntity
  8
CH-DIM
 62
     0
440
 16777216
100
AcDbMText
 10
306212.2714379983
 20
-2445.598952260906
 30
0.0
 40
124.9999999999999
 41
496.2921737037649
 46
0.0
 71
     5
 72
     5
  1
\A1;6000
  7
JetBrains Mono
 73
     1
 44
1.0
 90
        3
 63
     9
421
 13158600
 45
1.1
441
        0
  0
POINT
  5
AE88
330
87CA
100
AcDbEntity
  8
Defpoints
 62
     0
440
 16777216
100
AcDbPoint
 10
303212.2714379982
 20
-2491.245263850047
 30
0.0
  0
POINT
  5
AE89
330
87CA
100
AcDbEntity
  8
Defpoints
 62
     0
440
 16777216
100
AcDbPoint
 10
309212.2714379981
 20
-2491.245263850055
 30
0.0
  0
POINT
  5
AE8A
330
87CA
100
AcDbEntity
  8
Defpoints
 62
     0
440
 16777216
100
AcDbPoint
 10
309212.2714379981
 20
-2597.311281028029
 30
0.0
  0
ENDBLK
  5
87CC
330
87CA
100
AcDbEntity
  8
0
100
AcDbBlockEnd
  0
BLOCK
  5
87D7
330
87D6
100
AcDbEntity
  8
0
100
AcDbBlockBegin
  2
*D92
 70
     1
 10
0.0
 20
0.0
 30
0.0
  3
*D92
  1

  0
LINE
  5
AE8B
330
87D6
100
AcDbEntity
  8
CH-DIM
 62
     0
440
 16777216
370
    -2
100
AcDbLine
 10
309212.2714379981
 20
-2566.245263850055
 30
0.0
 11
309212.2714379981
 21
-2717.311281028029
 31
0.0
  0
LINE
  5
AE8C
330
87D6
100
AcDbEntity
  8
CH-DIM
 62
     0
440
 16777216
370
    -2
100
AcDbLine
 10
312212.2714379981
 20
-2566.245263850062
 30
0.0
 11
312212.2714379981
 21
-2717.311281028029
 31
0.0
  0
LINE
  5
AE8D
330
87D6
100
AcDbEntity
  8
CH-DIM
 62
     0
440
 16777216
370
    -2
100
AcDbLine
 10
309092.2714379981
 20
-2597.311281028029
 30
0.0
 11
312332.2714379981
 21
-2597.311281028029
 31
0.0
  0
INSERT
  5
AE8E
330
87D6
100
AcDbEntity
  8
CH-DIM
 62
     0
440
 16777216
370
    -2
100
AcDbBlockReference
  2
_Oblique
 10
309212.2714379981
 20
-2597.311281028029
 30
0.0
 41
150.0
 42
150.0
 43
150.0
 50
180.0
  0
INSERT
  5
AE8F
330
87D6
100
AcDbEntity
  8
CH-DIM
 62
     0
440
 16777216
370
    -2
100
AcDbBlockReference
  2
_Oblique
 10
312212.2714379981
 20
-2597.311281028029
 30
0.0
 41
150.0
 42
150.0
 43
150.0
  0
MTEXT
  5
AE90
330
87D6
100
AcDbEntity
  8
CH-DIM
 62
     0
440
 16777216
100
AcDbMText
 10
310712.2714379981
 20
-2445.598952260906
 30
0.0
 40
124.9999999999999
 41
496.2921737037649
 46
0.0
 71
     5
 72
     5
  1
\A1;3000
  7
JetBrains Mono
 73
     1
 44
1.0
 90
        3
 63
     9
421
 13158600
 45
1.1
441
        0
  0
POINT
  5
AE91
330
87D6
100
AcDbEntity
  8
Defpoints
 62
     0
440
 16777216
100
AcDbPoint
 10
309212.2714379981
 20
-2491.245263850055
 30
0.0
  0
POINT
  5
AE92
330
87D6
100
AcDbEntity
  8
Defpoints
 62
     0
440
 16777216
100
AcDbPoint
 10
312212.2714379981
 20
-2491.245263850062
 30
0.0
  0
POINT
  5
AE93
330
87D6
100
AcDbEntity
  8
Defpoints
 62
     0
440
 16777216
100
AcDbPoint
 10
312212.2714379981
 20
-2597.311281028029
 30
0.0
  0
ENDBLK
  5
87D8
330
87D6
100
AcDbEntity
  8
0
100
AcDbBlockEnd
  0
BLOCK
  5
87E3
330
87E2
100
AcDbEntity
  8
0
100
AcDbBlockBegin
  2
*D93
 70
     1
 10
0.0
 20
0.0
 30
0.0
  3
*D93
  1

  0
LINE
  5
AE94
330
87E2
100
AcDbEntity
  8
CH-DIM
 62
     0
440
 16777216
370
    -2
100
AcDbLine
 10
312212.2714379981
 20
-2566.245263850062
 30
0.0
 11
312212.2714379981
 21
-2717.311281028029
 31
0.0
  0
LINE
  5
AE95
330
87E2
100
AcDbEntity
  8
CH-DIM
 62
     0
440
 16777216
370
    -2
100
AcDbLine
 10
317212.2714379979
 20
-2566.245263850069
 30
0.0
 11
317212.2714379979
 21
-2717.311281028029
 31
0.0
  0
LINE
  5
AE96
330
87E2
100
AcDbEntity
  8
CH-DIM
 62
     0
440
 16777216
370
    -2
100
AcDbLine
 10
312092.2714379981
 20
-2597.311281028029
 30
0.0
 11
317332.2714379979
 21
-2597.311281028029
 31
0.0
  0
INSERT
  5
AE97
330
87E2
100
AcDbEntity
  8
CH-DIM
 62
     0
440
 16777216
370
    -2
100
AcDbBlockReference
  2
_Oblique
 10
312212.2714379981
 20
-2597.311281028029
 30
0.0
 41
150.0
 42
150.0
 43
150.0
 50
180.0
  0
INSERT
  5
AE98
330
87E2
100
AcDbEntity
  8
CH-DIM
 62
     0
440
 16777216
370
    -2
100
AcDbBlockReference
  2
_Oblique
 10
317212.2714379979
 20
-2597.311281028029
 30
0.0
 41
150.0
 42
150.0
 43
150.0
  0
MTEXT
  5
AE99
330
87E2
100
AcDbEntity
  8
CH-DIM
 62
     0
440
 16777216
100
AcDbMText
 10
314712.271437998
 20
-2445.598952260906
 30
0.0
 40
124.9999999999999
 41
496.2921737037649
 46
0.0
 71
     5
 72
     5
  1
\A1;5000
  7
JetBrains Mono
 73
     1
 44
1.0
 90
        3
 63
     9
421
 13158600
 45
1.1
441
        0
  0
POINT
  5
AE9A
330
87E2
100
AcDbEntity
  8
Defpoints
 62
     0
440
 16777216
100
AcDbPoint
 10
312212.2714379981
 20
-2491.245263850062
 30
0.0
  0
POINT
  5
AE9B
330
87E2
100
AcDbEntity
  8
Defpoints
 62
     0
440
 16777216
100
AcDbPoint
 10
317212.2714379979
 20
-2491.245263850069
 30
0.0
  0
POINT
  5
AE9C
330
87E2
100
AcDbEntity
  8
Defpoints
 62
     0
440
 16777216
100
AcDbPoint
 10
317212.2714379979
 20
-2597.311281028029
 30
0.0
  0
ENDBLK
  5
87E4
330
87E2
100
AcDbEntity
  8
0
100
AcDbBlockEnd
  0
BLOCK
  5
87EF
330
87EE
100
AcDbEntity
  8
0
100
AcDbBlockBegin
  2
*D94
 70
     1
 10
0.0
 20
0.0
 30
0.0
  3
*D94
  1

  0
LINE
  5
AE9D
330
87EE
100
AcDbEntity
  8
CH-DIM
 62
     0
440
 16777216
370
    -2
100
AcDbLine
 10
317212.2714379979
 20
-2566.245263850069
 30
0.0
 11
317212.2714379979
 21
-2717.311281028029
 31
0.0
  0
LINE
  5
AE9E
330
87EE
100
AcDbEntity
  8
CH-DIM
 62
     0
440
 16777216
370
    -2
100
AcDbLine
 10
320512.2714379982
 20
-2566.245263850077
 30
0.0
 11
320512.2714379982
 21
-2717.311281028029
 31
0.0
  0
LINE
  5
AE9F
330
87EE
100
AcDbEntity
  8
CH-DIM
 62
     0
440
 16777216
370
    -2
100
AcDbLine
 10
317092.2714379979
 20
-2597.311281028029
 30
0.0
 11
320632.2714379982
 21
-2597.311281028029
 31
0.0
  0
INSERT
  5
AEA0
330
87EE
100
AcDbEntity
  8
CH-DIM
 62
     0
440
 16777216
370
    -2
100
AcDbBlockReference
  2
_Oblique
 10
317212.2714379979
 20
-2597.311281028029
 30
0.0
 41
150.0
 42
150.0
 43
150.0
 50
180.0
  0
INSERT
  5
AEA1
330
87EE
100
AcDbEntity
  8
CH-DIM
 62
     0
440
 16777216
370
    -2
100
AcDbBlockReference
  2
_Oblique
 10
320512.2714379982
 20
-2597.311281028029
 30
0.0
 41
150.0
 42
150.0
 43
150.0
  0
MTEXT
  5
AEA2
330
87EE
100
AcDbEntity
  8
CH-DIM
 62
     0
440
 16777216
100
AcDbMText
 10
318862.2714379981
 20
-2445.598952260906
 30
0.0
 40
124.9999999999999
 41
496.2921737037649
 46
0.0
 71
     5
 72
     5
  1
\A1;3300
  7
JetBrains Mono
 73
     1
 44
1.0
 90
        3
 63
     9
421
 13158600
 45
1.1
441
        0
  0
POINT
  5
AEA3
330
87EE
100
AcDbEntity
  8
Defpoints
 62
     0
440
 16777216
100
AcDbPoint
 10
317212.2714379979
 20
-2491.245263850069
 30
0.0
  0
POINT
  5
AEA4
330
87EE
100
AcDbEntity
  8
Defpoints
 62
     0
440
 16777216
100
AcDbPoint
 10
320512.2714379982
 20
-2491.245263850077
 30
0.0
  0
POINT
  5
AEA5
330
87EE
100
AcDbEntity
  8
Defpoints
 62
     0
440
 16777216
100
AcDbPoint
 10
320512.2714379982
 20
-2597.311281028029
 30
0.0
  0
ENDBLK
  5
87F0
330
87EE
100
AcDbEntity
  8
0
100
AcDbBlockEnd
  0
BLOCK
  5
87FB
330
87FA
100
AcDbEntity
  8
0
100
AcDbBlockBegin
  2
*D95
 70
     1
 10
0.0
 20
0.0
 30
0.0
  3
*D95
  1

  0
LINE
  5
AEA6
330
87FA
100
AcDbEntity
  8
CH-DIM
 62
     0
440
 16777216
370
    -2
100
AcDbLine
 10
289619.3701265795
 20
-299.9999999999928
 30
0.0
 11
289770.4361437586
 21
-299.9999999999927
 31
0.0
  0
LINE
  5
AEA7
330
87FA
100
AcDbEntity
  8
CH-DIM
 62
     0
440
 16777216
370
    -2
100
AcDbLine
 10
289619.3701265795
 20
3000.000000000002
 30
0.0
 11
289770.4361437586
 21
3000.000000000002
 31
0.0
  0
LINE
  5
AEA8
330
87FA
100
AcDbEntity
  8
CH-DIM
 62
     0
440
 16777216
370
    -2
100
AcDbLine
 10
289650.4361437587
 20
-419.9999999999928
 30
0.0
 11
289650.4361437587
 21
3120.000000000001
 31
0.0
  0
INSERT
  5
AEA9
330
87FA
100
AcDbEntity
  8
CH-DIM
 62
     0
440
 16777216
370
    -2
100
AcDbBlockReference
  2
_Oblique
 10
289650.4361437587
 20
-299.9999999999928
 30
0.0
 41
150.0
 42
150.0
 43
150.0
 50
270.0
  0
INSERT
  5
AEAA
330
87FA
100
AcDbEntity
  8
CH-DIM
 62
     0
440
 16777216
370
    -2
100
AcDbBlockReference
  2
_Oblique
 10
289650.4361437587
 20
3000.000000000002
 30
0.0
 41
150.0
 42
150.0
 43
150.0
 50
90.0
  0
MTEXT
  5
AEAB
330
87FA
100
AcDbEntity
  8
CH-DIM
 62
     0
440
 16777216
100
AcDbMText
 10
289498.7238149915
 20
1349.999999999922
 30
0.0
 40
124.9999999999999
 41
496.2921737037649
 46
0.0
 71
     5
 72
     5
  1
\A1;3300
  7
JetBrains Mono
 11
0.0000000000000001
 21
1.0
 31
0.0
 73
     1
 44
1.0
 90
        3
 63
     9
421
 13158600
 45
1.1
441
        0
  0
POINT
  5
AEAC
330
87FA
100
AcDbEntity
  8
Defpoints
 62
     0
440
 16777216
100
AcDbPoint
 10
289544.3701265794
 20
-299.9999999999928
 30
0.0
  0
POINT
  5
AEAD
330
87FA
100
AcDbEntity
  8
Defpoints
 62
     0
440
 16777216
100
AcDbPoint
 10
289544.3701265794
 20
3000.000000000002
 30
0.0
  0
POINT
  5
AEAE
330
87FA
100
AcDbEntity
  8
Defpoints
 62
     0
440
 16777216
100
AcDbPoint
 10
289650.4361437587
 20
3000.000000000002
 30
0.0
  0
ENDBLK
  5
87FC
330
87FA
100
AcDbEntity
  8
0
100
AcDbBlockEnd
  0
BLOCK
  5
8807
330
8806
100
AcDbEntity
  8
0
100
AcDbBlockBegin
  2
*D96
 70
     1
 10
0.0
 20
0.0
 30
0.0
  3
*D96
  1

  0
LINE
  5
AEAF
330
8806
100
AcDbEntity
  8
CH-DIM
 62
     0
440
 16777216
370
    -2
100
AcDbLine
 10
289619.3701265795
 20
3000.000000000002
 30
0.0
 11
289770.4361437586
 21
3000.000000000002
 31
0.0
  0
LINE
  5
AEB0
330
8806
100
AcDbEntity
  8
CH-DIM
 62
     0
440
 16777216
370
    -2
100
AcDbLine
 10
289619.3701265796
 20
8000.000000000005
 30
0.0
 11
289770.4361437586
 21
8000.000000000005
 31
0.0
  0
LINE
  5
AEB1
330
8806
100
AcDbEntity
  8
CH-DIM
 62
     0
440
 16777216
370
    -2
100
AcDbLine
 10
289650.4361437587
 20
2880.000000000002
 30
0.0
 11
289650.4361437587
 21
8120.000000000002
 31
0.0
  0
INSERT
  5
AEB2
330
8806
100
AcDbEntity
  8
CH-DIM
 62
     0
440
 16777216
370
    -2
100
AcDbBlockReference
  2
_Oblique
 10
289650.4361437587
 20
3000.000000000002
 30
0.0
 41
150.0
 42
150.0
 43
150.0
 50
270.0
  0
INSERT
  5
AEB3
330
8806
100
AcDbEntity
  8
CH-DIM
 62
     0
440
 16777216
370
    -2
100
AcDbBlockReference
  2
_Oblique
 10
289650.4361437587
 20
8000.000000000005
 30
0.0
 41
150.0
 42
150.0
 43
150.0
 50
90.0
  0
MTEXT
  5
AEB4
330
8806
100
AcDbEntity
  8
CH-DIM
 62
     0
440
 16777216
100
AcDbMText
 10
289498.7238149915
 20
5499.999999999919
 30
0.0
 40
124.9999999999999
 41
496.2921737037649
 46
0.0
 71
     5
 72
     5
  1
\A1;5000
  7
JetBrains Mono
 11
0.0000000000000001
 21
1.0
 31
0.0
 73
     1
 44
1.0
 90
        3
 63
     9
421
 13158600
 45
1.1
441
        0
  0
POINT
  5
AEB5
330
8806
100
AcDbEntity
  8
Defpoints
 62
     0
440
 16777216
100
AcDbPoint
 10
289544.3701265794
 20
3000.000000000002
 30
0.0
  0
POINT
  5
AEB6
330
8806
100
AcDbEntity
  8
Defpoints
 62
     0
440
 16777216
100
AcDbPoint
 10
289544.3701265796
 20
8000.000000000005
 30
0.0
  0
POINT
  5
AEB7
330
8806
100
AcDbEntity
  8
Defpoints
 62
     0
440
 16777216
100
AcDbPoint
 10
289650.4361437587
 20
8000.000000000005
 30
0.0
  0
ENDBLK
  5
8808
330
8806
100
AcDbEntity
  8
0
100
AcDbBlockEnd
  0
BLOCK
  5
8813
330
8812
100
AcDbEntity
  8
0
100
AcDbBlockBegin
  2
*D97
 70
     1
 10
0.0
 20
0.0
 30
0.0
  3
*D97
  1

  0
LINE
  5
AEB8
330
8812
100
AcDbEntity
  8
CH-DIM
 62
     0
440
 16777216
370
    -2
100
AcDbLine
 10
289619.3701265796
 20
8000.000000000005
 30
0.0
 11
289770.4361437588
 21
8000.000000000005
 31
0.0
  0
LINE
  5
AEB9
330
8812
100
AcDbEntity
  8
CH-DIM
 62
     0
440
 16777216
370
    -2
100
AcDbLine
 10
289619.3701265796
 20
11000.0
 30
0.0
 11
289770.4361437588
 21
11000.0
 31
0.0
  0
LINE
  5
AEBA
330
8812
100
AcDbEntity
  8
CH-DIM
 62
     0
440
 16777216
370
    -2
100
AcDbLine
 10
289650.4361437588
 20
7880.000000000004
 30
0.0
 11
289650.4361437588
 21
11120.0
 31
0.0
  0
INSERT
  5
AEBB
330
8812
100
AcDbEntity
  8
CH-DIM
 62
     0
440
 16777216
370
    -2
100
AcDbBlockReference
  2
_Oblique
 10
289650.4361437588
 20
8000.000000000005
 30
0.0
 41
150.0
 42
150.0
 43
150.0
 50
270.0
  0
INSERT
  5
AEBC
330
8812
100
AcDbEntity
  8
CH-DIM
 62
     0
440
 16777216
370
    -2
100
AcDbBlockReference
  2
_Oblique
 10
289650.4361437588
 20
11000.0
 30
0.0
 41
150.0
 42
150.0
 43
150.0
 50
90.0
  0
MTEXT
  5
AEBD
330
8812
100
AcDbEntity
  8
CH-DIM
 62
     0
440
 16777216
100
AcDbMText
 10
289498.7238149916
 20
9499.99999999992
 30
0.0
 40
124.9999999999999
 41
496.2921737037649
 46
0.0
 71
     5
 72
     5
  1
\A1;3000
  7
JetBrains Mono
 11
0.0000000000000001
 21
1.0
 31
0.0
 73
     1
 44
1.0
 90
        3
 63
     9
421
 13158600
 45
1.1
441
        0
  0
POINT
  5
AEBE
330
8812
100
AcDbEntity
  8
Defpoints
 62
     0
440
 16777216
100
AcDbPoint
 10
289544.3701265796
 20
8000.000000000005
 30
0.0
  0
POINT
  5
AEBF
330
8812
100
AcDbEntity
  8
Defpoints
 62
     0
440
 16777216
100
AcDbPoint
 10
289544.3701265796
 20
11000.0
 30
0.0
  0
POINT
  5
AEC0
330
8812
100
AcDbEntity
  8
Defpoints
 62
     0
440
 16777216
100
AcDbPoint
 10
289650.4361437588
 20
11000.0
 30
0.0
  0
ENDBLK
  5
8814
330
8812
100
AcDbEntity
  8
0
100
AcDbBlockEnd
  0
BLOCK
  5
881F
330
881E
100
AcDbEntity
  8
0
100
AcDbBlockBegin
  2
*D98
 70
     1
 10
0.0
 20
0.0
 30
0.0
  3
*D98
  1

  0
LINE
  5
AEC1
330
881E
100
AcDbEntity
  8
CH-DIM
 62
     0
440
 16777216
370
    -2
100
AcDbLine
 10
289619.3701265796
 20
11000.0
 30
0.0
 11
289770.4361437588
 21
11000.0
 31
0.0
  0
LINE
  5
AEC2
330
881E
100
AcDbEntity
  8
CH-DIM
 62
     0
440
 16777216
370
    -2
100
AcDbLine
 10
289619.3701265796
 20
15000.0
 30
0.0
 11
289770.4361437588
 21
15000.0
 31
0.0
  0
LINE
  5
AEC3
330
881E
100
AcDbEntity
  8
CH-DIM
 62
     0
440
 16777216
370
    -2
100
AcDbLine
 10
289650.4361437588
 20
10880.0
 30
0.0
 11
289650.4361437588
 21
15120.0
 31
0.0
  0
INSERT
  5
AEC4
330
881E
100
AcDbEntity
  8
CH-DIM
 62
     0
440
 16777216
370
    -2
100
AcDbBlockReference
  2
_Oblique
 10
289650.4361437588
 20
11000.0
 30
0.0
 41
150.0
 42
150.0
 43
150.0
 50
270.0
  0
INSERT
  5
AEC5
330
881E
100
AcDbEntity
  8
CH-DIM
 62
     0
440
 16777216
370
    -2
100
AcDbBlockReference
  2
_Oblique
 10
289650.4361437588
 20
15000.0
 30
0.0
 41
150.0
 42
150.0
 43
150.0
 50
90.0
  0
MTEXT
  5
AEC6
330
881E
100
AcDbEntity
  8
CH-DIM
 62
     0
440
 16777216
100
AcDbMText
 10
289498.7238149916
 20
12999.99999999991
 30
0.0
 40
124.9999999999999
 41
496.2921737037649
 46
0.0
 71
     5
 72
     5
  1
\A1;4000
  7
JetBrains Mono
 11
0.0000000000000001
 21
1.0
 31
0.0
 73
     1
 44
1.0
 90
        3
 63
     9
421
 13158600
 45
1.1
441
        0
  0
POINT
  5
AEC7
330
881E
100
AcDbEntity
  8
Defpoints
 62
     0
440
 16777216
100
AcDbPoint
 10
289544.3701265796
 20
11000.0
 30
0.0
  0
POINT
  5
AEC8
330
881E
100
AcDbEntity
  8
Defpoints
 62
     0
440
 16777216
100
AcDbPoint
 10
289544.3701265796
 20
15000.0
 30
0.0
  0
POINT
  5
AEC9
330
881E
100
AcDbEntity
  8
Defpoints
 62
     0
440
 16777216
100
AcDbPoint
 10
289650.4361437588
 20
15000.0
 30
0.0
  0
ENDBLK
  5
8820
330
881E
100
AcDbEntity
  8
0
100
AcDbBlockEnd
  0
BLOCK
  5
882B
330
882A
100
AcDbEntity
  8
0
100
AcDbBlockBegin
  2
*D99
 70
     1
 10
0.0
 20
0.0
 30
0.0
  3
*D99
  1

  0
LINE
  5
AECA
330
882A
100
AcDbEntity
  8
CH-DIM
 62
     0
440
 16777216
370
    -2
100
AcDbLine
 10
289619.3701265796
 20
15000.0
 30
0.0
 11
289770.4361437588
 21
15000.0
 31
0.0
  0
LINE
  5
AECB
330
882A
100
AcDbEntity
  8
CH-DIM
 62
     0
440
 16777216
370
    -2
100
AcDbLine
 10
289619.3701265796
 20
17999.99999999999
 30
0.0
 11
289770.4361437588
 21
17999.99999999999
 31
0.0
  0
LINE
  5
AECC
330
882A
100
AcDbEntity
  8
CH-DIM
 62
     0
440
 16777216
370
    -2
100
AcDbLine
 10
289650.4361437588
 20
14880.0
 30
0.0
 11
289650.4361437588
 21
18119.99999999999
 31
0.0
  0
INSERT
  5
AECD
330
882A
100
AcDbEntity
  8
CH-DIM
 62
     0
440
 16777216
370
    -2
100
AcDbBlockReference
  2
_Oblique
 10
289650.4361437588
 20
15000.0
 30
0.0
 41
150.0
 42
150.0
 43
150.0
 50
270.0
  0
INSERT
  5
AECE
330
882A
100
AcDbEntity
  8
CH-DIM
 62
     0
440
 16777216
370
    -2
100
AcDbBlockReference
  2
_Oblique
 10
289650.4361437588
 20
17999.99999999999
 30
0.0
 41
150.0
 42
150.0
 43
150.0
 50
90.0
  0
MTEXT
  5
AECF
330
882A
100
AcDbEntity
  8
CH-DIM
 62
     0
440
 16777216
100
AcDbMText
 10
289498.7238149916
 20
16499.99999999991
 30
0.0
 40
124.9999999999999
 41
496.2921737037649
 46
0.0
 71
     5
 72
     5
  1
\A1;3000
  7
JetBrains Mono
 11
0.0000000000000001
 21
1.0
 31
0.0
 73
     1
 44
1.0
 90
        3
 63
     9
421
 13158600
 45
1.1
441
        0
  0
POINT
  5
AED0
330
882A
100
AcDbEntity
  8
Defpoints
 62
     0
440
 16777216
100
AcDbPoint
 10
289544.3701265796
 20
15000.0
 30
0.0
  0
POINT
  5
AED1
330
882A
100
AcDbEntity
  8
Defpoints
 62
     0
440
 16777216
100
AcDbPoint
 10
289544.3701265796
 20
17999.99999999999
 30
0.0
  0
POINT
  5
AED2
330
882A
100
AcDbEntity
  8
Defpoints
 62
     0
440
 16777216
100
AcDbPoint
 10
289650.4361437588
 20
17999.99999999999
 30
0.0
  0
ENDBLK
  5
882C
330
882A
100
AcDbEntity
  8
0
100
AcDbBlockEnd
  0
BLOCK
  5
8837
330
8836
100
AcDbEntity
  8
0
100
AcDbBlockBegin
  2
*D100
 70
     1
 10
0.0
 20
0.0
 30
0.0
  3
*D100
  1

  0
LINE
  5
AED3
330
8836
100
AcDbEntity
  8
CH-DIM
 62
     0
440
 16777216
370
    -2
100
AcDbLine
 10
289619.3701265796
 20
17999.99999999999
 30
0.0
 11
289770.4361437588
 21
17999.99999999999
 31
0.0
  0
LINE
  5
AED4
330
8836
100
AcDbEntity
  8
CH-DIM
 62
     0
440
 16777216
370
    -2
100
AcDbLine
 10
289619.3701265796
 20
23000.0
 30
0.0
 11
289770.4361437588
 21
23000.0
 31
0.0
  0
LINE
  5
AED5
330
8836
100
AcDbEntity
  8
CH-DIM
 62
     0
440
 16777216
370
    -2
100
AcDbLine
 10
289650.4361437588
 20
17879.99999999999
 30
0.0
 11
289650.4361437588
 21
23120.0
 31
0.0
  0
INSERT
  5
AED6
330
8836
100
AcDbEntity
  8
CH-DIM
 62
     0
440
 16777216
370
    -2
100
AcDbBlockReference
  2
_Oblique
 10
289650.4361437588
 20
17999.99999999999
 30
0.0
 41
150.0
 42
150.0
 43
150.0
 50
270.0
  0
INSERT
  5
AED7
330
8836
100
AcDbEntity
  8
CH-DIM
 62
     0
440
 16777216
370
    -2
100
AcDbBlockReference
  2
_Oblique
 10
289650.4361437588
 20
23000.0
 30
0.0
 41
150.0
 42
150.0
 43
150.0
 50
90.0
  0
MTEXT
  5
AED8
330
8836
100
AcDbEntity
  8
CH-DIM
 62
     0
440
 16777216
100
AcDbMText
 10
289498.7238149916
 20
20499.9999999999
 30
0.0
 40
124.9999999999999
 41
496.2921737037649
 46
0.0
 71
     5
 72
     5
  1
\A1;5000
  7
JetBrains Mono
 11
0.0000000000000001
 21
1.0
 31
0.0
 73
     1
 44
1.0
 90
        3
 63
     9
421
 13158600
 45
1.1
441
        0
  0
POINT
  5
AED9
330
8836
100
AcDbEntity
  8
Defpoints
 62
     0
440
 16777216
100
AcDbPoint
 10
289544.3701265796
 20
17999.99999999999
 30
0.0
  0
POINT
  5
AEDA
330
8836
100
AcDbEntity
  8
Defpoints
 62
     0
440
 16777216
100
AcDbPoint
 10
289544.3701265796
 20
23000.0
 30
0.0
  0
POINT
  5
AEDB
330
8836
100
AcDbEntity
  8
Defpoints
 62
     0
440
 16777216
100
AcDbPoint
 10
289650.4361437588
 20
23000.0
 30
0.0
  0
ENDBLK
  5
8838
330
8836
100
AcDbEntity
  8
0
100
AcDbBlockEnd
  0
BLOCK
  5
8843
330
8842
100
AcDbEntity
  8
0
100
AcDbBlockBegin
  2
*D101
 70
     1
 10
0.0
 20
0.0
 30
0.0
  3
*D101
  1

  0
LINE
  5
AEDC
330
8842
100
AcDbEntity
  8
CH-DIM
 62
     0
440
 16777216
370
    -2
100
AcDbLine
 10
289619.3701265796
 20
23000.0
 30
0.0
 11
289770.4361437588
 21
23000.0
 31
0.0
  0
LINE
  5
AEDD
330
8842
100
AcDbEntity
  8
CH-DIM
 62
     0
440
 16777216
370
    -2
100
AcDbLine
 10
289619.3701265796
 20
26300.0
 30
0.0
 11
289770.4361437588
 21
26300.0
 31
0.0
  0
LINE
  5
AEDE
330
8842
100
AcDbEntity
  8
CH-DIM
 62
     0
440
 16777216
370
    -2
100
AcDbLine
 10
289650.4361437588
 20
22880.0
 30
0.0
 11
289650.4361437588
 21
26420.0
 31
0.0
  0
INSERT
  5
AEDF
330
8842
100
AcDbEntity
  8
CH-DIM
 62
     0
440
 16777216
370
    -2
100
AcDbBlockReference
  2
_Oblique
 10
289650.4361437588
 20
23000.0
 30
0.0
 41
150.0
 42
150.0
 43
150.0
 50
270.0
  0
INSERT
  5
AEE0
330
8842
100
AcDbEntity
  8
CH-DIM
 62
     0
440
 16777216
370
    -2
100
AcDbBlockReference
  2
_Oblique
 10
289650.4361437588
 20
26300.0
 30
0.0
 41
150.0
 42
150.0
 43
150.0
 50
90.0
  0
MTEXT
  5
AEE1
330
8842
100
AcDbEntity
  8
CH-DIM
 62
     0
440
 16777216
100
AcDbMText
 10
289498.7238149916
 20
24649.9999999999
 30
0.0
 40
124.9999999999999
 41
496.2921737037649
 46
0.0
 71
     5
 72
     5
  1
\A1;3300
  7
JetBrains Mono
 11
0.0000000000000001
 21
1.0
 31
0.0
 73
     1
 44
1.0
 90
        3
 63
     9
421
 13158600
 45
1.1
441
        0
  0
POINT
  5
AEE2
330
8842
100
AcDbEntity
  8
Defpoints
 62
     0
440
 16777216
100
AcDbPoint
 10
289544.3701265796
 20
23000.0
 30
0.0
  0
POINT
  5
AEE3
330
8842
100
AcDbEntity
  8
Defpoints
 62
     0
440
 16777216
100
AcDbPoint
 10
289544.3701265796
 20
26300.0
 30
0.0
  0
POINT
  5
AEE4
330
8842
100
AcDbEntity
  8
Defpoints
 62
     0
440
 16777216
100
AcDbPoint
 10
289650.4361437588
 20
26300.0
 30
0.0
  0
ENDBLK
  5
8844
330
8842
100
AcDbEntity
  8
0
100
AcDbBlockEnd
  0
BLOCK
  5
884F
330
884E
100
AcDbEntity
  8
0
100
AcDbBlockBegin
  2
*D102
 70
     1
 10
0.0
 20
0.0
 30
0.0
  3
*D102
  1

  0
LINE
  5
AEE5
330
884E
100
AcDbEntity
  8
CH-DIM
 62
     0
440
 16777216
370
    -2
100
AcDbLine
 10
289619.3701265796
 20
26300.0
 30
0.0
 11
289770.4361437588
 21
26300.0
 31
0.0
  0
LINE
  5
AEE6
330
884E
100
AcDbEntity
  8
CH-DIM
 62
     0
440
 16777216
370
    -2
100
AcDbLine
 10
289619.3701265796
 20
27700.00000000002
 30
0.0
 11
289770.4361437588
 21
27700.00000000002
 31
0.0
  0
LINE
  5
AEE7
330
884E
100
AcDbEntity
  8
CH-DIM
 62
     0
440
 16777216
370
    -2
100
AcDbLine
 10
289650.4361437588
 20
26180.0
 30
0.0
 11
289650.4361437588
 21
27820.00000000002
 31
0.0
  0
INSERT
  5
AEE8
330
884E
100
AcDbEntity
  8
CH-DIM
 62
     0
440
 16777216
370
    -2
100
AcDbBlockReference
  2
_Oblique
 10
289650.4361437588
 20
26300.0
 30
0.0
 41
150.0
 42
150.0
 43
150.0
 50
270.0
  0
INSERT
  5
AEE9
330
884E
100
AcDbEntity
  8
CH-DIM
 62
     0
440
 16777216
370
    -2
100
AcDbBlockReference
  2
_Oblique
 10
289650.4361437588
 20
27700.00000000002
 30
0.0
 41
150.0
 42
150.0
 43
150.0
 50
90.0
  0
MTEXT
  5
AEEA
330
884E
100
AcDbEntity
  8
CH-DIM
 62
     0
440
 16777216
100
AcDbMText
 10
289498.7238149916
 20
26999.99999999992
 30
0.0
 40
124.9999999999999
 41
496.2921737037649
 46
0.0
 71
     5
 72
     5
  1
\A1;1400
  7
JetBrains Mono
 11
0.0000000000000001
 21
1.0
 31
0.0
 73
     1
 44
1.0
 90
        3
 63
     9
421
 13158600
 45
1.1
441
        0
  0
POINT
  5
AEEB
330
884E
100
AcDbEntity
  8
Defpoints
 62
     0
440
 16777216
100
AcDbPoint
 10
289544.3701265796
 20
26300.0
 30
0.0
  0
POINT
  5
AEEC
330
884E
100
AcDbEntity
  8
Defpoints
 62
     0
440
 16777216
100
AcDbPoint
 10
289544.3701265796
 20
27700.00000000002
 30
0.0
  0
POINT
  5
AEED
330
884E
100
AcDbEntity
  8
Defpoints
 62
     0
440
 16777216
100
AcDbPoint
 10
289650.4361437588
 20
27700.00000000002
 30
0.0
  0
ENDBLK
  5
8850
330
884E
100
AcDbEntity
  8
0
100
AcDbBlockEnd
  0
BLOCK
  5
885B
330
885A
100
AcDbEntity
  8
0
100
AcDbBlockBegin
  2
*D103
 70
     1
 10
0.0
 20
0.0
 30
0.0
  3
*D103
  1

  0
LINE
  5
AEEE
330
885A
100
AcDbEntity
  8
CH-DIM
 62
     0
440
 16777216
370
    -2
100
AcDbLine
 10
290619.3701265794
 20
-300.0000000000001
 30
0.0
 11
290770.4361437588
 21
-300.0
 31
0.0
  0
LINE
  5
AEEF
330
885A
100
AcDbEntity
  8
CH-DIM
 62
     0
440
 16777216
370
    -2
100
AcDbLine
 10
290619.3701265796
 20
27700.00000000002
 30
0.0
 11
290770.4361437588
 21
27700.00000000002
 31
0.0
  0
LINE
  5
AEF0
330
885A
100
AcDbEntity
  8
CH-DIM
 62
     0
440
 16777216
370
    -2
100
AcDbLine
 10
290650.4361437588
 20
-420.0000000000001
 30
0.0
 11
290650.4361437588
 21
27820.00000000002
 31
0.0
  0
INSERT
  5
AEF1
330
885A
100
AcDbEntity
  8
CH-DIM
 62
     0
440
 16777216
370
    -2
100
AcDbBlockReference
  2
_Oblique
 10
290650.4361437588
 20
-300.0000000000001
 30
0.0
 41
150.0
 42
150.0
 43
150.0
 50
270.0
  0
INSERT
  5
AEF2
330
885A
100
AcDbEntity
  8
CH-DIM
 62
     0
440
 16777216
370
    -2
100
AcDbBlockReference
  2
_Oblique
 10
290650.4361437588
 20
27700.00000000002
 30
0.0
 41
150.0
 42
150.0
 43
150.0
 50
90.0
  0
MTEXT
  5
AEF3
330
885A
100
AcDbEntity
  8
CH-DIM
 62
     0
440
 16777216
100
AcDbMText
 10
290498.6381985533
 20
13699.99999999992
 30
0.0
 40
124.9999999999999
 41
620.3652171297061
 46
0.0
 71
     5
 72
     5
  1
\A1;28000
  7
JetBrains Mono
 11
0.0000000000000001
 21
1.0
 31
0.0
 73
     1
 44
1.0
 90
        3
 63
     9
421
 13158600
 45
1.1
441
        0
  0
POINT
  5
AEF4
330
885A
100
AcDbEntity
  8
Defpoints
 62
     0
440
 16777216
100
AcDbPoint
 10
290544.3701265794
 20
-300.0000000000001
 30
0.0
  0
POINT
  5
AEF5
330
885A
100
AcDbEntity
  8
Defpoints
 62
     0
440
 16777216
100
AcDbPoint
 10
290544.3701265796
 20
27700.00000000002
 30
0.0
  0
POINT
  5
AEF6
330
885A
100
AcDbEntity
  8
Defpoints
 62
     0
440
 16777216
100
AcDbPoint
 10
290650.4361437588
 20
27700.00000000002
 30
0.0
  0
ENDBLK
  5
885C
330
885A
100
AcDbEntity
  8
0
100
AcDbBlockEnd
  0
BLOCK
  5
8867
330
8866
100
AcDbEntity
  8
0
100
AcDbBlockBegin
  2
*D104
 70
     1
 10
0.0
 20
0.0
 30
0.0
  3
*D104
  1

  0
LINE
  5
AEF7
330
8866
100
AcDbEntity
  8
CH-DIM
 62
     0
440
 16777216
370
    -2
100
AcDbLine
 10
291912.2714379981
 20
-1566.245263850003
 30
0.0
 11
291912.2714379981
 21
-1717.311281028036
 31
0.0
  0
LINE
  5
AEF8
330
8866
100
AcDbEntity
  8
CH-DIM
 62
     0
440
 16777216
370
    -2
100
AcDbLine
 10
320512.2714379982
 20
-1566.245263850047
 30
0.0
 11
320512.2714379982
 21
-1717.311281028036
 31
0.0
  0
LINE
  5
AEF9
330
8866
100
AcDbEntity
  8
CH-DIM
 62
     0
440
 16777216
370
    -2
100
AcDbLine
 10
291792.2714379981
 20
-1597.311281028036
 30
0.0
 11
320632.2714379982
 21
-1597.311281028036
 31
0.0
  0
INSERT
  5
AEFA
330
8866
100
AcDbEntity
  8
CH-DIM
 62
     0
440
 16777216
370
    -2
100
AcDbBlockReference
  2
_Oblique
 10
291912.2714379981
 20
-1597.311281028036
 30
0.0
 41
150.0
 42
150.0
 43
150.0
 50
180.0
  0
INSERT
  5
AEFB
330
8866
100
AcDbEntity
  8
CH-DIM
 62
     0
440
 16777216
370
    -2
100
AcDbBlockReference
  2
_Oblique
 10
320512.2714379982
 20
-1597.311281028036
 30
0.0
 41
150.0
 42
150.0
 43
150.0
  0
MTEXT
  5
AEFC
330
8866
100
AcDbEntity
  8
CH-DIM
 62
     0
440
 16777216
100
AcDbMText
 10
306212.2714379983
 20
-1445.513335822556
 30
0.0
 40
124.9999999999999
 41
620.3652171297061
 46
0.0
 71
     5
 72
     5
  1
\A1;28600
  7
JetBrains Mono
 73
     1
 44
1.0
 90
        3
 63
     9
421
 13158600
 45
1.1
441
        0
  0
POINT
  5
AEFD
330
8866
100
AcDbEntity
  8
Defpoints
 62
     0
440
 16777216
100
AcDbPoint
 10
291912.2714379981
 20
-1491.245263850003
 30
0.0
  0
POINT
  5
AEFE
330
8866
100
AcDbEntity
  8
Defpoints
 62
     0
440
 16777216
100
AcDbPoint
 10
320512.2714379982
 20
-1491.245263850047
 30
0.0
  0
POINT
  5
AEFF
330
8866
100
AcDbEntity
  8
Defpoints
 62
     0
440
 16777216
100
AcDbPoint
 10
320512.2714379982
 20
-1597.311281028036
 30
0.0
  0
ENDBLK
  5
8868
330
8866
100
AcDbEntity
  8
0
100
AcDbBlockEnd
  0
BLOCK
  5
9456
330
9455
100
AcDbEntity
  8
0
100
AcDbBlockBegin
  2
*D105
 70
     1
 10
0.0
 20
0.0
 30
0.0
  3
*D105
  1

  0
LINE
  5
CD62
330
9455
100
AcDbEntity
  8
CH-DIM
 62
     0
440
 16777216
370
    -2
100
AcDbLine
 10
53110.46587605494
 20
-2566.245263850025
 30
0.0
 11
53110.46587605494
 21
-2717.311281028029
 31
0.0
  0
LINE
  5
CD63
330
9455
100
AcDbEntity
  8
CH-DIM
 62
     0
440
 16777216
370
    -2
100
AcDbLine
 10
56410.46587605487
 20
-2566.245263850033
 30
0.0
 11
56410.46587605487
 21
-2717.311281028029
 31
0.0
  0
LINE
  5
CD64
330
9455
100
AcDbEntity
  8
CH-DIM
 62
     0
440
 16777216
370
    -2
100
AcDbLine
 10
52990.46587605494
 20
-2597.311281028029
 30
0.0
 11
56530.46587605487
 21
-2597.311281028029
 31
0.0
  0
INSERT
  5
CD65
330
9455
100
AcDbEntity
  8
CH-DIM
 62
     0
440
 16777216
370
    -2
100
AcDbBlockReference
  2
_Oblique
 10
53110.46587605494
 20
-2597.311281028029
 30
0.0
 41
150.0
 42
150.0
 43
150.0
 50
180.0
  0
INSERT
  5
CD66
330
9455
100
AcDbEntity
  8
CH-DIM
 62
     0
440
 16777216
370
    -2
100
AcDbBlockReference
  2
_Oblique
 10
56410.46587605487
 20
-2597.311281028029
 30
0.0
 41
150.0
 42
150.0
 43
150.0
  0
MTEXT
  5
CD67
330
9455
100
AcDbEntity
  8
CH-DIM
 62
     0
440
 16777216
100
AcDbMText
 10
54760.46587605488
 20
-2445.598952260906
 30
0.0
 40
124.9999999999999
 41
496.2921737037649
 46
0.0
 71
     5
 72
     5
  1
\A1;3300
  7
JetBrains Mono
 73
     1
 44
1.0
 90
        3
 63
     9
421
 13158600
 45
1.1
441
        0
  0
POINT
  5
CD68
330
9455
100
AcDbEntity
  8
Defpoints
 62
     0
440
 16777216
100
AcDbPoint
 10
53110.46587605494
 20
-2491.245263850025
 30
0.0
  0
POINT
  5
CD69
330
9455
100
AcDbEntity
  8
Defpoints
 62
     0
440
 16777216
100
AcDbPoint
 10
56410.46587605487
 20
-2491.245263850033
 30
0.0
  0
POINT
  5
CD6A
330
9455
100
AcDbEntity
  8
Defpoints
 62
     0
440
 16777216
100
AcDbPoint
 10
56410.46587605487
 20
-2597.311281028029
 30
0.0
  0
ENDBLK
  5
9457
330
9455
100
AcDbEntity
  8
0
100
AcDbBlockEnd
  0
BLOCK
  5
9462
330
9461
100
AcDbEntity
  8
0
100
AcDbBlockBegin
  2
*D106
 70
     1
 10
0.0
 20
0.0
 30
0.0
  3
*D106
  1

  0
LINE
  5
CD6B
330
9461
100
AcDbEntity
  8
CH-DIM
 62
     0
440
 16777216
370
    -2
100
AcDbLine
 10
56410.46587605487
 20
-2566.245263850033
 30
0.0
 11
56410.46587605487
 21
-2717.311281028029
 31
0.0
  0
LINE
  5
CD6C
330
9461
100
AcDbEntity
  8
CH-DIM
 62
     0
440
 16777216
370
    -2
100
AcDbLine
 10
61410.46587605487
 20
-2566.24526385004
 30
0.0
 11
61410.46587605487
 21
-2717.311281028029
 31
0.0
  0
LINE
  5
CD6D
330
9461
100
AcDbEntity
  8
CH-DIM
 62
     0
440
 16777216
370
    -2
100
AcDbLine
 10
56290.46587605487
 20
-2597.311281028029
 30
0.0
 11
61530.46587605487
 21
-2597.311281028029
 31
0.0
  0
INSERT
  5
CD6E
330
9461
100
AcDbEntity
  8
CH-DIM
 62
     0
440
 16777216
370
    -2
100
AcDbBlockReference
  2
_Oblique
 10
56410.46587605487
 20
-2597.311281028029
 30
0.0
 41
150.0
 42
150.0
 43
150.0
 50
180.0
  0
INSERT
  5
CD6F
330
9461
100
AcDbEntity
  8
CH-DIM
 62
     0
440
 16777216
370
    -2
100
AcDbBlockReference
  2
_Oblique
 10
61410.46587605487
 20
-2597.311281028029
 30
0.0
 41
150.0
 42
150.0
 43
150.0
  0
MTEXT
  5
CD70
330
9461
100
AcDbEntity
  8
CH-DIM
 62
     0
440
 16777216
100
AcDbMText
 10
58910.46587605487
 20
-2445.598952260906
 30
0.0
 40
124.9999999999999
 41
496.2921737037649
 46
0.0
 71
     5
 72
     5
  1
\A1;5000
  7
JetBrains Mono
 73
     1
 44
1.0
 90
        3
 63
     9
421
 13158600
 45
1.1
441
        0
  0
POINT
  5
CD71
330
9461
100
AcDbEntity
  8
Defpoints
 62
     0
440
 16777216
100
AcDbPoint
 10
56410.46587605487
 20
-2491.245263850033
 30
0.0
  0
POINT
  5
CD72
330
9461
100
AcDbEntity
  8
Defpoints
 62
     0
440
 16777216
100
AcDbPoint
 10
61410.46587605487
 20
-2491.24526385004
 30
0.0
  0
POINT
  5
CD73
330
9461
100
AcDbEntity
  8
Defpoints
 62
     0
440
 16777216
100
AcDbPoint
 10
61410.46587605487
 20
-2597.311281028029
 30
0.0
  0
ENDBLK
  5
9463
330
9461
100
AcDbEntity
  8
0
100
AcDbBlockEnd
  0
BLOCK
  5
946E
330
946D
100
AcDbEntity
  8
0
100
AcDbBlockBegin
  2
*D107
 70
     1
 10
0.0
 20
0.0
 30
0.0
  3
*D107
  1

  0
LINE
  5
CD74
330
946D
100
AcDbEntity
  8
CH-DIM
 62
     0
440
 16777216
370
    -2
100
AcDbLine
 10
61410.46587605487
 20
-2566.24526385004
 30
0.0
 11
61410.46587605487
 21
-2717.311281028029
 31
0.0
  0
LINE
  5
CD75
330
946D
100
AcDbEntity
  8
CH-DIM
 62
     0
440
 16777216
370
    -2
100
AcDbLine
 10
64410.46587605494
 20
-2566.245263850047
 30
0.0
 11
64410.46587605494
 21
-2717.311281028029
 31
0.0
  0
LINE
  5
CD76
330
946D
100
AcDbEntity
  8
CH-DIM
 62
     0
440
 16777216
370
    -2
100
AcDbLine
 10
61290.46587605487
 20
-2597.311281028029
 30
0.0
 11
64530.46587605494
 21
-2597.311281028029
 31
0.0
  0
INSERT
  5
CD77
330
946D
100
AcDbEntity
  8
CH-DIM
 62
     0
440
 16777216
370
    -2
100
AcDbBlockReference
  2
_Oblique
 10
61410.46587605487
 20
-2597.311281028029
 30
0.0
 41
150.0
 42
150.0
 43
150.0
 50
180.0
  0
INSERT
  5
CD78
330
946D
100
AcDbEntity
  8
CH-DIM
 62
     0
440
 16777216
370
    -2
100
AcDbBlockReference
  2
_Oblique
 10
64410.46587605494
 20
-2597.311281028029
 30
0.0
 41
150.0
 42
150.0
 43
150.0
  0
MTEXT
  5
CD79
330
946D
100
AcDbEntity
  8
CH-DIM
 62
     0
440
 16777216
100
AcDbMText
 10
62910.46587605491
 20
-2445.598952260906
 30
0.0
 40
124.9999999999999
 41
496.2921737037649
 46
0.0
 71
     5
 72
     5
  1
\A1;3000
  7
JetBrains Mono
 73
     1
 44
1.0
 90
        3
 63
     9
421
 13158600
 45
1.1
441
        0
  0
POINT
  5
CD7A
330
946D
100
AcDbEntity
  8
Defpoints
 62
     0
440
 16777216
100
AcDbPoint
 10
61410.46587605487
 20
-2491.24526385004
 30
0.0
  0
POINT
  5
CD7B
330
946D
100
AcDbEntity
  8
Defpoints
 62
     0
440
 16777216
100
AcDbPoint
 10
64410.46587605494
 20
-2491.245263850047
 30
0.0
  0
POINT
  5
CD7C
330
946D
100
AcDbEntity
  8
Defpoints
 62
     0
440
 16777216
100
AcDbPoint
 10
64410.46587605494
 20
-2597.311281028029
 30
0.0
  0
ENDBLK
  5
946F
330
946D
100
AcDbEntity
  8
0
100
AcDbBlockEnd
  0
BLOCK
  5
947A
330
9479
100
AcDbEntity
  8
0
100
AcDbBlockBegin
  2
*D108
 70
     1
 10
0.0
 20
0.0
 30
0.0
  3
*D108
  1

  0
LINE
  5
CD7D
330
9479
100
AcDbEntity
  8
CH-DIM
 62
     0
440
 16777216
370
    -2
100
AcDbLine
 10
64410.46587605494
 20
-2566.245263850047
 30
0.0
 11
64410.46587605494
 21
-2717.311281028029
 31
0.0
  0
LINE
  5
CD7E
330
9479
100
AcDbEntity
  8
CH-DIM
 62
     0
440
 16777216
370
    -2
100
AcDbLine
 10
70410.46587605495
 20
-2566.245263850055
 30
0.0
 11
70410.46587605495
 21
-2717.311281028029
 31
0.0
  0
LINE
  5
CD7F
330
9479
100
AcDbEntity
  8
CH-DIM
 62
     0
440
 16777216
370
    -2
100
AcDbLine
 10
64290.46587605494
 20
-2597.311281028029
 30
0.0
 11
70530.46587605495
 21
-2597.311281028029
 31
0.0
  0
INSERT
  5
CD80
330
9479
100
AcDbEntity
  8
CH-DIM
 62
     0
440
 16777216
370
    -2
100
AcDbBlockReference
  2
_Oblique
 10
64410.46587605494
 20
-2597.311281028029
 30
0.0
 41
150.0
 42
150.0
 43
150.0
 50
180.0
  0
INSERT
  5
CD81
330
9479
100
AcDbEntity
  8
CH-DIM
 62
     0
440
 16777216
370
    -2
100
AcDbBlockReference
  2
_Oblique
 10
70410.46587605495
 20
-2597.311281028029
 30
0.0
 41
150.0
 42
150.0
 43
150.0
  0
MTEXT
  5
CD82
330
9479
100
AcDbEntity
  8
CH-DIM
 62
     0
440
 16777216
100
AcDbMText
 10
67410.46587605495
 20
-2445.598952260906
 30
0.0
 40
124.9999999999999
 41
496.2921737037649
 46
0.0
 71
     5
 72
     5
  1
\A1;6000
  7
JetBrains Mono
 73
     1
 44
1.0
 90
        3
 63
     9
421
 13158600
 45
1.1
441
        0
  0
POINT
  5
CD83
330
9479
100
AcDbEntity
  8
Defpoints
 62
     0
440
 16777216
100
AcDbPoint
 10
64410.46587605494
 20
-2491.245263850047
 30
0.0
  0
POINT
  5
CD84
330
9479
100
AcDbEntity
  8
Defpoints
 62
     0
440
 16777216
100
AcDbPoint
 10
70410.46587605495
 20
-2491.245263850055
 30
0.0
  0
POINT
  5
CD85
330
9479
100
AcDbEntity
  8
Defpoints
 62
     0
440
 16777216
100
AcDbPoint
 10
70410.46587605495
 20
-2597.311281028029
 30
0.0
  0
ENDBLK
  5
947B
330
9479
100
AcDbEntity
  8
0
100
AcDbBlockEnd
  0
BLOCK
  5
9486
330
9485
100
AcDbEntity
  8
0
100
AcDbBlockBegin
  2
*D109
 70
     1
 10
0.0
 20
0.0
 30
0.0
  3
*D109
  1

  0
LINE
  5
CD86
330
9485
100
AcDbEntity
  8
CH-DIM
 62
     0
440
 16777216
370
    -2
100
AcDbLine
 10
70410.46587605495
 20
-2566.245263850055
 30
0.0
 11
70410.46587605495
 21
-2717.311281028029
 31
0.0
  0
LINE
  5
CD87
330
9485
100
AcDbEntity
  8
CH-DIM
 62
     0
440
 16777216
370
    -2
100
AcDbLine
 10
73410.46587605492
 20
-2566.245263850062
 30
0.0
 11
73410.46587605492
 21
-2717.311281028029
 31
0.0
  0
LINE
  5
CD88
330
9485
100
AcDbEntity
  8
CH-DIM
 62
     0
440
 16777216
370
    -2
100
AcDbLine
 10
70290.46587605495
 20
-2597.311281028029
 30
0.0
 11
73530.46587605492
 21
-2597.311281028029
 31
0.0
  0
INSERT
  5
CD89
330
9485
100
AcDbEntity
  8
CH-DIM
 62
     0
440
 16777216
370
    -2
100
AcDbBlockReference
  2
_Oblique
 10
70410.46587605495
 20
-2597.311281028029
 30
0.0
 41
150.0
 42
150.0
 43
150.0
 50
180.0
  0
INSERT
  5
CD8A
330
9485
100
AcDbEntity
  8
CH-DIM
 62
     0
440
 16777216
370
    -2
100
AcDbBlockReference
  2
_Oblique
 10
73410.46587605492
 20
-2597.311281028029
 30
0.0
 41
150.0
 42
150.0
 43
150.0
  0
MTEXT
  5
CD8B
330
9485
100
AcDbEntity
  8
CH-DIM
 62
     0
440
 16777216
100
AcDbMText
 10
71910.46587605494
 20
-2445.598952260906
 30
0.0
 40
124.9999999999999
 41
496.2921737037649
 46
0.0
 71
     5
 72
     5
  1
\A1;3000
  7
JetBrains Mono
 73
     1
 44
1.0
 90
        3
 63
     9
421
 13158600
 45
1.1
441
        0
  0
POINT
  5
CD8C
330
9485
100
AcDbEntity
  8
Defpoints
 62
     0
440
 16777216
100
AcDbPoint
 10
70410.46587605495
 20
-2491.245263850055
 30
0.0
  0
POINT
  5
CD8D
330
9485
100
AcDbEntity
  8
Defpoints
 62
     0
440
 16777216
100
AcDbPoint
 10
73410.46587605492
 20
-2491.245263850062
 30
0.0
  0
POINT
  5
CD8E
330
9485
100
AcDbEntity
  8
Defpoints
 62
     0
440
 16777216
100
AcDbPoint
 10
73410.46587605492
 20
-2597.311281028029
 30
0.0
  0
ENDBLK
  5
9487
330
9485
100
AcDbEntity
  8
0
100
AcDbBlockEnd
  0
BLOCK
  5
9492
330
9491
100
AcDbEntity
  8
0
100
AcDbBlockBegin
  2
*D110
 70
     1
 10
0.0
 20
0.0
 30
0.0
  3
*D110
  1

  0
LINE
  5
CD8F
330
9491
100
AcDbEntity
  8
CH-DIM
 62
     0
440
 16777216
370
    -2
100
AcDbLine
 10
73410.46587605492
 20
-2566.245263850062
 30
0.0
 11
73410.46587605492
 21
-2717.311281028029
 31
0.0
  0
LINE
  5
CD90
330
9491
100
AcDbEntity
  8
CH-DIM
 62
     0
440
 16777216
370
    -2
100
AcDbLine
 10
78410.46587605492
 20
-2566.245263850069
 30
0.0
 11
78410.46587605492
 21
-2717.311281028029
 31
0.0
  0
LINE
  5
CD91
330
9491
100
AcDbEntity
  8
CH-DIM
 62
     0
440
 16777216
370
    -2
100
AcDbLine
 10
73290.46587605492
 20
-2597.311281028029
 30
0.0
 11
78530.46587605492
 21
-2597.311281028029
 31
0.0
  0
INSERT
  5
CD92
330
9491
100
AcDbEntity
  8
CH-DIM
 62
     0
440
 16777216
370
    -2
100
AcDbBlockReference
  2
_Oblique
 10
73410.46587605492
 20
-2597.311281028029
 30
0.0
 41
150.0
 42
150.0
 43
150.0
 50
180.0
  0
INSERT
  5
CD93
330
9491
100
AcDbEntity
  8
CH-DIM
 62
     0
440
 16777216
370
    -2
100
AcDbBlockReference
  2
_Oblique
 10
78410.46587605492
 20
-2597.311281028029
 30
0.0
 41
150.0
 42
150.0
 43
150.0
  0
MTEXT
  5
CD94
330
9491
100
AcDbEntity
  8
CH-DIM
 62
     0
440
 16777216
100
AcDbMText
 10
75910.46587605492
 20
-2445.598952260906
 30
0.0
 40
124.9999999999999
 41
496.2921737037649
 46
0.0
 71
     5
 72
     5
  1
\A1;5000
  7
JetBrains Mono
 73
     1
 44
1.0
 90
        3
 63
     9
421
 13158600
 45
1.1
441
        0
  0
POINT
  5
CD95
330
9491
100
AcDbEntity
  8
Defpoints
 62
     0
440
 16777216
100
AcDbPoint
 10
73410.46587605492
 20
-2491.245263850062
 30
0.0
  0
POINT
  5
CD96
330
9491
100
AcDbEntity
  8
Defpoints
 62
     0
440
 16777216
100
AcDbPoint
 10
78410.46587605492
 20
-2491.245263850069
 30
0.0
  0
POINT
  5
CD97
330
9491
100
AcDbEntity
  8
Defpoints
 62
     0
440
 16777216
100
AcDbPoint
 10
78410.46587605492
 20
-2597.311281028029
 30
0.0
  0
ENDBLK
  5
9493
330
9491
100
AcDbEntity
  8
0
100
AcDbBlockEnd
  0
BLOCK
  5
949E
330
949D
100
AcDbEntity
  8
0
100
AcDbBlockBegin
  2
*D111
 70
     1
 10
0.0
 20
0.0
 30
0.0
  3
*D111
  1

  0
LINE
  5
CD98
330
949D
100
AcDbEntity
  8
CH-DIM
 62
     0
440
 16777216
370
    -2
100
AcDbLine
 10
78410.46587605492
 20
-2566.245263850069
 30
0.0
 11
78410.46587605492
 21
-2717.311281028029
 31
0.0
  0
LINE
  5
CD99
330
949D
100
AcDbEntity
  8
CH-DIM
 62
     0
440
 16777216
370
    -2
100
AcDbLine
 10
81710.46587605495
 20
-2566.245263850077
 30
0.0
 11
81710.46587605495
 21
-2717.311281028029
 31
0.0
  0
LINE
  5
CD9A
330
949D
100
AcDbEntity
  8
CH-DIM
 62
     0
440
 16777216
370
    -2
100
AcDbLine
 10
78290.46587605492
 20
-2597.311281028029
 30
0.0
 11
81830.46587605495
 21
-2597.311281028029
 31
0.0
  0
INSERT
  5
CD9B
330
949D
100
AcDbEntity
  8
CH-DIM
 62
     0
440
 16777216
370
    -2
100
AcDbBlockReference
  2
_Oblique
 10
78410.46587605492
 20
-2597.311281028029
 30
0.0
 41
150.0
 42
150.0
 43
150.0
 50
180.0
  0
INSERT
  5
CD9C
330
949D
100
AcDbEntity
  8
CH-DIM
 62
     0
440
 16777216
370
    -2
100
AcDbBlockReference
  2
_Oblique
 10
81710.46587605495
 20
-2597.311281028029
 30
0.0
 41
150.0
 42
150.0
 43
150.0
  0
MTEXT
  5
CD9D
330
949D
100
AcDbEntity
  8
CH-DIM
 62
     0
440
 16777216
100
AcDbMText
 10
80060.46587605494
 20
-2445.598952260906
 30
0.0
 40
124.9999999999999
 41
496.2921737037649
 46
0.0
 71
     5
 72
     5
  1
\A1;3300
  7
JetBrains Mono
 73
     1
 44
1.0
 90
        3
 63
     9
421
 13158600
 45
1.1
441
        0
  0
POINT
  5
CD9E
330
949D
100
AcDbEntity
  8
Defpoints
 62
     0
440
 16777216
100
AcDbPoint
 10
78410.46587605492
 20
-2491.245263850069
 30
0.0
  0
POINT
  5
CD9F
330
949D
100
AcDbEntity
  8
Defpoints
 62
     0
440
 16777216
100
AcDbPoint
 10
81710.46587605495
 20
-2491.245263850077
 30
0.0
  0
POINT
  5
CDA0
330
949D
100
AcDbEntity
  8
Defpoints
 62
     0
440
 16777216
100
AcDbPoint
 10
81710.46587605495
 20
-2597.311281028029
 30
0.0
  0
ENDBLK
  5
949F
330
949D
100
AcDbEntity
  8
0
100
AcDbBlockEnd
  0
BLOCK
  5
94AA
330
94A9
100
AcDbEntity
  8
0
100
AcDbBlockBegin
  2
*D112
 70
     1
 10
0.0
 20
0.0
 30
0.0
  3
*D112
  1

  0
LINE
  5
CDA1
330
94A9
100
AcDbEntity
  8
CH-DIM
 62
     0
440
 16777216
370
    -2
100
AcDbLine
 10
50817.56456463629
 20
-299.9999999999927
 30
0.0
 11
50968.6305818146
 21
-299.9999999999927
 31
0.0
  0
LINE
  5
CDA2
330
94A9
100
AcDbEntity
  8
CH-DIM
 62
     0
440
 16777216
370
    -2
100
AcDbLine
 10
50817.56456463631
 20
3000.000000000002
 30
0.0
 11
50968.6305818146
 21
3000.000000000002
 31
0.0
  0
LINE
  5
CDA3
330
94A9
100
AcDbEntity
  8
CH-DIM
 62
     0
440
 16777216
370
    -2
100
AcDbLine
 10
50848.6305818146
 20
-419.9999999999928
 30
0.0
 11
50848.6305818146
 21
3120.000000000001
 31
0.0
  0
INSERT
  5
CDA4
330
94A9
100
AcDbEntity
  8
CH-DIM
 62
     0
440
 16777216
370
    -2
100
AcDbBlockReference
  2
_Oblique
 10
50848.6305818146
 20
-299.9999999999927
 30
0.0
 41
150.0
 42
150.0
 43
150.0
 50
270.0
  0
INSERT
  5
CDA5
330
94A9
100
AcDbEntity
  8
CH-DIM
 62
     0
440
 16777216
370
    -2
100
AcDbBlockReference
  2
_Oblique
 10
50848.6305818146
 20
3000.000000000002
 30
0.0
 41
150.0
 42
150.0
 43
150.0
 50
90.0
  0
MTEXT
  5
CDA6
330
94A9
100
AcDbEntity
  8
CH-DIM
 62
     0
440
 16777216
100
AcDbMText
 10
50696.91825304746
 20
1349.999999999989
 30
0.0
 40
124.9999999999999
 41
496.2921737037649
 46
0.0
 71
     5
 72
     5
  1
\A1;3300
  7
JetBrains Mono
 11
0.0000000000000001
 21
1.0
 31
0.0
 73
     1
 44
1.0
 90
        3
 63
     9
421
 13158600
 45
1.1
441
        0
  0
POINT
  5
CDA7
330
94A9
100
AcDbEntity
  8
Defpoints
 62
     0
440
 16777216
100
AcDbPoint
 10
50742.56456463629
 20
-299.9999999999928
 30
0.0
  0
POINT
  5
CDA8
330
94A9
100
AcDbEntity
  8
Defpoints
 62
     0
440
 16777216
100
AcDbPoint
 10
50742.56456463631
 20
3000.000000000002
 30
0.0
  0
POINT
  5
CDA9
330
94A9
100
AcDbEntity
  8
Defpoints
 62
     0
440
 16777216
100
AcDbPoint
 10
50848.6305818146
 20
3000.000000000002
 30
0.0
  0
ENDBLK
  5
94AB
330
94A9
100
AcDbEntity
  8
0
100
AcDbBlockEnd
  0
BLOCK
  5
94B6
330
94B5
100
AcDbEntity
  8
0
100
AcDbBlockBegin
  2
*D113
 70
     1
 10
0.0
 20
0.0
 30
0.0
  3
*D113
  1

  0
LINE
  5
CDAA
330
94B5
100
AcDbEntity
  8
CH-DIM
 62
     0
440
 16777216
370
    -2
100
AcDbLine
 10
50817.56456463631
 20
3000.000000000002
 30
0.0
 11
50968.6305818146
 21
3000.000000000002
 31
0.0
  0
LINE
  5
CDAB
330
94B5
100
AcDbEntity
  8
CH-DIM
 62
     0
440
 16777216
370
    -2
100
AcDbLine
 10
50817.56456463634
 20
8000.000000000005
 30
0.0
 11
50968.6305818146
 21
8000.000000000005
 31
0.0
  0
LINE
  5
CDAC
330
94B5
100
AcDbEntity
  8
CH-DIM
 62
     0
440
 16777216
370
    -2
100
AcDbLine
 10
50848.6305818146
 20
2880.000000000002
 30
0.0
 11
50848.6305818146
 21
8120.000000000002
 31
0.0
  0
INSERT
  5
CDAD
330
94B5
100
AcDbEntity
  8
CH-DIM
 62
     0
440
 16777216
370
    -2
100
AcDbBlockReference
  2
_Oblique
 10
50848.6305818146
 20
3000.000000000002
 30
0.0
 41
150.0
 42
150.0
 43
150.0
 50
270.0
  0
INSERT
  5
CDAE
330
94B5
100
AcDbEntity
  8
CH-DIM
 62
     0
440
 16777216
370
    -2
100
AcDbBlockReference
  2
_Oblique
 10
50848.6305818146
 20
8000.000000000005
 30
0.0
 41
150.0
 42
150.0
 43
150.0
 50
90.0
  0
MTEXT
  5
CDAF
330
94B5
100
AcDbEntity
  8
CH-DIM
 62
     0
440
 16777216
100
AcDbMText
 10
50696.91825304746
 20
5499.999999999986
 30
0.0
 40
124.9999999999999
 41
496.2921737037649
 46
0.0
 71
     5
 72
     5
  1
\A1;5000
  7
JetBrains Mono
 11
0.0000000000000001
 21
1.0
 31
0.0
 73
     1
 44
1.0
 90
        3
 63
     9
421
 13158600
 45
1.1
441
        0
  0
POINT
  5
CDB0
330
94B5
100
AcDbEntity
  8
Defpoints
 62
     0
440
 16777216
100
AcDbPoint
 10
50742.56456463631
 20
3000.000000000002
 30
0.0
  0
POINT
  5
CDB1
330
94B5
100
AcDbEntity
  8
Defpoints
 62
     0
440
 16777216
100
AcDbPoint
 10
50742.56456463634
 20
8000.000000000005
 30
0.0
  0
POINT
  5
CDB2
330
94B5
100
AcDbEntity
  8
Defpoints
 62
     0
440
 16777216
100
AcDbPoint
 10
50848.6305818146
 20
8000.000000000005
 30
0.0
  0
ENDBLK
  5
94B7
330
94B5
100
AcDbEntity
  8
0
100
AcDbBlockEnd
  0
BLOCK
  5
94C2
330
94C1
100
AcDbEntity
  8
0
100
AcDbBlockBegin
  2
*D114
 70
     1
 10
0.0
 20
0.0
 30
0.0
  3
*D114
  1

  0
LINE
  5
CDB3
330
94C1
100
AcDbEntity
  8
CH-DIM
 62
     0
440
 16777216
370
    -2
100
AcDbLine
 10
50817.56456463634
 20
8000.000000000005
 30
0.0
 11
50968.63058181464
 21
8000.000000000005
 31
0.0
  0
LINE
  5
CDB4
330
94C1
100
AcDbEntity
  8
CH-DIM
 62
     0
440
 16777216
370
    -2
100
AcDbLine
 10
50817.56456463634
 20
11000.0
 30
0.0
 11
50968.63058181464
 21
11000.0
 31
0.0
  0
LINE
  5
CDB5
330
94C1
100
AcDbEntity
  8
CH-DIM
 62
     0
440
 16777216
370
    -2
100
AcDbLine
 10
50848.63058181462
 20
7880.000000000004
 30
0.0
 11
50848.63058181462
 21
11120.0
 31
0.0
  0
INSERT
  5
CDB6
330
94C1
100
AcDbEntity
  8
CH-DIM
 62
     0
440
 16777216
370
    -2
100
AcDbBlockReference
  2
_Oblique
 10
50848.63058181462
 20
8000.000000000005
 30
0.0
 41
150.0
 42
150.0
 43
150.0
 50
270.0
  0
INSERT
  5
CDB7
330
94C1
100
AcDbEntity
  8
CH-DIM
 62
     0
440
 16777216
370
    -2
100
AcDbBlockReference
  2
_Oblique
 10
50848.63058181462
 20
11000.0
 30
0.0
 41
150.0
 42
150.0
 43
150.0
 50
90.0
  0
MTEXT
  5
CDB8
330
94C1
100
AcDbEntity
  8
CH-DIM
 62
     0
440
 16777216
100
AcDbMText
 10
50696.9182530475
 20
9499.999999999987
 30
0.0
 40
124.9999999999999
 41
496.2921737037649
 46
0.0
 71
     5
 72
     5
  1
\A1;3000
  7
JetBrains Mono
 11
0.0000000000000001
 21
1.0
 31
0.0
 73
     1
 44
1.0
 90
        3
 63
     9
421
 13158600
 45
1.1
441
        0
  0
POINT
  5
CDB9
330
94C1
100
AcDbEntity
  8
Defpoints
 62
     0
440
 16777216
100
AcDbPoint
 10
50742.56456463634
 20
8000.000000000005
 30
0.0
  0
POINT
  5
CDBA
330
94C1
100
AcDbEntity
  8
Defpoints
 62
     0
440
 16777216
100
AcDbPoint
 10
50742.56456463634
 20
11000.0
 30
0.0
  0
POINT
  5
CDBB
330
94C1
100
AcDbEntity
  8
Defpoints
 62
     0
440
 16777216
100
AcDbPoint
 10
50848.63058181462
 20
11000.0
 30
0.0
  0
ENDBLK
  5
94C3
330
94C1
100
AcDbEntity
  8
0
100
AcDbBlockEnd
  0
BLOCK
  5
94CE
330
94CD
100
AcDbEntity
  8
0
100
AcDbBlockBegin
  2
*D115
 70
     1
 10
0.0
 20
0.0
 30
0.0
  3
*D115
  1

  0
LINE
  5
CDBC
330
94CD
100
AcDbEntity
  8
CH-DIM
 62
     0
440
 16777216
370
    -2
100
AcDbLine
 10
50817.56456463634
 20
11000.0
 30
0.0
 11
50968.63058181464
 21
11000.0
 31
0.0
  0
LINE
  5
CDBD
330
94CD
100
AcDbEntity
  8
CH-DIM
 62
     0
440
 16777216
370
    -2
100
AcDbLine
 10
50817.56456463637
 20
15000.0
 30
0.0
 11
50968.63058181464
 21
15000.0
 31
0.0
  0
LINE
  5
CDBE
330
94CD
100
AcDbEntity
  8
CH-DIM
 62
     0
440
 16777216
370
    -2
100
AcDbLine
 10
50848.63058181466
 20
10880.0
 30
0.0
 11
50848.63058181466
 21
15120.0
 31
0.0
  0
INSERT
  5
CDBF
330
94CD
100
AcDbEntity
  8
CH-DIM
 62
     0
440
 16777216
370
    -2
100
AcDbBlockReference
  2
_Oblique
 10
50848.63058181466
 20
11000.0
 30
0.0
 41
150.0
 42
150.0
 43
150.0
 50
270.0
  0
INSERT
  5
CDC0
330
94CD
100
AcDbEntity
  8
CH-DIM
 62
     0
440
 16777216
370
    -2
100
AcDbBlockReference
  2
_Oblique
 10
50848.63058181466
 20
15000.0
 30
0.0
 41
150.0
 42
150.0
 43
150.0
 50
90.0
  0
MTEXT
  5
CDC1
330
94CD
100
AcDbEntity
  8
CH-DIM
 62
     0
440
 16777216
100
AcDbMText
 10
50696.91825304752
 20
12999.99999999998
 30
0.0
 40
124.9999999999999
 41
496.2921737037649
 46
0.0
 71
     5
 72
     5
  1
\A1;4000
  7
JetBrains Mono
 11
0.0000000000000001
 21
1.0
 31
0.0
 73
     1
 44
1.0
 90
        3
 63
     9
421
 13158600
 45
1.1
441
        0
  0
POINT
  5
CDC2
330
94CD
100
AcDbEntity
  8
Defpoints
 62
     0
440
 16777216
100
AcDbPoint
 10
50742.56456463634
 20
11000.0
 30
0.0
  0
POINT
  5
CDC3
330
94CD
100
AcDbEntity
  8
Defpoints
 62
     0
440
 16777216
100
AcDbPoint
 10
50742.56456463634
 20
15000.0
 30
0.0
  0
POINT
  5
CDC4
330
94CD
100
AcDbEntity
  8
Defpoints
 62
     0
440
 16777216
100
AcDbPoint
 10
50848.63058181466
 20
15000.0
 30
0.0
  0
ENDBLK
  5
94CF
330
94CD
100
AcDbEntity
  8
0
100
AcDbBlockEnd
  0
BLOCK
  5
94DA
330
94D9
100
AcDbEntity
  8
0
100
AcDbBlockBegin
  2
*D116
 70
     1
 10
0.0
 20
0.0
 30
0.0
  3
*D116
  1

  0
LINE
  5
CDC5
330
94D9
100
AcDbEntity
  8
CH-DIM
 62
     0
440
 16777216
370
    -2
100
AcDbLine
 10
50817.56456463637
 20
15000.0
 30
0.0
 11
50968.63058181464
 21
15000.0
 31
0.0
  0
LINE
  5
CDC6
330
94D9
100
AcDbEntity
  8
CH-DIM
 62
     0
440
 16777216
370
    -2
100
AcDbLine
 10
50817.56456463637
 20
17999.99999999999
 30
0.0
 11
50968.63058181464
 21
17999.99999999999
 31
0.0
  0
LINE
  5
CDC7
330
94D9
100
AcDbEntity
  8
CH-DIM
 62
     0
440
 16777216
370
    -2
100
AcDbLine
 10
50848.63058181467
 20
14880.0
 30
0.0
 11
50848.63058181466
 21
18119.99999999999
 31
0.0
  0
INSERT
  5
CDC8
330
94D9
100
AcDbEntity
  8
CH-DIM
 62
     0
440
 16777216
370
    -2
100
AcDbBlockReference
  2
_Oblique
 10
50848.63058181467
 20
15000.0
 30
0.0
 41
150.0
 42
150.0
 43
150.0
 50
270.0
  0
INSERT
  5
CDC9
330
94D9
100
AcDbEntity
  8
CH-DIM
 62
     0
440
 16777216
370
    -2
100
AcDbBlockReference
  2
_Oblique
 10
50848.63058181466
 20
17999.99999999999
 30
0.0
 41
150.0
 42
150.0
 43
150.0
 50
90.0
  0
MTEXT
  5
CDCA
330
94D9
100
AcDbEntity
  8
CH-DIM
 62
     0
440
 16777216
100
AcDbMText
 10
50696.91825304753
 20
16499.99999999996
 30
0.0
 40
124.9999999999999
 41
496.2921737037649
 46
0.0
 71
     5
 72
     5
  1
\A1;3000
  7
JetBrains Mono
 11
0.0000000000000001
 21
1.0
 31
0.0
 73
     1
 44
1.0
 90
        3
 63
     9
421
 13158600
 45
1.1
441
        0
  0
POINT
  5
CDCB
330
94D9
100
AcDbEntity
  8
Defpoints
 62
     0
440
 16777216
100
AcDbPoint
 10
50742.56456463634
 20
15000.0
 30
0.0
  0
POINT
  5
CDCC
330
94D9
100
AcDbEntity
  8
Defpoints
 62
     0
440
 16777216
100
AcDbPoint
 10
50742.56456463634
 20
17999.99999999999
 30
0.0
  0
POINT
  5
CDCD
330
94D9
100
AcDbEntity
  8
Defpoints
 62
     0
440
 16777216
100
AcDbPoint
 10
50848.63058181466
 20
17999.99999999999
 30
0.0
  0
ENDBLK
  5
94DB
330
94D9
100
AcDbEntity
  8
0
100
AcDbBlockEnd
  0
BLOCK
  5
94E6
330
94E5
100
AcDbEntity
  8
0
100
AcDbBlockBegin
  2
*D117
 70
     1
 10
0.0
 20
0.0
 30
0.0
  3
*D117
  1

  0
LINE
  5
CDCE
330
94E5
100
AcDbEntity
  8
CH-DIM
 62
     0
440
 16777216
370
    -2
100
AcDbLine
 10
50817.56456463637
 20
17999.99999999999
 30
0.0
 11
50968.63058181464
 21
17999.99999999999
 31
0.0
  0
LINE
  5
CDCF
330
94E5
100
AcDbEntity
  8
CH-DIM
 62
     0
440
 16777216
370
    -2
100
AcDbLine
 10
50817.56456463637
 20
23000.0
 30
0.0
 11
50968.63058181464
 21
23000.0
 31
0.0
  0
LINE
  5
CDD0
330
94E5
100
AcDbEntity
  8
CH-DIM
 62
     0
440
 16777216
370
    -2
100
AcDbLine
 10
50848.63058181466
 20
17879.99999999999
 30
0.0
 11
50848.63058181466
 21
23120.0
 31
0.0
  0
INSERT
  5
CDD1
330
94E5
100
AcDbEntity
  8
CH-DIM
 62
     0
440
 16777216
370
    -2
100
AcDbBlockReference
  2
_Oblique
 10
50848.63058181466
 20
17999.99999999999
 30
0.0
 41
150.0
 42
150.0
 43
150.0
 50
270.0
  0
INSERT
  5
CDD2
330
94E5
100
AcDbEntity
  8
CH-DIM
 62
     0
440
 16777216
370
    -2
100
AcDbBlockReference
  2
_Oblique
 10
50848.63058181466
 20
23000.0
 30
0.0
 41
150.0
 42
150.0
 43
150.0
 50
90.0
  0
MTEXT
  5
CDD3
330
94E5
100
AcDbEntity
  8
CH-DIM
 62
     0
440
 16777216
100
AcDbMText
 10
50696.91825304753
 20
20499.99999999998
 30
0.0
 40
124.9999999999999
 41
496.2921737037649
 46
0.0
 71
     5
 72
     5
  1
\A1;5000
  7
JetBrains Mono
 11
0.0000000000000001
 21
1.0
 31
0.0
 73
     1
 44
1.0
 90
        3
 63
     9
421
 13158600
 45
1.1
441
        0
  0
POINT
  5
CDD4
330
94E5
100
AcDbEntity
  8
Defpoints
 62
     0
440
 16777216
100
AcDbPoint
 10
50742.56456463634
 20
17999.99999999999
 30
0.0
  0
POINT
  5
CDD5
330
94E5
100
AcDbEntity
  8
Defpoints
 62
     0
440
 16777216
100
AcDbPoint
 10
50742.5645646364
 20
23000.0
 30
0.0
  0
POINT
  5
CDD6
330
94E5
100
AcDbEntity
  8
Defpoints
 62
     0
440
 16777216
100
AcDbPoint
 10
50848.63058181466
 20
23000.0
 30
0.0
  0
ENDBLK
  5
94E7
330
94E5
100
AcDbEntity
  8
0
100
AcDbBlockEnd
  0
BLOCK
  5
94F2
330
94F1
100
AcDbEntity
  8
0
100
AcDbBlockBegin
  2
*D118
 70
     1
 10
0.0
 20
0.0
 30
0.0
  3
*D118
  1

  0
LINE
  5
CDD7
330
94F1
100
AcDbEntity
  8
CH-DIM
 62
     0
440
 16777216
370
    -2
100
AcDbLine
 10
50817.56456463637
 20
23000.0
 30
0.0
 11
50968.63058181468
 21
23000.0
 31
0.0
  0
LINE
  5
CDD8
330
94F1
100
AcDbEntity
  8
CH-DIM
 62
     0
440
 16777216
370
    -2
100
AcDbLine
 10
50817.56456463637
 20
26300.0
 30
0.0
 11
50968.63058181468
 21
26300.0
 31
0.0
  0
LINE
  5
CDD9
330
94F1
100
AcDbEntity
  8
CH-DIM
 62
     0
440
 16777216
370
    -2
100
AcDbLine
 10
50848.63058181467
 20
22880.0
 30
0.0
 11
50848.63058181467
 21
26420.0
 31
0.0
  0
INSERT
  5
CDDA
330
94F1
100
AcDbEntity
  8
CH-DIM
 62
     0
440
 16777216
370
    -2
100
AcDbBlockReference
  2
_Oblique
 10
50848.63058181467
 20
23000.0
 30
0.0
 41
150.0
 42
150.0
 43
150.0
 50
270.0
  0
INSERT
  5
CDDB
330
94F1
100
AcDbEntity
  8
CH-DIM
 62
     0
440
 16777216
370
    -2
100
AcDbBlockReference
  2
_Oblique
 10
50848.63058181467
 20
26300.0
 30
0.0
 41
150.0
 42
150.0
 43
150.0
 50
90.0
  0
MTEXT
  5
CDDC
330
94F1
100
AcDbEntity
  8
CH-DIM
 62
     0
440
 16777216
100
AcDbMText
 10
50696.91825304755
 20
24649.99999999998
 30
0.0
 40
124.9999999999999
 41
496.2921737037649
 46
0.0
 71
     5
 72
     5
  1
\A1;3300
  7
JetBrains Mono
 11
0.0000000000000001
 21
1.0
 31
0.0
 73
     1
 44
1.0
 90
        3
 63
     9
421
 13158600
 45
1.1
441
        0
  0
POINT
  5
CDDD
330
94F1
100
AcDbEntity
  8
Defpoints
 62
     0
440
 16777216
100
AcDbPoint
 10
50742.5645646364
 20
23000.0
 30
0.0
  0
POINT
  5
CDDE
330
94F1
100
AcDbEntity
  8
Defpoints
 62
     0
440
 16777216
100
AcDbPoint
 10
50742.5645646364
 20
26300.0
 30
0.0
  0
POINT
  5
CDDF
330
94F1
100
AcDbEntity
  8
Defpoints
 62
     0
440
 16777216
100
AcDbPoint
 10
50848.63058181467
 20
26300.0
 30
0.0
  0
ENDBLK
  5
94F3
330
94F1
100
AcDbEntity
  8
0
100
AcDbBlockEnd
  0
BLOCK
  5
94FE
330
94FD
100
AcDbEntity
  8
0
100
AcDbBlockBegin
  2
*D119
 70
     1
 10
0.0
 20
0.0
 30
0.0
  3
*D119
  1

  0
LINE
  5
CDE0
330
94FD
100
AcDbEntity
  8
CH-DIM
 62
     0
440
 16777216
370
    -2
100
AcDbLine
 10
50817.56456463637
 20
26300.0
 30
0.0
 11
50968.63058181468
 21
26300.0
 31
0.0
  0
LINE
  5
CDE1
330
94FD
100
AcDbEntity
  8
CH-DIM
 62
     0
440
 16777216
370
    -2
100
AcDbLine
 10
50817.56456463637
 20
27700.00000000002
 30
0.0
 11
50968.63058181468
 21
27700.00000000002
 31
0.0
  0
LINE
  5
CDE2
330
94FD
100
AcDbEntity
  8
CH-DIM
 62
     0
440
 16777216
370
    -2
100
AcDbLine
 10
50848.63058181467
 20
26180.0
 30
0.0
 11
50848.63058181467
 21
27820.00000000002
 31
0.0
  0
INSERT
  5
CDE3
330
94FD
100
AcDbEntity
  8
CH-DIM
 62
     0
440
 16777216
370
    -2
100
AcDbBlockReference
  2
_Oblique
 10
50848.63058181467
 20
26300.0
 30
0.0
 41
150.0
 42
150.0
 43
150.0
 50
270.0
  0
INSERT
  5
CDE4
330
94FD
100
AcDbEntity
  8
CH-DIM
 62
     0
440
 16777216
370
    -2
100
AcDbBlockReference
  2
_Oblique
 10
50848.63058181467
 20
27700.00000000002
 30
0.0
 41
150.0
 42
150.0
 43
150.0
 50
90.0
  0
MTEXT
  5
CDE5
330
94FD
100
AcDbEntity
  8
CH-DIM
 62
     0
440
 16777216
100
AcDbMText
 10
50696.91825304755
 20
26999.99999999999
 30
0.0
 40
124.9999999999999
 41
496.2921737037649
 46
0.0
 71
     5
 72
     5
  1
\A1;1400
  7
JetBrains Mono
 11
0.0000000000000001
 21
1.0
 31
0.0
 73
     1
 44
1.0
 90
        3
 63
     9
421
 13158600
 45
1.1
441
        0
  0
POINT
  5
CDE6
330
94FD
100
AcDbEntity
  8
Defpoints
 62
     0
440
 16777216
100
AcDbPoint
 10
50742.5645646364
 20
26300.0
 30
0.0
  0
POINT
  5
CDE7
330
94FD
100
AcDbEntity
  8
Defpoints
 62
     0
440
 16777216
100
AcDbPoint
 10
50742.5645646364
 20
27700.00000000002
 30
0.0
  0
POINT
  5
CDE8
330
94FD
100
AcDbEntity
  8
Defpoints
 62
     0
440
 16777216
100
AcDbPoint
 10
50848.63058181467
 20
27700.00000000002
 30
0.0
  0
ENDBLK
  5
94FF
330
94FD
100
AcDbEntity
  8
0
100
AcDbBlockEnd
  0
BLOCK
  5
950A
330
9509
100
AcDbEntity
  8
0
100
AcDbBlockBegin
  2
*D120
 70
     1
 10
0.0
 20
0.0
 30
0.0
  3
*D120
  1

  0
LINE
  5
CDE9
330
9509
100
AcDbEntity
  8
CH-DIM
 62
     0
440
 16777216
370
    -2
100
AcDbLine
 10
51817.56456463629
 20
-300.0000000000001
 30
0.0
 11
51968.63058181468
 21
-300.0
 31
0.0
  0
LINE
  5
CDEA
330
9509
100
AcDbEntity
  8
CH-DIM
 62
     0
440
 16777216
370
    -2
100
AcDbLine
 10
51817.5645646364
 20
27700.00000000002
 30
0.0
 11
51968.63058181468
 21
27700.00000000002
 31
0.0
  0
LINE
  5
CDEB
330
9509
100
AcDbEntity
  8
CH-DIM
 62
     0
440
 16777216
370
    -2
100
AcDbLine
 10
51848.63058181468
 20
-420.0000000000001
 30
0.0
 11
51848.63058181468
 21
27820.00000000002
 31
0.0
  0
INSERT
  5
CDEC
330
9509
100
AcDbEntity
  8
CH-DIM
 62
     0
440
 16777216
370
    -2
100
AcDbBlockReference
  2
_Oblique
 10
51848.63058181468
 20
-300.0
 30
0.0
 41
150.0
 42
150.0
 43
150.0
 50
270.0
  0
INSERT
  5
CDED
330
9509
100
AcDbEntity
  8
CH-DIM
 62
     0
440
 16777216
370
    -2
100
AcDbBlockReference
  2
_Oblique
 10
51848.63058181468
 20
27700.00000000002
 30
0.0
 41
150.0
 42
150.0
 43
150.0
 50
90.0
  0
MTEXT
  5
CDEE
330
9509
100
AcDbEntity
  8
CH-DIM
 62
     0
440
 16777216
100
AcDbMText
 10
51696.8326366092
 20
13699.99999999999
 30
0.0
 40
124.9999999999999
 41
620.3652171297061
 46
0.0
 71
     5
 72
     5
  1
\A1;28000
  7
JetBrains Mono
 11
0.0000000000000001
 21
1.0
 31
0.0
 73
     1
 44
1.0
 90
        3
 63
     9
421
 13158600
 45
1.1
441
        0
  0
POINT
  5
CDEF
330
9509
100
AcDbEntity
  8
Defpoints
 62
     0
440
 16777216
100
AcDbPoint
 10
51742.56456463629
 20
-300.0000000000001
 30
0.0
  0
POINT
  5
CDF0
330
9509
100
AcDbEntity
  8
Defpoints
 62
     0
440
 16777216
100
AcDbPoint
 10
51742.56456463639
 20
27700.00000000002
 30
0.0
  0
POINT
  5
CDF1
330
9509
100
AcDbEntity
  8
Defpoints
 62
     0
440
 16777216
100
AcDbPoint
 10
51848.63058181468
 20
27700.00000000002
 30
0.0
  0
ENDBLK
  5
950B
330
9509
100
AcDbEntity
  8
0
100
AcDbBlockEnd
  0
BLOCK
  5
9516
330
9515
100
AcDbEntity
  8
0
100
AcDbBlockBegin
  2
*D121
 70
     1
 10
0.0
 20
0.0
 30
0.0
  3
*D121
  1

  0
LINE
  5
CDF2
330
9515
100
AcDbEntity
  8
CH-DIM
 62
     0
440
 16777216
370
    -2
100
AcDbLine
 10
53110.46587605494
 20
-1566.245263850003
 30
0.0
 11
53110.46587605494
 21
-1717.311281028036
 31
0.0
  0
LINE
  5
CDF3
330
9515
100
AcDbEntity
  8
CH-DIM
 62
     0
440
 16777216
370
    -2
100
AcDbLine
 10
81710.46587605495
 20
-1566.245263850047
 30
0.0
 11
81710.46587605495
 21
-1717.311281028036
 31
0.0
  0
LINE
  5
CDF4
330
9515
100
AcDbEntity
  8
CH-DIM
 62
     0
440
 16777216
370
    -2
100
AcDbLine
 10
52990.46587605494
 20
-1597.311281028036
 30
0.0
 11
81830.46587605495
 21
-1597.311281028036
 31
0.0
  0
INSERT
  5
CDF5
330
9515
100
AcDbEntity
  8
CH-DIM
 62
     0
440
 16777216
370
    -2
100
AcDbBlockReference
  2
_Oblique
 10
53110.46587605494
 20
-1597.311281028036
 30
0.0
 41
150.0
 42
150.0
 43
150.0
 50
180.0
  0
INSERT
  5
CDF6
330
9515
100
AcDbEntity
  8
CH-DIM
 62
     0
440
 16777216
370
    -2
100
AcDbBlockReference
  2
_Oblique
 10
81710.46587605495
 20
-1597.311281028036
 30
0.0
 41
150.0
 42
150.0
 43
150.0
  0
MTEXT
  5
CDF7
330
9515
100
AcDbEntity
  8
CH-DIM
 62
     0
440
 16777216
100
AcDbMText
 10
67410.46587605495
 20
-1445.513335822556
 30
0.0
 40
124.9999999999999
 41
620.3652171297061
 46
0.0
 71
     5
 72
     5
  1
\A1;28600
  7
JetBrains Mono
 73
     1
 44
1.0
 90
        3
 63
     9
421
 13158600
 45
1.1
441
        0
  0
POINT
  5
CDF8
330
9515
100
AcDbEntity
  8
Defpoints
 62
     0
440
 16777216
100
AcDbPoint
 10
53110.46587605494
 20
-1491.245263850003
 30
0.0
  0
POINT
  5
CDF9
330
9515
100
AcDbEntity
  8
Defpoints
 62
     0
440
 16777216
100
AcDbPoint
 10
81710.46587605495
 20
-1491.245263850047
 30
0.0
  0
POINT
  5
CDFA
330
9515
100
AcDbEntity
  8
Defpoints
 62
     0
440
 16777216
100
AcDbPoint
 10
81710.46587605495
 20
-1597.311281028036
 30
0.0
  0
ENDBLK
  5
9517
330
9515
100
AcDbEntity
  8
0
100
AcDbBlockEnd
  0
BLOCK
  5
9DF1
330
9DF0
100
AcDbEntity
  8
0
100
AcDbBlockBegin
  2
*D122
 70
     1
 10
0.0
 20
0.0
 30
0.0
  3
*D122
  1

  0
LINE
  5
CDFB
330
9DF0
100
AcDbEntity
  8
CH-DIM
 62
     0
440
 16777216
370
    -2
100
AcDbLine
 10
-2966.656838306491
 20
28774.99999999994
 30
0.0
 11
-2966.656838306491
 21
29318.83995710348
 31
0.0
  0
LINE
  5
CDFC
330
9DF0
100
AcDbEntity
  8
CH-DIM
 62
     0
440
 16777216
370
    -2
100
AcDbLine
 10
2233.343161693512
 20
28774.99999999994
 30
0.0
 11
2233.343161693512
 21
29318.83995710348
 31
0.0
  0
LINE
  5
CDFD
330
9DF0
100
AcDbEntity
  8
CH-DIM
 62
     0
440
 16777216
370
    -2
100
AcDbLine
 10
-3086.656838306491
 20
29198.83995710348
 30
0.0
 11
2353.343161693512
 21
29198.83995710348
 31
0.0
  0
INSERT
  5
CDFE
330
9DF0
100
AcDbEntity
  8
CH-DIM
 62
     0
440
 16777216
370
    -2
100
AcDbBlockReference
  2
_Oblique
 10
-2966.656838306491
 20
29198.83995710348
 30
0.0
 41
150.0
 42
150.0
 43
150.0
 50
180.0
  0
INSERT
  5
CDFF
330
9DF0
100
AcDbEntity
  8
CH-DIM
 62
     0
440
 16777216
370
    -2
100
AcDbBlockReference
  2
_Oblique
 10
2233.343161693512
 20
29198.83995710348
 30
0.0
 41
150.0
 42
150.0
 43
150.0
  0
MTEXT
  5
CE00
330
9DF0
100
AcDbEntity
  8
CH-DIM
 62
     0
440
 16777216
100
AcDbMText
 10
-366.6568383064896
 20
29350.5522858706
 30
0.0
 40
124.9999999999999
 41
0.0
 46
0.0
 71
     5
 72
     5
  1
\A1;5200
  7
JetBrains Mono
 73
     1
 44
1.0
 90
        3
 63
     9
421
 13158600
 45
1.1
441
        0
  0
POINT
  5
CE01
330
9DF0
100
AcDbEntity
  8
Defpoints
 62
     0
440
 16777216
100
AcDbPoint
 10
-2966.656838306491
 20
28699.99999999994
 30
0.0
  0
POINT
  5
CE02
330
9DF0
100
AcDbEntity
  8
Defpoints
 62
     0
440
 16777216
100
AcDbPoint
 10
2233.343161693512
 20
28699.99999999994
 30
0.0
  0
POINT
  5
CE03
330
9DF0
100
AcDbEntity
  8
Defpoints
 62
     0
440
 16777216
100
AcDbPoint
 10
2233.343161693512
 20
29198.83995710348
 30
0.0
  0
ENDBLK
  5
9DF2
330
9DF0
100
AcDbEntity
  8
0
100
AcDbBlockEnd
  0
BLOCK
  5
9E09
330
9E08
100
AcDbEntity
  8
0
100
AcDbBlockBegin
  2
*D123
 70
     1
 10
0.0
 20
0.0
 30
0.0
  3
*D123
  1

  0
LINE
  5
CE04
330
9E08
100
AcDbEntity
  8
CH-DIM
 62
     0
440
 16777216
370
    -2
100
AcDbLine
 10
2308.343161693513
 20
28699.99999999995
 30
0.0
 11
3045.496818742489
 21
28699.99999999995
 31
0.0
  0
LINE
  5
CE05
330
9E08
100
AcDbEntity
  8
CH-DIM
 62
     0
440
 16777216
370
    -2
100
AcDbLine
 10
2308.343161693518
 20
22050.0
 30
0.0
 11
3045.49681874249
 21
22050.0
 31
0.0
  0
LINE
  5
CE06
330
9E08
100
AcDbEntity
  8
CH-DIM
 62
     0
440
 16777216
370
    -2
100
AcDbLine
 10
2925.496818742488
 20
28819.99999999995
 30
0.0
 11
2925.49681874249
 21
21930.0
 31
0.0
  0
INSERT
  5
CE07
330
9E08
100
AcDbEntity
  8
CH-DIM
 62
     0
440
 16777216
370
    -2
100
AcDbBlockReference
  2
_Oblique
 10
2925.496818742488
 20
28699.99999999995
 30
0.0
 41
150.0
 42
150.0
 43
150.0
 50
90.0
  0
INSERT
  5
CE08
330
9E08
100
AcDbEntity
  8
CH-DIM
 62
     0
440
 16777216
370
    -2
100
AcDbBlockReference
  2
_Oblique
 10
2925.49681874249
 20
22050.0
 30
0.0
 41
150.0
 42
150.0
 43
150.0
 50
270.0
  0
MTEXT
  5
CE09
330
9E08
100
AcDbEntity
  8
CH-DIM
 62
     0
440
 16777216
100
AcDbMText
 10
2773.784489975373
 20
25374.99999999997
 30
0.0
 40
124.9999999999999
 41
0.0
 46
0.0
 71
     5
 72
     5
  1
\A1;6650
  7
JetBrains Mono
 11
0.0000000000000001
 21
1.0
 31
0.0
 73
     1
 44
1.0
 90
        3
 63
     9
421
 13158600
 45
1.1
441
        0
  0
POINT
  5
CE0A
330
9E08
100
AcDbEntity
  8
Defpoints
 62
     0
440
 16777216
100
AcDbPoint
 10
2233.343161693513
 20
28699.99999999995
 30
0.0
  0
POINT
  5
CE0B
330
9E08
100
AcDbEntity
  8
Defpoints
 62
     0
440
 16777216
100
AcDbPoint
 10
2233.343161693518
 20
22050.0
 30
0.0
  0
POINT
  5
CE0C
330
9E08
100
AcDbEntity
  8
Defpoints
 62
     0
440
 16777216
100
AcDbPoint
 10
2925.49681874249
 20
22050.0
 30
0.0
  0
ENDBLK
  5
9E0A
330
9E08
100
AcDbEntity
  8
0
100
AcDbBlockEnd
  0
BLOCK
  5
9E21
330
9E20
100
AcDbEntity
  8
0
100
AcDbBlockBegin
  2
*D124
 70
     1
 10
0.0
 20
0.0
 30
0.0
  3
*D124
  1

  0
LINE
  5
A1AD
330
9E20
100
AcDbEntity
  8
CH-DIM
 62
     0
440
 16777216
370
    -2
100
AcDbLine
 10
4858.343161693529
 20
29099.99999999995
 30
0.0
 11
4141.439024357597
 21
29099.99999999995
 31
0.0
  0
LINE
  5
A1AE
330
9E20
100
AcDbEntity
  8
CH-DIM
 62
     0
440
 16777216
370
    -2
100
AcDbLine
 10
4858.343161693527
 20
21650.0
 30
0.0
 11
4141.4390243576
 21
21650.0
 31
0.0
  0
LINE
  5
A1AF
330
9E20
100
AcDbEntity
  8
CH-DIM
 62
     0
440
 16777216
370
    -2
100
AcDbLine
 10
4261.439024357598
 20
29219.99999999995
 30
0.0
 11
4261.439024357598
 21
21530.0
 31
0.0
  0
INSERT
  5
A1B0
330
9E20
100
AcDbEntity
  8
CH-DIM
 62
     0
440
 16777216
370
    -2
100
AcDbBlockReference
  2
_Oblique
 10
4261.439024357598
 20
29099.99999999995
 30
0.0
 41
150.0
 42
150.0
 43
150.0
 50
90.0
  0
INSERT
  5
A1B1
330
9E20
100
AcDbEntity
  8
CH-DIM
 62
     0
440
 16777216
370
    -2
100
AcDbBlockReference
  2
_Oblique
 10
4261.439024357598
 20
21650.0
 30
0.0
 41
150.0
 42
150.0
 43
150.0
 50
270.0
  0
MTEXT
  5
A1B2
330
9E20
100
AcDbEntity
  8
CH-DIM
 62
     0
440
 16777216
100
AcDbMText
 10
4109.726695590483
 20
25374.99999999997
 30
0.0
 40
124.9999999999999
 41
0.0
 46
0.0
 71
     5
 72
     5
  1
\A1;7450
  7
JetBrains Mono
 11
0.0000000000000001
 21
1.0
 31
0.0
 73
     1
 44
1.0
 90
        3
 63
     9
421
 13158600
 45
1.1
441
        0
  0
POINT
  5
A1B3
330
9E20
100
AcDbEntity
  8
Defpoints
 62
     0
440
 16777216
100
AcDbPoint
 10
4933.343161693528
 20
29099.99999999995
 30
0.0
  0
POINT
  5
A1B4
330
9E20
100
AcDbEntity
  8
Defpoints
 62
     0
440
 16777216
100
AcDbPoint
 10
4933.343161693527
 20
21650.0
 30
0.0
  0
POINT
  5
A1B5
330
9E20
100
AcDbEntity
  8
Defpoints
 62
     0
440
 16777216
100
AcDbPoint
 10
4261.439024357598
 20
21650.0
 30
0.0
  0
ENDBLK
  5
9E22
330
9E20
100
AcDbEntity
  8
0
100
AcDbBlockEnd
  0
BLOCK
  5
9E39
330
9E38
100
AcDbEntity
  8
0
100
AcDbBlockBegin
  2
*D125
 70
     1
 10
0.0
 20
0.0
 30
0.0
  3
*D125
  1

  0
LINE
  5
A1B6
330
9E38
100
AcDbEntity
  8
CH-DIM
 62
     0
440
 16777216
370
    -2
100
AcDbLine
 10
5333.343161693528
 20
28774.99999999994
 30
0.0
 11
5333.343161693528
 21
29718.83995710346
 31
0.0
  0
LINE
  5
A1B7
330
9E38
100
AcDbEntity
  8
CH-DIM
 62
     0
440
 16777216
370
    -2
100
AcDbLine
 10
19633.34316169358
 20
29174.99999999995
 30
0.0
 11
19633.34316169358
 21
29718.83995710346
 31
0.0
  0
LINE
  5
A1B8
330
9E38
100
AcDbEntity
  8
CH-DIM
 62
     0
440
 16777216
370
    -2
100
AcDbLine
 10
5213.343161693527
 20
29598.83995710346
 30
0.0
 11
19753.34316169358
 21
29598.83995710346
 31
0.0
  0
INSERT
  5
A1B9
330
9E38
100
AcDbEntity
  8
CH-DIM
 62
     0
440
 16777216
370
    -2
100
AcDbBlockReference
  2
_Oblique
 10
5333.343161693528
 20
29598.83995710346
 30
0.0
 41
150.0
 42
150.0
 43
150.0
 50
180.0
  0
INSERT
  5
A1BA
330
9E38
100
AcDbEntity
  8
CH-DIM
 62
     0
440
 16777216
370
    -2
100
AcDbBlockReference
  2
_Oblique
 10
19633.34316169358
 20
29598.83995710346
 30
0.0
 41
150.0
 42
150.0
 43
150.0
  0
MTEXT
  5
A1BB
330
9E38
100
AcDbEntity
  8
CH-DIM
 62
     0
440
 16777216
100
AcDbMText
 10
12483.34316169355
 20
29750.55228587058
 30
0.0
 40
124.9999999999999
 41
0.0
 46
0.0
 71
     5
 72
     5
  1
\A1;14300
  7
JetBrains Mono
 73
     1
 44
1.0
 90
        3
 63
     9
421
 13158600
 45
1.1
441
        0
  0
POINT
  5
A1BC
330
9E38
100
AcDbEntity
  8
Defpoints
 62
     0
440
 16777216
100
AcDbPoint
 10
5333.343161693528
 20
28699.99999999994
 30
0.0
  0
POINT
  5
A1BD
330
9E38
100
AcDbEntity
  8
Defpoints
 62
     0
440
 16777216
100
AcDbPoint
 10
19633.34316169358
 20
29099.99999999995
 30
0.0
  0
POINT
  5
A1BE
330
9E38
100
AcDbEntity
  8
Defpoints
 62
     0
440
 16777216
100
AcDbPoint
 10
19633.34316169358
 20
29598.83995710346
 30
0.0
  0
ENDBLK
  5
9E3A
330
9E38
100
AcDbEntity
  8
0
100
AcDbBlockEnd
  0
BLOCK
  5
9E51
330
9E50
100
AcDbEntity
  8
0
100
AcDbBlockBegin
  2
*D126
 70
     1
 10
0.0
 20
0.0
 30
0.0
  3
*D126
  1

  0
LINE
  5
CE0D
330
9E50
100
AcDbEntity
  8
CH-DIM
 62
     0
440
 16777216
370
    -2
100
AcDbLine
 10
22333.34316169352
 20
28774.99999999996
 30
0.0
 11
22333.34316169352
 21
29318.83995710348
 31
0.0
  0
LINE
  5
CE0E
330
9E50
100
AcDbEntity
  8
CH-DIM
 62
     0
440
 16777216
370
    -2
100
AcDbLine
 10
27533.34316169352
 20
28774.99999999996
 30
0.0
 11
27533.34316169352
 21
29318.83995710348
 31
0.0
  0
LINE
  5
CE0F
330
9E50
100
AcDbEntity
  8
CH-DIM
 62
     0
440
 16777216
370
    -2
100
AcDbLine
 10
22213.34316169352
 20
29198.83995710348
 30
0.0
 11
27653.34316169352
 21
29198.83995710348
 31
0.0
  0
INSERT
  5
CE10
330
9E50
100
AcDbEntity
  8
CH-DIM
 62
     0
440
 16777216
370
    -2
100
AcDbBlockReference
  2
_Oblique
 10
22333.34316169352
 20
29198.83995710348
 30
0.0
 41
150.0
 42
150.0
 43
150.0
 50
180.0
  0
INSERT
  5
CE11
330
9E50
100
AcDbEntity
  8
CH-DIM
 62
     0
440
 16777216
370
    -2
100
AcDbBlockReference
  2
_Oblique
 10
27533.34316169352
 20
29198.83995710348
 30
0.0
 41
150.0
 42
150.0
 43
150.0
  0
MTEXT
  5
CE12
330
9E50
100
AcDbEntity
  8
CH-DIM
 62
     0
440
 16777216
100
AcDbMText
 10
24933.34316169352
 20
29350.5522858706
 30
0.0
 40
124.9999999999999
 41
0.0
 46
0.0
 71
     5
 72
     5
  1
\A1;5200
  7
JetBrains Mono
 73
     1
 44
1.0
 90
        3
 63
     9
421
 13158600
 45
1.1
441
        0
  0
POINT
  5
CE13
330
9E50
100
AcDbEntity
  8
Defpoints
 62
     0
440
 16777216
100
AcDbPoint
 10
22333.34316169352
 20
28699.99999999996
 30
0.0
  0
POINT
  5
CE14
330
9E50
100
AcDbEntity
  8
Defpoints
 62
     0
440
 16777216
100
AcDbPoint
 10
27533.34316169352
 20
28699.99999999996
 30
0.0
  0
POINT
  5
CE15
330
9E50
100
AcDbEntity
  8
Defpoints
 62
     0
440
 16777216
100
AcDbPoint
 10
27533.34316169352
 20
29198.83995710348
 30
0.0
  0
ENDBLK
  5
9E52
330
9E50
100
AcDbEntity
  8
0
100
AcDbBlockEnd
  0
BLOCK
  5
9E69
330
9E68
100
AcDbEntity
  8
0
100
AcDbBlockBegin
  2
*D127
 70
     1
 10
0.0
 20
0.0
 30
0.0
  3
*D127
  1

  0
LINE
  5
CE16
330
9E68
100
AcDbEntity
  8
CH-DIM
 62
     0
440
 16777216
370
    -2
100
AcDbLine
 10
22258.34316169353
 20
28699.99999999997
 30
0.0
 11
21624.52611015697
 21
28699.99999999997
 31
0.0
  0
LINE
  5
CE17
330
9E68
100
AcDbEntity
  8
CH-DIM
 62
     0
440
 16777216
370
    -2
100
AcDbLine
 10
22258.34316169353
 20
22049.99999999997
 30
0.0
 11
21624.52611015698
 21
22049.99999999997
 31
0.0
  0
LINE
  5
CE18
330
9E68
100
AcDbEntity
  8
CH-DIM
 62
     0
440
 16777216
370
    -2
100
AcDbLine
 10
21744.52611015697
 20
28819.99999999997
 30
0.0
 11
21744.52611015698
 21
21929.99999999997
 31
0.0
  0
INSERT
  5
CE19
330
9E68
100
AcDbEntity
  8
CH-DIM
 62
     0
440
 16777216
370
    -2
100
AcDbBlockReference
  2
_Oblique
 10
21744.52611015697
 20
28699.99999999997
 30
0.0
 41
150.0
 42
150.0
 43
150.0
 50
90.0
  0
INSERT
  5
CE1A
330
9E68
100
AcDbEntity
  8
CH-DIM
 62
     0
440
 16777216
370
    -2
100
AcDbBlockReference
  2
_Oblique
 10
21744.52611015698
 20
22049.99999999997
 30
0.0
 41
150.0
 42
150.0
 43
150.0
 50
270.0
  0
MTEXT
  5
CE1B
330
9E68
100
AcDbEntity
  8
CH-DIM
 62
     0
440
 16777216
100
AcDbMText
 10
21592.81378138985
 20
25374.99999999996
 30
0.0
 40
124.9999999999999
 41
0.0
 46
0.0
 71
     5
 72
     5
  1
\A1;6650
  7
JetBrains Mono
 11
0.0000000000000001
 21
1.0
 31
0.0
 73
     1
 44
1.0
 90
        3
 63
     9
421
 13158600
 45
1.1
441
        0
  0
POINT
  5
CE1C
330
9E68
100
AcDbEntity
  8
Defpoints
 62
     0
440
 16777216
100
AcDbPoint
 10
22333.34316169353
 20
28699.99999999997
 30
0.0
  0
POINT
  5
CE1D
330
9E68
100
AcDbEntity
  8
Defpoints
 62
     0
440
 16777216
100
AcDbPoint
 10
22333.34316169353
 20
22049.99999999997
 30
0.0
  0
POINT
  5
CE1E
330
9E68
100
AcDbEntity
  8
Defpoints
 62
     0
440
 16777216
100
AcDbPoint
 10
21744.52611015698
 20
22049.99999999997
 30
0.0
  0
ENDBLK
  5
9E6A
330
9E68
100
AcDbEntity
  8
0
100
AcDbBlockEnd
  0
BLOCK
  5
9EC2
330
9EC1
100
AcDbEntity
  8
0
100
AcDbBlockBegin
  2
*D128
 70
     1
 10
0.0
 20
0.0
 30
0.0
  3
*D128
  1

  0
LINE
  5
CE1F
330
9EC1
100
AcDbEntity
  8
CH-DIM
 62
     0
440
 16777216
370
    -2
100
AcDbLine
 10
2308.343161693394
 20
3949.99999999999
 30
0.0
 11
3003.784644308039
 21
3949.99999999999
 31
0.0
  0
LINE
  5
CE20
330
9EC1
100
AcDbEntity
  8
CH-DIM
 62
     0
440
 16777216
370
    -2
100
AcDbLine
 10
2308.343161693397
 20
-1250.000000000035
 30
0.0
 11
3003.784644308041
 21
-1250.000000000035
 31
0.0
  0
LINE
  5
CE21
330
9EC1
100
AcDbEntity
  8
CH-DIM
 62
     0
440
 16777216
370
    -2
100
AcDbLine
 10
2883.78464430804
 20
4069.999999999987
 30
0.0
 11
2883.784644308041
 21
-1370.000000000035
 31
0.0
  0
INSERT
  5
CE22
330
9EC1
100
AcDbEntity
  8
CH-DIM
 62
     0
440
 16777216
370
    -2
100
AcDbBlockReference
  2
_Oblique
 10
2883.78464430804
 20
3949.99999999999
 30
0.0
 41
150.0
 42
150.0
 43
150.0
 50
90.0
  0
INSERT
  5
CE23
330
9EC1
100
AcDbEntity
  8
CH-DIM
 62
     0
440
 16777216
370
    -2
100
AcDbBlockReference
  2
_Oblique
 10
2883.784644308041
 20
-1250.000000000035
 30
0.0
 41
150.0
 42
150.0
 43
150.0
 50
270.0
  0
MTEXT
  5
CE24
330
9EC1
100
AcDbEntity
  8
CH-DIM
 62
     0
440
 16777216
100
AcDbMText
 10
2732.072315540917
 20
1349.999999999976
 30
0.0
 40
124.9999999999999
 41
0.0
 46
0.0
 71
     5
 72
     5
  1
\A1;5200
  7
JetBrains Mono
 11
0.0000000000000001
 21
1.0
 31
0.0
 73
     1
 44
1.0
 90
        3
 63
     9
421
 13158600
 45
1.1
441
        0
  0
POINT
  5
CE25
330
9EC1
100
AcDbEntity
  8
Defpoints
 62
     0
440
 16777216
100
AcDbPoint
 10
2233.343161693394
 20
3949.99999999999
 30
0.0
  0
POINT
  5
CE26
330
9EC1
100
AcDbEntity
  8
Defpoints
 62
     0
440
 16777216
100
AcDbPoint
 10
2233.343161693397
 20
-1250.000000000035
 30
0.0
  0
POINT
  5
CE27
330
9EC1
100
AcDbEntity
  8
Defpoints
 62
     0
440
 16777216
100
AcDbPoint
 10
2883.784644308041
 20
-1250.000000000035
 30
0.0
  0
ENDBLK
  5
9EC3
330
9EC1
100
AcDbEntity
  8
0
100
AcDbBlockEnd
  0
BLOCK
  5
9EDA
330
9ED9
100
AcDbEntity
  8
0
100
AcDbBlockBegin
  2
*D129
 70
     1
 10
0.0
 20
0.0
 30
0.0
  3
*D129
  1

  0
LINE
  5
CE28
330
9ED9
100
AcDbEntity
  8
CH-DIM
 62
     0
440
 16777216
370
    -2
100
AcDbLine
 10
-2966.65683830661
 20
4024.999999999984
 30
0.0
 11
-2966.65683830661
 21
4763.695784643004
 31
0.0
  0
LINE
  5
CE29
330
9ED9
100
AcDbEntity
  8
CH-DIM
 62
     0
440
 16777216
370
    -2
100
AcDbLine
 10
2233.343161693393
 20
4024.999999999987
 30
0.0
 11
2233.343161693393
 21
4763.695784643004
 31
0.0
  0
LINE
  5
CE2A
330
9ED9
100
AcDbEntity
  8
CH-DIM
 62
     0
440
 16777216
370
    -2
100
AcDbLine
 10
-3086.65683830661
 20
4643.695784643003
 30
0.0
 11
2353.343161693393
 21
4643.695784643003
 31
0.0
  0
INSERT
  5
CE2B
330
9ED9
100
AcDbEntity
  8
CH-DIM
 62
     0
440
 16777216
370
    -2
100
AcDbBlockReference
  2
_Oblique
 10
-2966.65683830661
 20
4643.695784643003
 30
0.0
 41
150.0
 42
150.0
 43
150.0
 50
180.0
  0
INSERT
  5
CE2C
330
9ED9
100
AcDbEntity
  8
CH-DIM
 62
     0
440
 16777216
370
    -2
100
AcDbBlockReference
  2
_Oblique
 10
2233.343161693393
 20
4643.695784643003
 30
0.0
 41
150.0
 42
150.0
 43
150.0
  0
MTEXT
  5
CE2D
330
9ED9
100
AcDbEntity
  8
CH-DIM
 62
     0
440
 16777216
100
AcDbMText
 10
-366.6568383066085
 20
4795.408113410126
 30
0.0
 40
124.9999999999999
 41
0.0
 46
0.0
 71
     5
 72
     5
  1
\A1;5200
  7
JetBrains Mono
 73
     1
 44
1.0
 90
        3
 63
     9
421
 13158600
 45
1.1
441
        0
  0
POINT
  5
CE2E
330
9ED9
100
AcDbEntity
  8
Defpoints
 62
     0
440
 16777216
100
AcDbPoint
 10
-2966.65683830661
 20
3949.999999999985
 30
0.0
  0
POINT
  5
CE2F
330
9ED9
100
AcDbEntity
  8
Defpoints
 62
     0
440
 16777216
100
AcDbPoint
 10
2233.343161693393
 20
3949.999999999988
 30
0.0
  0
POINT
  5
CE30
330
9ED9
100
AcDbEntity
  8
Defpoints
 62
     0
440
 16777216
100
AcDbPoint
 10
2233.343161693393
 20
4643.695784643003
 30
0.0
  0
ENDBLK
  5
9EDB
330
9ED9
100
AcDbEntity
  8
0
100
AcDbBlockEnd
  0
BLOCK
  5
9EF2
330
9EF1
100
AcDbEntity
  8
0
100
AcDbBlockBegin
  2
*D130
 70
     1
 10
0.0
 20
0.0
 30
0.0
  3
*D130
  1

  0
LINE
  5
CE31
330
9EF1
100
AcDbEntity
  8
CH-DIM
 62
     0
440
 16777216
370
    -2
100
AcDbLine
 10
22333.34316169342
 20
4025.000000000004
 30
0.0
 11
22333.34316169342
 21
4763.695784643001
 31
0.0
  0
LINE
  5
CE32
330
9EF1
100
AcDbEntity
  8
CH-DIM
 62
     0
440
 16777216
370
    -2
100
AcDbLine
 10
27533.34316169343
 20
4024.999999999976
 30
0.0
 11
27533.34316169343
 21
4763.695784643001
 31
0.0
  0
LINE
  5
CE33
330
9EF1
100
AcDbEntity
  8
CH-DIM
 62
     0
440
 16777216
370
    -2
100
AcDbLine
 10
22213.34316169342
 20
4643.695784643001
 30
0.0
 11
27653.34316169343
 21
4643.695784643001
 31
0.0
  0
INSERT
  5
CE34
330
9EF1
100
AcDbEntity
  8
CH-DIM
 62
     0
440
 16777216
370
    -2
100
AcDbBlockReference
  2
_Oblique
 10
22333.34316169342
 20
4643.695784643001
 30
0.0
 41
150.0
 42
150.0
 43
150.0
 50
180.0
  0
INSERT
  5
CE35
330
9EF1
100
AcDbEntity
  8
CH-DIM
 62
     0
440
 16777216
370
    -2
100
AcDbBlockReference
  2
_Oblique
 10
27533.34316169343
 20
4643.695784643001
 30
0.0
 41
150.0
 42
150.0
 43
150.0
  0
MTEXT
  5
CE36
330
9EF1
100
AcDbEntity
  8
CH-DIM
 62
     0
440
 16777216
100
AcDbMText
 10
24933.34316169343
 20
4795.408113410124
 30
0.0
 40
124.9999999999999
 41
0.0
 46
0.0
 71
     5
 72
     5
  1
\A1;5200
  7
JetBrains Mono
 73
     1
 44
1.0
 90
        3
 63
     9
421
 13158600
 45
1.1
441
        0
  0
POINT
  5
CE37
330
9EF1
100
AcDbEntity
  8
Defpoints
 62
     0
440
 16777216
100
AcDbPoint
 10
22333.34316169342
 20
3950.000000000004
 30
0.0
  0
POINT
  5
CE38
330
9EF1
100
AcDbEntity
  8
Defpoints
 62
     0
440
 16777216
100
AcDbPoint
 10
27533.34316169343
 20
3949.999999999977
 30
0.0
  0
POINT
  5
CE39
330
9EF1
100
AcDbEntity
  8
Defpoints
 62
     0
440
 16777216
100
AcDbPoint
 10
27533.34316169343
 20
4643.695784643001
 30
0.0
  0
ENDBLK
  5
9EF3
330
9EF1
100
AcDbEntity
  8
0
100
AcDbBlockEnd
  0
BLOCK
  5
9F0A
330
9F09
100
AcDbEntity
  8
0
100
AcDbBlockBegin
  2
*D131
 70
     1
 10
0.0
 20
0.0
 30
0.0
  3
*D131
  1

  0
LINE
  5
A16B
330
9F09
100
AcDbEntity
  8
CH-DIM
 62
     0
440
 16777216
370
    -2
100
AcDbLine
 10
4933.343161693408
 20
4424.999999999989
 30
0.0
 11
4933.343161693408
 21
5163.695784643001
 31
0.0
  0
LINE
  5
A16C
330
9F09
100
AcDbEntity
  8
CH-DIM
 62
     0
440
 16777216
370
    -2
100
AcDbLine
 10
19633.34316169345
 20
4425.0
 30
0.0
 11
19633.34316169345
 21
5163.695784643001
 31
0.0
  0
LINE
  5
A16D
330
9F09
100
AcDbEntity
  8
CH-DIM
 62
     0
440
 16777216
370
    -2
100
AcDbLine
 10
4813.343161693409
 20
5043.695784643001
 30
0.0
 11
19753.34316169345
 21
5043.695784643001
 31
0.0
  0
INSERT
  5
A16E
330
9F09
100
AcDbEntity
  8
CH-DIM
 62
     0
440
 16777216
370
    -2
100
AcDbBlockReference
  2
_Oblique
 10
4933.343161693408
 20
5043.695784643001
 30
0.0
 41
150.0
 42
150.0
 43
150.0
 50
180.0
  0
INSERT
  5
A16F
330
9F09
100
AcDbEntity
  8
CH-DIM
 62
     0
440
 16777216
370
    -2
100
AcDbBlockReference
  2
_Oblique
 10
19633.34316169345
 20
5043.695784643001
 30
0.0
 41
150.0
 42
150.0
 43
150.0
  0
MTEXT
  5
A170
330
9F09
100
AcDbEntity
  8
CH-DIM
 62
     0
440
 16777216
100
AcDbMText
 10
12283.34316169343
 20
5195.408113410124
 30
0.0
 40
124.9999999999999
 41
0.0
 46
0.0
 71
     5
 72
     5
  1
\A1;14700
  7
JetBrains Mono
 73
     1
 44
1.0
 90
        3
 63
     9
421
 13158600
 45
1.1
441
        0
  0
POINT
  5
A171
330
9F09
100
AcDbEntity
  8
Defpoints
 62
     0
440
 16777216
100
AcDbPoint
 10
4933.343161693408
 20
4349.999999999989
 30
0.0
  0
POINT
  5
A172
330
9F09
100
AcDbEntity
  8
Defpoints
 62
     0
440
 16777216
100
AcDbPoint
 10
19633.34316169345
 20
4350.0
 30
0.0
  0
POINT
  5
A173
330
9F09
100
AcDbEntity
  8
Defpoints
 62
     0
440
 16777216
100
AcDbPoint
 10
19633.34316169345
 20
5043.695784643001
 30
0.0
  0
ENDBLK
  5
9F0B
330
9F09
100
AcDbEntity
  8
0
100
AcDbBlockEnd
  0
BLOCK
  5
9F22
330
9F21
100
AcDbEntity
  8
0
100
AcDbBlockBegin
  2
*D132
 70
     1
 10
0.0
 20
0.0
 30
0.0
  3
*D132
  1

  0
LINE
  5
CE3A
330
9F21
100
AcDbEntity
  8
CH-DIM
 62
     0
440
 16777216
370
    -2
100
AcDbLine
 10
22258.34316169343
 20
3950.000000000006
 30
0.0
 11
21681.79742958391
 21
3950.000000000006
 31
0.0
  0
LINE
  5
CE3B
330
9F21
100
AcDbEntity
  8
CH-DIM
 62
     0
440
 16777216
370
    -2
100
AcDbLine
 10
22258.34316169344
 20
-1250.000000000071
 30
0.0
 11
21681.79742958391
 21
-1250.000000000071
 31
0.0
  0
LINE
  5
CE3C
330
9F21
100
AcDbEntity
  8
CH-DIM
 62
     0
440
 16777216
370
    -2
100
AcDbLine
 10
21801.79742958391
 20
4070.000000000006
 30
0.0
 11
21801.79742958391
 21
-1370.000000000072
 31
0.0
  0
INSERT
  5
CE3D
330
9F21
100
AcDbEntity
  8
CH-DIM
 62
     0
440
 16777216
370
    -2
100
AcDbBlockReference
  2
_Oblique
 10
21801.79742958391
 20
3950.000000000006
 30
0.0
 41
150.0
 42
150.0
 43
150.0
 50
90.0
  0
INSERT
  5
CE3E
330
9F21
100
AcDbEntity
  8
CH-DIM
 62
     0
440
 16777216
370
    -2
100
AcDbBlockReference
  2
_Oblique
 10
21801.79742958391
 20
-1250.000000000071
 30
0.0
 41
150.0
 42
150.0
 43
150.0
 50
270.0
  0
MTEXT
  5
CE3F
330
9F21
100
AcDbEntity
  8
CH-DIM
 62
     0
440
 16777216
100
AcDbMText
 10
21650.08510081678
 20
1349.99999999996
 30
0.0
 40
124.9999999999999
 41
0.0
 46
0.0
 71
     5
 72
     5
  1
\A1;5200
  7
JetBrains Mono
 11
0.0000000000000001
 21
1.0
 31
0.0
 73
     1
 44
1.0
 90
        3
 63
     9
421
 13158600
 45
1.1
441
        0
  0
POINT
  5
CE40
330
9F21
100
AcDbEntity
  8
Defpoints
 62
     0
440
 16777216
100
AcDbPoint
 10
22333.34316169342
 20
3950.000000000006
 30
0.0
  0
POINT
  5
CE41
330
9F21
100
AcDbEntity
  8
Defpoints
 62
     0
440
 16777216
100
AcDbPoint
 10
22333.34316169345
 20
-1250.000000000071
 30
0.0
  0
POINT
  5
CE42
330
9F21
100
AcDbEntity
  8
Defpoints
 62
     0
440
 16777216
100
AcDbPoint
 10
21801.79742958391
 20
-1250.000000000071
 30
0.0
  0
ENDBLK
  5
9F23
330
9F21
100
AcDbEntity
  8
0
100
AcDbBlockEnd
  0
BLOCK
  5
9FAD
330
9FAC
100
AcDbEntity
  8
0
100
AcDbBlockBegin
  2
*D133
 70
     1
 10
0.0
 20
0.0
 30
0.0
  3
*D133
  1

  0
LINE
  5
CE43
330
9FAC
100
AcDbEntity
  8
CH-DIM
 62
     0
440
 16777216
370
    -2
100
AcDbLine
 10
-2966.656838306614
 20
12024.99999999998
 30
0.0
 11
-2966.656838306614
 21
12541.67892282084
 31
0.0
  0
LINE
  5
CE44
330
9FAC
100
AcDbEntity
  8
CH-DIM
 62
     0
440
 16777216
370
    -2
100
AcDbLine
 10
2233.343161693493
 20
12024.99999999999
 30
0.0
 11
2233.343161693493
 21
12541.67892282084
 31
0.0
  0
LINE
  5
CE45
330
9FAC
100
AcDbEntity
  8
CH-DIM
 62
     0
440
 16777216
370
    -2
100
AcDbLine
 10
-3086.656838306614
 20
12421.67892282084
 30
0.0
 11
2353.343161693493
 21
12421.67892282084
 31
0.0
  0
INSERT
  5
CE46
330
9FAC
100
AcDbEntity
  8
CH-DIM
 62
     0
440
 16777216
370
    -2
100
AcDbBlockReference
  2
_Oblique
 10
-2966.656838306614
 20
12421.67892282084
 30
0.0
 41
150.0
 42
150.0
 43
150.0
 50
180.0
  0
INSERT
  5
CE47
330
9FAC
100
AcDbEntity
  8
CH-DIM
 62
     0
440
 16777216
370
    -2
100
AcDbBlockReference
  2
_Oblique
 10
2233.343161693493
 20
12421.67892282084
 30
0.0
 41
150.0
 42
150.0
 43
150.0
  0
MTEXT
  5
CE48
330
9FAC
100
AcDbEntity
  8
CH-DIM
 62
     0
440
 16777216
100
AcDbMText
 10
-366.6568383065603
 20
12573.39125158796
 30
0.0
 40
124.9999999999999
 41
0.0
 46
0.0
 71
     5
 72
     5
  1
\A1;5200
  7
JetBrains Mono
 73
     1
 44
1.0
 90
        3
 63
     9
421
 13158600
 45
1.1
441
        0
  0
POINT
  5
CE49
330
9FAC
100
AcDbEntity
  8
Defpoints
 62
     0
440
 16777216
100
AcDbPoint
 10
-2966.656838306614
 20
11949.99999999998
 30
0.0
  0
POINT
  5
CE4A
330
9FAC
100
AcDbEntity
  8
Defpoints
 62
     0
440
 16777216
100
AcDbPoint
 10
2233.343161693493
 20
11949.99999999999
 30
0.0
  0
POINT
  5
CE4B
330
9FAC
100
AcDbEntity
  8
Defpoints
 62
     0
440
 16777216
100
AcDbPoint
 10
2233.343161693493
 20
12421.67892282084
 30
0.0
  0
ENDBLK
  5
9FAE
330
9FAC
100
AcDbEntity
  8
0
100
AcDbBlockEnd
  0
BLOCK
  5
9FC5
330
9FC4
100
AcDbEntity
  8
0
100
AcDbBlockBegin
  2
*D134
 70
     1
 10
0.0
 20
0.0
 30
0.0
  3
*D134
  1

  0
LINE
  5
CE4C
330
9FC4
100
AcDbEntity
  8
CH-DIM
 62
     0
440
 16777216
370
    -2
100
AcDbLine
 10
2308.343161693494
 20
11949.99999999999
 30
0.0
 11
2906.036620441573
 21
11949.99999999999
 31
0.0
  0
LINE
  5
CE4D
330
9FC4
100
AcDbEntity
  8
CH-DIM
 62
     0
440
 16777216
370
    -2
100
AcDbLine
 10
2308.343161693497
 20
7049.999999999997
 30
0.0
 11
2906.036620441575
 21
7049.999999999997
 31
0.0
  0
LINE
  5
CE4E
330
9FC4
100
AcDbEntity
  8
CH-DIM
 62
     0
440
 16777216
370
    -2
100
AcDbLine
 10
2786.036620441573
 20
12069.99999999999
 30
0.0
 11
2786.036620441575
 21
6929.999999999997
 31
0.0
  0
INSERT
  5
CE4F
330
9FC4
100
AcDbEntity
  8
CH-DIM
 62
     0
440
 16777216
370
    -2
100
AcDbBlockReference
  2
_Oblique
 10
2786.036620441573
 20
11949.99999999999
 30
0.0
 41
150.0
 42
150.0
 43
150.0
 50
90.0
  0
INSERT
  5
CE50
330
9FC4
100
AcDbEntity
  8
CH-DIM
 62
     0
440
 16777216
370
    -2
100
AcDbBlockReference
  2
_Oblique
 10
2786.036620441575
 20
7049.999999999997
 30
0.0
 41
150.0
 42
150.0
 43
150.0
 50
270.0
  0
MTEXT
  5
CE51
330
9FC4
100
AcDbEntity
  8
CH-DIM
 62
     0
440
 16777216
100
AcDbMText
 10
2634.324291674453
 20
9499.999999999991
 30
0.0
 40
124.9999999999999
 41
0.0
 46
0.0
 71
     5
 72
     5
  1
\A1;4900
  7
JetBrains Mono
 11
0.0000000000000001
 21
1.0
 31
0.0
 73
     1
 44
1.0
 90
        3
 63
     9
421
 13158600
 45
1.1
441
        0
  0
POINT
  5
CE52
330
9FC4
100
AcDbEntity
  8
Defpoints
 62
     0
440
 16777216
100
AcDbPoint
 10
2233.343161693494
 20
11949.99999999999
 30
0.0
  0
POINT
  5
CE53
330
9FC4
100
AcDbEntity
  8
Defpoints
 62
     0
440
 16777216
100
AcDbPoint
 10
2233.343161693497
 20
7049.999999999997
 30
0.0
  0
POINT
  5
CE54
330
9FC4
100
AcDbEntity
  8
Defpoints
 62
     0
440
 16777216
100
AcDbPoint
 10
2786.036620441575
 20
7049.999999999997
 30
0.0
  0
ENDBLK
  5
9FC6
330
9FC4
100
AcDbEntity
  8
0
100
AcDbBlockEnd
  0
BLOCK
  5
9FEC
330
9FEB
100
AcDbEntity
  8
0
100
AcDbBlockBegin
  2
*D135
 70
     1
 10
0.0
 20
0.0
 30
0.0
  3
*D135
  1

  0
LINE
  5
CE55
330
9FEB
100
AcDbEntity
  8
CH-DIM
 62
     0
440
 16777216
370
    -2
100
AcDbLine
 10
-2966.656838306591
 20
19024.99999999997
 30
0.0
 11
-2966.656838306591
 21
19541.67892282083
 31
0.0
  0
LINE
  5
CE56
330
9FEB
100
AcDbEntity
  8
CH-DIM
 62
     0
440
 16777216
370
    -2
100
AcDbLine
 10
2233.343161693515
 20
19024.99999999998
 30
0.0
 11
2233.343161693515
 21
19541.67892282083
 31
0.0
  0
LINE
  5
CE57
330
9FEB
100
AcDbEntity
  8
CH-DIM
 62
     0
440
 16777216
370
    -2
100
AcDbLine
 10
-3086.656838306591
 20
19421.67892282083
 30
0.0
 11
2353.343161693515
 21
19421.67892282083
 31
0.0
  0
INSERT
  5
CE58
330
9FEB
100
AcDbEntity
  8
CH-DIM
 62
     0
440
 16777216
370
    -2
100
AcDbBlockReference
  2
_Oblique
 10
-2966.656838306591
 20
19421.67892282083
 30
0.0
 41
150.0
 42
150.0
 43
150.0
 50
180.0
  0
INSERT
  5
CE59
330
9FEB
100
AcDbEntity
  8
CH-DIM
 62
     0
440
 16777216
370
    -2
100
AcDbBlockReference
  2
_Oblique
 10
2233.343161693515
 20
19421.67892282083
 30
0.0
 41
150.0
 42
150.0
 43
150.0
  0
MTEXT
  5
CE5A
330
9FEB
100
AcDbEntity
  8
CH-DIM
 62
     0
440
 16777216
100
AcDbMText
 10
-366.656838306538
 20
19573.39125158795
 30
0.0
 40
124.9999999999999
 41
0.0
 46
0.0
 71
     5
 72
     5
  1
\A1;5200
  7
JetBrains Mono
 73
     1
 44
1.0
 90
        3
 63
     9
421
 13158600
 45
1.1
441
        0
  0
POINT
  5
CE5B
330
9FEB
100
AcDbEntity
  8
Defpoints
 62
     0
440
 16777216
100
AcDbPoint
 10
-2966.656838306591
 20
18949.99999999997
 30
0.0
  0
POINT
  5
CE5C
330
9FEB
100
AcDbEntity
  8
Defpoints
 62
     0
440
 16777216
100
AcDbPoint
 10
2233.343161693515
 20
18949.99999999998
 30
0.0
  0
POINT
  5
CE5D
330
9FEB
100
AcDbEntity
  8
Defpoints
 62
     0
440
 16777216
100
AcDbPoint
 10
2233.343161693515
 20
19421.67892282083
 30
0.0
  0
ENDBLK
  5
9FED
330
9FEB
100
AcDbEntity
  8
0
100
AcDbBlockEnd
  0
BLOCK
  5
9FF8
330
9FF7
100
AcDbEntity
  8
0
100
AcDbBlockBegin
  2
*D136
 70
     1
 10
0.0
 20
0.0
 30
0.0
  3
*D136
  1

  0
LINE
  5
CE5E
330
9FF7
100
AcDbEntity
  8
CH-DIM
 62
     0
440
 16777216
370
    -2
100
AcDbLine
 10
2308.343161693516
 20
18949.99999999999
 30
0.0
 11
2906.036620441597
 21
18949.99999999999
 31
0.0
  0
LINE
  5
CE5F
330
9FF7
100
AcDbEntity
  8
CH-DIM
 62
     0
440
 16777216
370
    -2
100
AcDbLine
 10
2308.34316169352
 20
14049.99999999998
 30
0.0
 11
2906.036620441598
 21
14049.99999999998
 31
0.0
  0
LINE
  5
CE60
330
9FF7
100
AcDbEntity
  8
CH-DIM
 62
     0
440
 16777216
370
    -2
100
AcDbLine
 10
2786.036620441598
 20
19069.99999999999
 30
0.0
 11
2786.036620441598
 21
13929.99999999998
 31
0.0
  0
INSERT
  5
CE61
330
9FF7
100
AcDbEntity
  8
CH-DIM
 62
     0
440
 16777216
370
    -2
100
AcDbBlockReference
  2
_Oblique
 10
2786.036620441598
 20
18949.99999999999
 30
0.0
 41
150.0
 42
150.0
 43
150.0
 50
90.0
  0
INSERT
  5
CE62
330
9FF7
100
AcDbEntity
  8
CH-DIM
 62
     0
440
 16777216
370
    -2
100
AcDbBlockReference
  2
_Oblique
 10
2786.036620441598
 20
14049.99999999998
 30
0.0
 41
150.0
 42
150.0
 43
150.0
 50
270.0
  0
MTEXT
  5
CE63
330
9FF7
100
AcDbEntity
  8
CH-DIM
 62
     0
440
 16777216
100
AcDbMText
 10
2634.324291674478
 20
16499.99999999998
 30
0.0
 40
124.9999999999999
 41
0.0
 46
0.0
 71
     5
 72
     5
  1
\A1;4900
  7
JetBrains Mono
 11
0.0000000000000001
 21
1.0
 31
0.0
 73
     1
 44
1.0
 90
        3
 63
     9
421
 13158600
 45
1.1
441
        0
  0
POINT
  5
CE64
330
9FF7
100
AcDbEntity
  8
Defpoints
 62
     0
440
 16777216
100
AcDbPoint
 10
2233.343161693516
 20
18949.99999999999
 30
0.0
  0
POINT
  5
CE65
330
9FF7
100
AcDbEntity
  8
Defpoints
 62
     0
440
 16777216
100
AcDbPoint
 10
2233.34316169352
 20
14049.99999999998
 30
0.0
  0
POINT
  5
CE66
330
9FF7
100
AcDbEntity
  8
Defpoints
 62
     0
440
 16777216
100
AcDbPoint
 10
2786.036620441598
 20
14049.99999999998
 30
0.0
  0
ENDBLK
  5
9FF9
330
9FF7
100
AcDbEntity
  8
0
100
AcDbBlockEnd
  0
BLOCK
  5
A00B
330
A00A
100
AcDbEntity
  8
0
100
AcDbBlockBegin
  2
*D137
 70
     1
 10
0.0
 20
0.0
 30
0.0
  3
*D137
  1

  0
LINE
  5
CE67
330
A00A
100
AcDbEntity
  8
CH-DIM
 62
     0
440
 16777216
370
    -2
100
AcDbLine
 10
22333.34316169342
 20
19024.99999999991
 30
0.0
 11
22333.34316169342
 21
19541.67892282077
 31
0.0
  0
LINE
  5
CE68
330
A00A
100
AcDbEntity
  8
CH-DIM
 62
     0
440
 16777216
370
    -2
100
AcDbLine
 10
27533.34316169353
 20
19024.99999999992
 30
0.0
 11
27533.34316169353
 21
19541.67892282077
 31
0.0
  0
LINE
  5
CE69
330
A00A
100
AcDbEntity
  8
CH-DIM
 62
     0
440
 16777216
370
    -2
100
AcDbLine
 10
22213.34316169342
 20
19421.67892282077
 30
0.0
 11
27653.34316169353
 21
19421.67892282077
 31
0.0
  0
INSERT
  5
CE6A
330
A00A
100
AcDbEntity
  8
CH-DIM
 62
     0
440
 16777216
370
    -2
100
AcDbBlockReference
  2
_Oblique
 10
22333.34316169342
 20
19421.67892282077
 30
0.0
 41
150.0
 42
150.0
 43
150.0
 50
180.0
  0
INSERT
  5
CE6B
330
A00A
100
AcDbEntity
  8
CH-DIM
 62
     0
440
 16777216
370
    -2
100
AcDbBlockReference
  2
_Oblique
 10
27533.34316169353
 20
19421.67892282077
 30
0.0
 41
150.0
 42
150.0
 43
150.0
  0
MTEXT
  5
CE6C
330
A00A
100
AcDbEntity
  8
CH-DIM
 62
     0
440
 16777216
100
AcDbMText
 10
24933.34316169347
 20
19573.39125158789
 30
0.0
 40
124.9999999999999
 41
0.0
 46
0.0
 71
     5
 72
     5
  1
\A1;5200
  7
JetBrains Mono
 73
     1
 44
1.0
 90
        3
 63
     9
421
 13158600
 45
1.1
441
        0
  0
POINT
  5
CE6D
330
A00A
100
AcDbEntity
  8
Defpoints
 62
     0
440
 16777216
100
AcDbPoint
 10
22333.34316169342
 20
18949.99999999991
 30
0.0
  0
POINT
  5
CE6E
330
A00A
100
AcDbEntity
  8
Defpoints
 62
     0
440
 16777216
100
AcDbPoint
 10
27533.34316169353
 20
18949.99999999992
 30
0.0
  0
POINT
  5
CE6F
330
A00A
100
AcDbEntity
  8
Defpoints
 62
     0
440
 16777216
100
AcDbPoint
 10
27533.34316169353
 20
19421.67892282077
 30
0.0
  0
ENDBLK
  5
A00C
330
A00A
100
AcDbEntity
  8
0
100
AcDbBlockEnd
  0
BLOCK
  5
A024
330
A023
100
AcDbEntity
  8
0
100
AcDbBlockBegin
  2
*D138
 70
     1
 10
0.0
 20
0.0
 30
0.0
  3
*D138
  1

  0
LINE
  5
CE70
330
A023
100
AcDbEntity
  8
CH-DIM
 62
     0
440
 16777216
370
    -2
100
AcDbLine
 10
22258.34316169343
 20
18949.99999999992
 30
0.0
 11
21861.94186512876
 21
18949.99999999992
 31
0.0
  0
LINE
  5
CE71
330
A023
100
AcDbEntity
  8
CH-DIM
 62
     0
440
 16777216
370
    -2
100
AcDbLine
 10
22258.34316169343
 20
14049.99999999992
 30
0.0
 11
21861.94186512876
 21
14049.99999999992
 31
0.0
  0
LINE
  5
CE72
330
A023
100
AcDbEntity
  8
CH-DIM
 62
     0
440
 16777216
370
    -2
100
AcDbLine
 10
21981.94186512876
 20
19069.99999999992
 30
0.0
 11
21981.94186512876
 21
13929.99999999992
 31
0.0
  0
INSERT
  5
CE73
330
A023
100
AcDbEntity
  8
CH-DIM
 62
     0
440
 16777216
370
    -2
100
AcDbBlockReference
  2
_Oblique
 10
21981.94186512876
 20
18949.99999999992
 30
0.0
 41
150.0
 42
150.0
 43
150.0
 50
90.0
  0
INSERT
  5
CE74
330
A023
100
AcDbEntity
  8
CH-DIM
 62
     0
440
 16777216
370
    -2
100
AcDbBlockReference
  2
_Oblique
 10
21981.94186512876
 20
14049.99999999992
 30
0.0
 41
150.0
 42
150.0
 43
150.0
 50
270.0
  0
MTEXT
  5
CE75
330
A023
100
AcDbEntity
  8
CH-DIM
 62
     0
440
 16777216
100
AcDbMText
 10
21830.22953636163
 20
16499.99999999991
 30
0.0
 40
124.9999999999999
 41
0.0
 46
0.0
 71
     5
 72
     5
  1
\A1;4900
  7
JetBrains Mono
 11
0.0000000000000001
 21
1.0
 31
0.0
 73
     1
 44
1.0
 90
        3
 63
     9
421
 13158600
 45
1.1
441
        0
  0
POINT
  5
CE76
330
A023
100
AcDbEntity
  8
Defpoints
 62
     0
440
 16777216
100
AcDbPoint
 10
22333.34316169342
 20
18949.99999999992
 30
0.0
  0
POINT
  5
CE77
330
A023
100
AcDbEntity
  8
Defpoints
 62
     0
440
 16777216
100
AcDbPoint
 10
22333.34316169342
 20
14049.99999999992
 30
0.0
  0
POINT
  5
CE78
330
A023
100
AcDbEntity
  8
Defpoints
 62
     0
440
 16777216
100
AcDbPoint
 10
21981.94186512876
 20
14049.99999999992
 30
0.0
  0
ENDBLK
  5
A025
330
A023
100
AcDbEntity
  8
0
100
AcDbBlockEnd
  0
BLOCK
  5
A04B
330
A04A
100
AcDbEntity
  8
0
100
AcDbBlockBegin
  2
*D139
 70
     1
 10
0.0
 20
0.0
 30
0.0
  3
*D139
  1

  0
LINE
  5
CE79
330
A04A
100
AcDbEntity
  8
CH-DIM
 62
     0
440
 16777216
370
    -2
100
AcDbLine
 10
22333.3431616934
 20
12024.99999999991
 30
0.0
 11
22333.3431616934
 21
12541.67892282076
 31
0.0
  0
LINE
  5
CE7A
330
A04A
100
AcDbEntity
  8
CH-DIM
 62
     0
440
 16777216
370
    -2
100
AcDbLine
 10
27533.3431616935
 20
12024.99999999992
 30
0.0
 11
27533.3431616935
 21
12541.67892282076
 31
0.0
  0
LINE
  5
CE7B
330
A04A
100
AcDbEntity
  8
CH-DIM
 62
     0
440
 16777216
370
    -2
100
AcDbLine
 10
22213.3431616934
 20
12421.67892282076
 30
0.0
 11
27653.3431616935
 21
12421.67892282076
 31
0.0
  0
INSERT
  5
CE7C
330
A04A
100
AcDbEntity
  8
CH-DIM
 62
     0
440
 16777216
370
    -2
100
AcDbBlockReference
  2
_Oblique
 10
22333.3431616934
 20
12421.67892282076
 30
0.0
 41
150.0
 42
150.0
 43
150.0
 50
180.0
  0
INSERT
  5
CE7D
330
A04A
100
AcDbEntity
  8
CH-DIM
 62
     0
440
 16777216
370
    -2
100
AcDbBlockReference
  2
_Oblique
 10
27533.3431616935
 20
12421.67892282076
 30
0.0
 41
150.0
 42
150.0
 43
150.0
  0
MTEXT
  5
CE7E
330
A04A
100
AcDbEntity
  8
CH-DIM
 62
     0
440
 16777216
100
AcDbMText
 10
24933.34316169345
 20
12573.39125158788
 30
0.0
 40
124.9999999999999
 41
0.0
 46
0.0
 71
     5
 72
     5
  1
\A1;5200
  7
JetBrains Mono
 73
     1
 44
1.0
 90
        3
 63
     9
421
 13158600
 45
1.1
441
        0
  0
POINT
  5
CE7F
330
A04A
100
AcDbEntity
  8
Defpoints
 62
     0
440
 16777216
100
AcDbPoint
 10
22333.3431616934
 20
11949.99999999991
 30
0.0
  0
POINT
  5
CE80
330
A04A
100
AcDbEntity
  8
Defpoints
 62
     0
440
 16777216
100
AcDbPoint
 10
27533.3431616935
 20
11949.99999999992
 30
0.0
  0
POINT
  5
CE81
330
A04A
100
AcDbEntity
  8
Defpoints
 62
     0
440
 16777216
100
AcDbPoint
 10
27533.3431616935
 20
12421.67892282076
 30
0.0
  0
ENDBLK
  5
A04C
330
A04A
100
AcDbEntity
  8
0
100
AcDbBlockEnd
  0
BLOCK
  5
A057
330
A056
100
AcDbEntity
  8
0
100
AcDbBlockBegin
  2
*D140
 70
     1
 10
0.0
 20
0.0
 30
0.0
  3
*D140
  1

  0
LINE
  5
CE82
330
A056
100
AcDbEntity
  8
CH-DIM
 62
     0
440
 16777216
370
    -2
100
AcDbLine
 10
22258.34316169341
 20
11949.99999999991
 30
0.0
 11
21861.94186512874
 21
11949.99999999991
 31
0.0
  0
LINE
  5
CE83
330
A056
100
AcDbEntity
  8
CH-DIM
 62
     0
440
 16777216
370
    -2
100
AcDbLine
 10
22258.34316169341
 20
7049.999999999922
 30
0.0
 11
21861.94186512874
 21
7049.999999999922
 31
0.0
  0
LINE
  5
CE84
330
A056
100
AcDbEntity
  8
CH-DIM
 62
     0
440
 16777216
370
    -2
100
AcDbLine
 10
21981.94186512874
 20
12069.99999999991
 30
0.0
 11
21981.94186512874
 21
6929.999999999921
 31
0.0
  0
INSERT
  5
CE85
330
A056
100
AcDbEntity
  8
CH-DIM
 62
     0
440
 16777216
370
    -2
100
AcDbBlockReference
  2
_Oblique
 10
21981.94186512874
 20
11949.99999999991
 30
0.0
 41
150.0
 42
150.0
 43
150.0
 50
90.0
  0
INSERT
  5
CE86
330
A056
100
AcDbEntity
  8
CH-DIM
 62
     0
440
 16777216
370
    -2
100
AcDbBlockReference
  2
_Oblique
 10
21981.94186512874
 20
7049.999999999922
 30
0.0
 41
150.0
 42
150.0
 43
150.0
 50
270.0
  0
MTEXT
  5
CE87
330
A056
100
AcDbEntity
  8
CH-DIM
 62
     0
440
 16777216
100
AcDbMText
 10
21830.22953636162
 20
9499.999999999909
 30
0.0
 40
124.9999999999999
 41
0.0
 46
0.0
 71
     5
 72
     5
  1
\A1;4900
  7
JetBrains Mono
 11
0.0000000000000001
 21
1.0
 31
0.0
 73
     1
 44
1.0
 90
        3
 63
     9
421
 13158600
 45
1.1
441
        0
  0
POINT
  5
CE88
330
A056
100
AcDbEntity
  8
Defpoints
 62
     0
440
 16777216
100
AcDbPoint
 10
22333.34316169341
 20
11949.99999999991
 30
0.0
  0
POINT
  5
CE89
330
A056
100
AcDbEntity
  8
Defpoints
 62
     0
440
 16777216
100
AcDbPoint
 10
22333.34316169341
 20
7049.999999999922
 30
0.0
  0
POINT
  5
CE8A
330
A056
100
AcDbEntity
  8
Defpoints
 62
     0
440
 16777216
100
AcDbPoint
 10
21981.94186512874
 20
7049.999999999922
 30
0.0
  0
ENDBLK
  5
A058
330
A056
100
AcDbEntity
  8
0
100
AcDbBlockEnd
  0
BLOCK
  5
A0CC
330
A0CB
100
AcDbEntity
  8
0
100
AcDbBlockBegin
  2
*D141
 70
     1
 10
0.0
 20
0.0
 30
0.0
  3
*D141
  1

  0
LINE
  5
A174
330
A0CB
100
AcDbEntity
  8
CH-DIM
 62
     0
440
 16777216
370
    -2
100
AcDbLine
 10
4858.343161693415
 20
-1650.00000000004
 30
0.0
 11
4366.753854791652
 21
-1650.00000000004
 31
0.0
  0
LINE
  5
A175
330
A0CB
100
AcDbEntity
  8
CH-DIM
 62
     0
440
 16777216
370
    -2
100
AcDbLine
 10
4858.343161693412
 20
4349.999999999989
 30
0.0
 11
4366.753854791651
 21
4349.999999999989
 31
0.0
  0
LINE
  5
A176
330
A0CB
100
AcDbEntity
  8
CH-DIM
 62
     0
440
 16777216
370
    -2
100
AcDbLine
 10
4486.753854791651
 20
-1770.00000000004
 30
0.0
 11
4486.753854791651
 21
4469.99999999999
 31
0.0
  0
INSERT
  5
A177
330
A0CB
100
AcDbEntity
  8
CH-DIM
 62
     0
440
 16777216
370
    -2
100
AcDbBlockReference
  2
_Oblique
 10
4486.753854791651
 20
-1650.00000000004
 30
0.0
 41
150.0
 42
150.0
 43
150.0
 50
270.0
  0
INSERT
  5
A178
330
A0CB
100
AcDbEntity
  8
CH-DIM
 62
     0
440
 16777216
370
    -2
100
AcDbBlockReference
  2
_Oblique
 10
4486.753854791651
 20
4349.999999999989
 30
0.0
 41
150.0
 42
150.0
 43
150.0
 50
90.0
  0
MTEXT
  5
A179
330
A0CB
100
AcDbEntity
  8
CH-DIM
 62
     0
440
 16777216
100
AcDbMText
 10
4335.041526024528
 20
1349.999999999974
 30
0.0
 40
124.9999999999999
 41
0.0
 46
0.0
 71
     5
 72
     5
  1
\A1;6000
  7
JetBrains Mono
 11
0.0000000000000001
 21
1.0
 31
0.0
 73
     1
 44
1.0
 90
        3
 63
     9
421
 13158600
 45
1.1
441
        0
  0
POINT
  5
A17A
330
A0CB
100
AcDbEntity
  8
Defpoints
 62
     0
440
 16777216
100
AcDbPoint
 10
4933.343161693414
 20
-1650.00000000004
 30
0.0
  0
POINT
  5
A17B
330
A0CB
100
AcDbEntity
  8
Defpoints
 62
     0
440
 16777216
100
AcDbPoint
 10
4933.343161693411
 20
4349.999999999989
 30
0.0
  0
POINT
  5
A17C
330
A0CB
100
AcDbEntity
  8
Defpoints
 62
     0
440
 16777216
100
AcDbPoint
 10
4486.753854791651
 20
4349.999999999989
 30
0.0
  0
ENDBLK
  5
A0CD
330
A0CB
100
AcDbEntity
  8
0
100
AcDbBlockEnd
  0
BLOCK
  5
A206
330
A205
100
AcDbEntity
  8
0
100
AcDbBlockBegin
  2
*D142
 70
     1
 10
0.0
 20
0.0
 30
0.0
  3
*D142
  1

  0
LINE
  5
CEBC
330
A205
100
AcDbEntity
  8
CH-DIM
 62
     0
440
 16777216
370
    -2
100
AcDbLine
 10
4933.343161693528
 20
29174.99999999994
 30
0.0
 11
4933.343161693528
 21
29496.83982436848
 31
0.0
  0
LINE
  5
CEBD
330
A205
100
AcDbEntity
  8
CH-DIM
 62
     0
440
 16777216
370
    -2
100
AcDbLine
 10
19633.34316169358
 20
29174.99999999994
 30
0.0
 11
19633.34316169358
 21
29496.83982436848
 31
0.0
  0
LINE
  5
CEBE
330
A205
100
AcDbEntity
  8
CH-DIM
 62
     0
440
 16777216
370
    -2
100
AcDbLine
 10
4813.343161693527
 20
29376.83982436849
 30
0.0
 11
19753.34316169358
 21
29376.83982436849
 31
0.0
  0
INSERT
  5
CEBF
330
A205
100
AcDbEntity
  8
CH-DIM
 62
     0
440
 16777216
370
    -2
100
AcDbBlockReference
  2
_Oblique
 10
4933.343161693528
 20
29376.83982436849
 30
0.0
 41
150.0
 42
150.0
 43
150.0
 50
180.0
  0
INSERT
  5
CEC0
330
A205
100
AcDbEntity
  8
CH-DIM
 62
     0
440
 16777216
370
    -2
100
AcDbBlockReference
  2
_Oblique
 10
19633.34316169358
 20
29376.83982436849
 30
0.0
 41
150.0
 42
150.0
 43
150.0
  0
MTEXT
  5
CEC1
330
A205
100
AcDbEntity
  8
CH-DIM
 62
     0
440
 16777216
100
AcDbMText
 10
12283.34316169355
 20
29528.55215313561
 30
0.0
 40
124.9999999999999
 41
0.0
 46
0.0
 71
     5
 72
     5
  1
\A1;14700
  7
JetBrains Mono
 73
     1
 44
1.0
 90
        3
 63
     9
421
 13158600
 45
1.1
441
        0
  0
POINT
  5
CEC2
330
A205
100
AcDbEntity
  8
Defpoints
 62
     0
440
 16777216
100
AcDbPoint
 10
4933.343161693528
 20
29099.99999999994
 30
0.0
  0
POINT
  5
CEC3
330
A205
100
AcDbEntity
  8
Defpoints
 62
     0
440
 16777216
100
AcDbPoint
 10
19633.34316169358
 20
29099.99999999994
 30
0.0
  0
POINT
  5
CEC4
330
A205
100
AcDbEntity
  8
Defpoints
 62
     0
440
 16777216
100
AcDbPoint
 10
19633.34316169358
 20
29376.83982436849
 30
0.0
  0
ENDBLK
  5
A207
330
A205
100
AcDbEntity
  8
0
100
AcDbBlockEnd
  0
BLOCK
  5
A21E
330
A21D
100
AcDbEntity
  8
0
100
AcDbBlockBegin
  2
*D143
 70
     1
 10
0.0
 20
0.0
 30
0.0
  3
*D143
  1

  0
LINE
  5
CEC5
330
A21D
100
AcDbEntity
  8
CH-DIM
 62
     0
440
 16777216
370
    -2
100
AcDbLine
 10
19708.34316169359
 20
29099.99999999995
 30
0.0
 11
20618.85023816088
 21
29099.99999999995
 31
0.0
  0
LINE
  5
CEC6
330
A21D
100
AcDbEntity
  8
CH-DIM
 62
     0
440
 16777216
370
    -2
100
AcDbLine
 10
19708.34316169345
 20
-1650.000000000036
 30
0.0
 11
20618.85023816089
 21
-1650.000000000036
 31
0.0
  0
LINE
  5
CEC7
330
A21D
100
AcDbEntity
  8
CH-DIM
 62
     0
440
 16777216
370
    -2
100
AcDbLine
 10
20498.85023816088
 20
29219.99999999995
 30
0.0
 11
20498.85023816089
 21
-1770.000000000036
 31
0.0
  0
INSERT
  5
CEC8
330
A21D
100
AcDbEntity
  8
CH-DIM
 62
     0
440
 16777216
370
    -2
100
AcDbBlockReference
  2
_Oblique
 10
20498.85023816088
 20
29099.99999999995
 30
0.0
 41
150.0
 42
150.0
 43
150.0
 50
90.0
  0
INSERT
  5
CEC9
330
A21D
100
AcDbEntity
  8
CH-DIM
 62
     0
440
 16777216
370
    -2
100
AcDbBlockReference
  2
_Oblique
 10
20498.85023816089
 20
-1650.000000000036
 30
0.0
 41
150.0
 42
150.0
 43
150.0
 50
270.0
  0
MTEXT
  5
CECA
330
A21D
100
AcDbEntity
  8
CH-DIM
 62
     0
440
 16777216
100
AcDbMText
 10
20347.13790939377
 20
13724.99999999995
 30
0.0
 40
124.9999999999999
 41
0.0
 46
0.0
 71
     5
 72
     5
  1
\A1;30750
  7
JetBrains Mono
 11
0.0000000000000001
 21
1.0
 31
0.0
 73
     1
 44
1.0
 90
        3
 63
     9
421
 13158600
 45
1.1
441
        0
  0
POINT
  5
CECB
330
A21D
100
AcDbEntity
  8
Defpoints
 62
     0
440
 16777216
100
AcDbPoint
 10
19633.34316169359
 20
29099.99999999995
 30
0.0
  0
POINT
  5
CECC
330
A21D
100
AcDbEntity
  8
Defpoints
 62
     0
440
 16777216
100
AcDbPoint
 10
19633.34316169346
 20
-1650.000000000036
 30
0.0
  0
POINT
  5
CECD
330
A21D
100
AcDbEntity
  8
Defpoints
 62
     0
440
 16777216
100
AcDbPoint
 10
20498.85023816089
 20
-1650.000000000036
 30
0.0
  0
ENDBLK
  5
A21F
330
A21D
100
AcDbEntity
  8
0
100
AcDbBlockEnd
  0
BLOCK
  5
A236
330
A235
100
AcDbEntity
  8
0
100
AcDbBlockBegin
  2
*D144
 70
     1
 10
0.0
 20
0.0
 30
0.0
  3
*D144
  1

  0
LINE
  5
CEE1
330
A235
100
AcDbEntity
  8
CH-DIM
 62
     0
440
 16777216
370
    -2
100
AcDbLine
 10
14033.34316169251
 20
16024.99999999995
 30
0.0
 11
14033.34316169251
 21
16446.1858233175
 31
0.0
  0
LINE
  5
CEE2
330
A235
100
AcDbEntity
  8
CH-DIM
 62
     0
440
 16777216
370
    -2
100
AcDbLine
 10
10533.34316169352
 20
16025.00000000047
 30
0.0
 11
10533.34316169352
 21
16446.1858233175
 31
0.0
  0
LINE
  5
CEE3
330
A235
100
AcDbEntity
  8
CH-DIM
 62
     0
440
 16777216
370
    -2
100
AcDbLine
 10
14153.34316169251
 20
16326.1858233175
 30
0.0
 11
10413.34316169352
 21
16326.1858233175
 31
0.0
  0
INSERT
  5
CEE4
330
A235
100
AcDbEntity
  8
CH-DIM
 62
     0
440
 16777216
370
    -2
100
AcDbBlockReference
  2
_Oblique
 10
14033.34316169251
 20
16326.1858233175
 30
0.0
 41
150.0
 42
150.0
 43
150.0
  0
INSERT
  5
CEE5
330
A235
100
AcDbEntity
  8
CH-DIM
 62
     0
440
 16777216
370
    -2
100
AcDbBlockReference
  2
_Oblique
 10
10533.34316169352
 20
16326.1858233175
 30
0.0
 41
150.0
 42
150.0
 43
150.0
 50
180.0
  0
MTEXT
  5
CEE6
330
A235
100
AcDbEntity
  8
CH-DIM
 62
     0
440
 16777216
100
AcDbMText
 10
12283.34316169301
 20
16477.89815208462
 30
0.0
 40
124.9999999999999
 41
0.0
 46
0.0
 71
     5
 72
     5
  1
\A1;3500
  7
JetBrains Mono
 73
     1
 44
1.0
 90
        3
 63
     9
421
 13158600
 45
1.1
441
        0
  0
POINT
  5
CEE7
330
A235
100
AcDbEntity
  8
Defpoints
 62
     0
440
 16777216
100
AcDbPoint
 10
14033.34316169251
 20
15949.99999999995
 30
0.0
  0
POINT
  5
CEE8
330
A235
100
AcDbEntity
  8
Defpoints
 62
     0
440
 16777216
100
AcDbPoint
 10
10533.34316169352
 20
15950.00000000047
 30
0.0
  0
POINT
  5
CEE9
330
A235
100
AcDbEntity
  8
Defpoints
 62
     0
440
 16777216
100
AcDbPoint
 10
10533.34316169352
 20
16326.1858233175
 30
0.0
  0
ENDBLK
  5
A237
330
A235
100
AcDbEntity
  8
0
100
AcDbBlockEnd
  0
BLOCK
  5
A24E
330
A24D
100
AcDbEntity
  8
0
100
AcDbBlockBegin
  2
*D145
 70
     1
 10
0.0
 20
0.0
 30
0.0
  3
*D145
  1

  0
LINE
  5
CED8
330
A24D
100
AcDbEntity
  8
CH-DIM
 62
     0
440
 16777216
370
    -2
100
AcDbLine
 10
14108.34316169314
 20
15949.99999999893
 30
0.0
 11
14622.65944372777
 21
15949.99999999893
 31
0.0
  0
LINE
  5
CED9
330
A24D
100
AcDbEntity
  8
CH-DIM
 62
     0
440
 16777216
370
    -2
100
AcDbLine
 10
14108.34316169252
 20
10049.99999999994
 30
0.0
 11
14622.65944372777
 21
10049.99999999994
 31
0.0
  0
LINE
  5
CEDA
330
A24D
100
AcDbEntity
  8
CH-DIM
 62
     0
440
 16777216
370
    -2
100
AcDbLine
 10
14502.65944372777
 20
16069.99999999893
 30
0.0
 11
14502.65944372777
 21
9929.999999999942
 31
0.0
  0
INSERT
  5
CEDB
330
A24D
100
AcDbEntity
  8
CH-DIM
 62
     0
440
 16777216
370
    -2
100
AcDbBlockReference
  2
_Oblique
 10
14502.65944372777
 20
15949.99999999893
 30
0.0
 41
150.0
 42
150.0
 43
150.0
 50
90.0
  0
INSERT
  5
CEDC
330
A24D
100
AcDbEntity
  8
CH-DIM
 62
     0
440
 16777216
370
    -2
100
AcDbBlockReference
  2
_Oblique
 10
14502.65944372777
 20
10049.99999999994
 30
0.0
 41
150.0
 42
150.0
 43
150.0
 50
270.0
  0
MTEXT
  5
CEDD
330
A24D
100
AcDbEntity
  8
CH-DIM
 62
     0
440
 16777216
100
AcDbMText
 10
14350.94711496064
 20
12999.99999999943
 30
0.0
 40
124.9999999999999
 41
0.0
 46
0.0
 71
     5
 72
     5
  1
\A1;5900
  7
JetBrains Mono
 11
0.0000000000000001
 21
1.0
 31
0.0
 73
     1
 44
1.0
 90
        3
 63
     9
421
 13158600
 45
1.1
441
        0
  0
POINT
  5
CEDE
330
A24D
100
AcDbEntity
  8
Defpoints
 62
     0
440
 16777216
100
AcDbPoint
 10
14033.34316169314
 20
15949.99999999893
 30
0.0
  0
POINT
  5
CEDF
330
A24D
100
AcDbEntity
  8
Defpoints
 62
     0
440
 16777216
100
AcDbPoint
 10
14033.34316169251
 20
10049.99999999994
 30
0.0
  0
POINT
  5
CEE0
330
A24D
100
AcDbEntity
  8
Defpoints
 62
     0
440
 16777216
100
AcDbPoint
 10
14502.65944372777
 20
10049.99999999994
 30
0.0
  0
ENDBLK
  5
A24F
330
A24D
100
AcDbEntity
  8
0
100
AcDbBlockEnd
  0
BLOCK
  5
DD6B
330
DD6A
100
AcDbEntity
  8
0
100
AcDbBlockBegin
  2
*D146
 70
     1
 10
0.0
 20
0.0
 30
0.0
  3
*D146
  1

  0
LINE
  5
DD6C
330
DD6A
100
AcDbEntity
  8
CH-DIM
 62
     0
440
 16777216
370
    -2
100
AcDbLine
 10
-54941.31206472721
 20
2200.000000000005
 30
0.0
 11
-54755.3300247555
 21
2200.000000000005
 31
0.0
  0
LINE
  5
DD6D
330
DD6A
100
AcDbEntity
  8
CH-DIM
 62
     0
440
 16777216
370
    -2
100
AcDbLine
 10
-54941.31206472723
 20
-299.9999999999954
 30
0.0
 11
-54755.3300247555
 21
-299.9999999999953
 31
0.0
  0
LINE
  5
DD6E
330
DD6A
100
AcDbEntity
  8
CH-DIM
 62
     0
440
 16777216
370
    -2
100
AcDbLine
 10
-54875.3300247555
 20
2320.000000000006
 30
0.0
 11
-54875.3300247555
 21
-419.9999999999953
 31
0.0
  0
INSERT
  5
DD6F
330
DD6A
100
AcDbEntity
  8
CH-DIM
 62
     0
440
 16777216
370
    -2
100
AcDbBlockReference
  2
_Oblique
 10
-54875.3300247555
 20
2200.000000000005
 30
0.0
 41
150.0
 42
150.0
 43
150.0
 50
90.0
  0
INSERT
  5
DD70
330
DD6A
100
AcDbEntity
  8
CH-DIM
 62
     0
440
 16777216
370
    -2
100
AcDbBlockReference
  2
_Oblique
 10
-54875.3300247555
 20
-299.9999999999953
 30
0.0
 41
150.0
 42
150.0
 43
150.0
 50
270.0
  0
MTEXT
  5
DD71
330
DD6A
100
AcDbEntity
  8
CH-DIM
 62
     0
440
 16777216
100
AcDbMText
 10
-55027.04235352259
 20
950.0000000000204
 30
0.0
 40
124.9999999999999
 41
0.0
 46
0.0
 71
     5
 72
     5
  1
\A1;2500
  7
JetBrains Mono
 11
0.0000000000000001
 21
1.0
 31
0.0
 73
     1
 44
1.0
 90
        3
 63
     9
421
 13158600
 45
1.1
441
        0
  0
POINT
  5
DD72
330
DD6A
100
AcDbEntity
  8
Defpoints
 62
     0
440
 16777216
100
AcDbPoint
 10
-55016.31206472722
 20
2200.000000000005
 30
0.0
  0
POINT
  5
DD73
330
DD6A
100
AcDbEntity
  8
Defpoints
 62
     0
440
 16777216
100
AcDbPoint
 10
-55016.31206472723
 20
-299.9999999999954
 30
0.0
  0
POINT
  5
DD74
330
DD6A
100
AcDbEntity
  8
Defpoints
 62
     0
440
 16777216
100
AcDbPoint
 10
-54875.3300247555
 20
-299.9999999999953
 30
0.0
  0
ENDBLK
  5
DD75
330
DD6A
100
AcDbEntity
  8
0
100
AcDbBlockEnd
  0
BLOCK
  5
DD77
330
DD76
100
AcDbEntity
  8
0
100
AcDbBlockBegin
  2
*D147
 70
     1
 10
0.0
 20
0.0
 30
0.0
  3
*D147
  1

  0
LINE
  5
DD78
330
DD76
100
AcDbEntity
  8
CH-DIM
 62
     0
440
 16777216
370
    -2
100
AcDbLine
 10
-54941.31206472721
 20
2200.000000000005
 30
0.0
 11
-54755.33002475558
 21
2200.000000000005
 31
0.0
  0
LINE
  5
DD79
330
DD76
100
AcDbEntity
  8
CH-DIM
 62
     0
440
 16777216
370
    -2
100
AcDbLine
 10
-54950.33002475532
 20
6200.000000000007
 30
0.0
 11
-54995.33002475558
 21
6200.000000000007
 31
0.0
  0
LINE
  5
DD7A
330
DD76
100
AcDbEntity
  8
CH-DIM
 62
     0
440
 16777216
370
    -2
100
AcDbLine
 10
-54875.33002475559
 20
2080.000000000005
 30
0.0
 11
-54875.33002475559
 21
6320.000000000007
 31
0.0
  0
INSERT
  5
DD7B
330
DD76
100
AcDbEntity
  8
CH-DIM
 62
     0
440
 16777216
370
    -2
100
AcDbBlockReference
  2
_Oblique
 10
-54875.33002475559
 20
2200.000000000005
 30
0.0
 41
150.0
 42
150.0
 43
150.0
 50
270.0
  0
INSERT
  5
DD7C
330
DD76
100
AcDbEntity
  8
CH-DIM
 62
     0
440
 16777216
370
    -2
100
AcDbBlockReference
  2
_Oblique
 10
-54875.33002475559
 20
6200.000000000007
 30
0.0
 41
150.0
 42
150.0
 43
150.0
 50
90.0
  0
MTEXT
  5
DD7D
330
DD76
100
AcDbEntity
  8
CH-DIM
 62
     0
440
 16777216
100
AcDbMText
 10
-55027.04235352268
 20
4200.000000000021
 30
0.0
 40
124.9999999999999
 41
0.0
 46
0.0
 71
     5
 72
     5
  1
\A1;4000
  7
JetBrains Mono
 11
0.0000000000000001
 21
1.0
 31
0.0
 73
     1
 44
1.0
 90
        3
 63
     9
421
 13158600
 45
1.1
441
        0
  0
POINT
  5
DD7E
330
DD76
100
AcDbEntity
  8
Defpoints
 62
     0
440
 16777216
100
AcDbPoint
 10
-55016.31206472722
 20
2200.000000000005
 30
0.0
  0
POINT
  5
DD7F
330
DD76
100
AcDbEntity
  8
Defpoints
 62
     0
440
 16777216
100
AcDbPoint
 10
-54875.33002475532
 20
6200.000000000007
 30
0.0
  0
POINT
  5
DD80
330
DD76
100
AcDbEntity
  8
Defpoints
 62
     0
440
 16777216
100
AcDbPoint
 10
-54875.33002475559
 20
6200.000000000007
 30
0.0
  0
ENDBLK
  5
DD81
330
DD76
100
AcDbEntity
  8
0
100
AcDbBlockEnd
  0
BLOCK
  5
DD83
330
DD82
100
AcDbEntity
  8
0
100
AcDbBlockBegin
  2
*D148
 70
     1
 10
0.0
 20
0.0
 30
0.0
  3
*D148
  1

  0
LINE
  5
DD84
330
DD82
100
AcDbEntity
  8
CH-DIM
 62
     0
440
 16777216
370
    -2
100
AcDbLine
 10
-54950.33002475534
 20
6200.000000000009
 30
0.0
 11
-54995.33002475566
 21
6200.000000000009
 31
0.0
  0
LINE
  5
DD85
330
DD82
100
AcDbEntity
  8
CH-DIM
 62
     0
440
 16777216
370
    -2
100
AcDbLine
 10
-54950.33002475534
 20
9200.0
 30
0.0
 11
-54995.33002475566
 21
9200.0
 31
0.0
  0
LINE
  5
DD86
330
DD82
100
AcDbEntity
  8
CH-DIM
 62
     0
440
 16777216
370
    -2
100
AcDbLine
 10
-54875.33002475566
 20
6080.000000000008
 30
0.0
 11
-54875.33002475566
 21
9320.000000000002
 31
0.0
  0
INSERT
  5
DD87
330
DD82
100
AcDbEntity
  8
CH-DIM
 62
     0
440
 16777216
370
    -2
100
AcDbBlockReference
  2
_Oblique
 10
-54875.33002475566
 20
6200.000000000009
 30
0.0
 41
150.0
 42
150.0
 43
150.0
 50
270.0
  0
INSERT
  5
DD88
330
DD82
100
AcDbEntity
  8
CH-DIM
 62
     0
440
 16777216
370
    -2
100
AcDbBlockReference
  2
_Oblique
 10
-54875.33002475566
 20
9200.0
 30
0.0
 41
150.0
 42
150.0
 43
150.0
 50
90.0
  0
MTEXT
  5
DD89
330
DD82
100
AcDbEntity
  8
CH-DIM
 62
     0
440
 16777216
100
AcDbMText
 10
-55027.04235352275
 20
7700.000000000021
 30
0.0
 40
124.9999999999999
 41
0.0
 46
0.0
 71
     5
 72
     5
  1
\A1;3000
  7
JetBrains Mono
 11
0.0000000000000001
 21
1.0
 31
0.0
 73
     1
 44
1.0
 90
        3
 63
     9
421
 13158600
 45
1.1
441
        0
  0
POINT
  5
DD8A
330
DD82
100
AcDbEntity
  8
Defpoints
 62
     0
440
 16777216
100
AcDbPoint
 10
-54875.33002475534
 20
6200.000000000009
 30
0.0
  0
POINT
  5
DD8B
330
DD82
100
AcDbEntity
  8
Defpoints
 62
     0
440
 16777216
100
AcDbPoint
 10
-54875.33002475534
 20
9200.0
 30
0.0
  0
POINT
  5
DD8C
330
DD82
100
AcDbEntity
  8
Defpoints
 62
     0
440
 16777216
100
AcDbPoint
 10
-54875.33002475566
 20
9200.0
 30
0.0
  0
ENDBLK
  5
DD8D
330
DD82
100
AcDbEntity
  8
0
100
AcDbBlockEnd
  0
BLOCK
  5
DD8F
330
DD8E
100
AcDbEntity
  8
0
100
AcDbBlockBegin
  2
*D149
 70
     1
 10
0.0
 20
0.0
 30
0.0
  3
*D149
  1

  0
LINE
  5
DD90
330
DD8E
100
AcDbEntity
  8
CH-DIM
 62
     0
440
 16777216
370
    -2
100
AcDbLine
 10
-54950.33002475532
 20
9200.0
 30
0.0
 11
-54995.33002475573
 21
9200.0
 31
0.0
  0
LINE
  5
DD91
330
DD8E
100
AcDbEntity
  8
CH-DIM
 62
     0
440
 16777216
370
    -2
100
AcDbLine
 10
-54950.33002475531
 20
12150.0
 30
0.0
 11
-54995.33002475573
 21
12150.0
 31
0.0
  0
LINE
  5
DD92
330
DD8E
100
AcDbEntity
  8
CH-DIM
 62
     0
440
 16777216
370
    -2
100
AcDbLine
 10
-54875.33002475573
 20
9080.000000000003
 30
0.0
 11
-54875.33002475573
 21
12270.0
 31
0.0
  0
INSERT
  5
DD93
330
DD8E
100
AcDbEntity
  8
CH-DIM
 62
     0
440
 16777216
370
    -2
100
AcDbBlockReference
  2
_Oblique
 10
-54875.33002475573
 20
9200.0
 30
0.0
 41
150.0
 42
150.0
 43
150.0
 50
270.0
  0
INSERT
  5
DD94
330
DD8E
100
AcDbEntity
  8
CH-DIM
 62
     0
440
 16777216
370
    -2
100
AcDbBlockReference
  2
_Oblique
 10
-54875.33002475573
 20
12150.0
 30
0.0
 41
150.0
 42
150.0
 43
150.0
 50
90.0
  0
MTEXT
  5
DD95
330
DD8E
100
AcDbEntity
  8
CH-DIM
 62
     0
440
 16777216
100
AcDbMText
 10
-55027.04235352283
 20
10675.00000000001
 30
0.0
 40
124.9999999999999
 41
0.0
 46
0.0
 71
     5
 72
     5
  1
\A1;2950
  7
JetBrains Mono
 11
0.0000000000000001
 21
1.0
 31
0.0
 73
     1
 44
1.0
 90
        3
 63
     9
421
 13158600
 45
1.1
441
        0
  0
POINT
  5
DD96
330
DD8E
100
AcDbEntity
  8
Defpoints
 62
     0
440
 16777216
100
AcDbPoint
 10
-54875.33002475532
 20
9200.0
 30
0.0
  0
POINT
  5
DD97
330
DD8E
100
AcDbEntity
  8
Defpoints
 62
     0
440
 16777216
100
AcDbPoint
 10
-54875.33002475528
 20
12150.0
 30
0.0
  0
POINT
  5
DD98
330
DD8E
100
AcDbEntity
  8
Defpoints
 62
     0
440
 16777216
100
AcDbPoint
 10
-54875.33002475573
 20
12150.0
 30
0.0
  0
ENDBLK
  5
DD99
330
DD8E
100
AcDbEntity
  8
0
100
AcDbBlockEnd
  0
BLOCK
  5
DD9B
330
DD9A
100
AcDbEntity
  8
0
100
AcDbBlockBegin
  2
*D150
 70
     1
 10
0.0
 20
0.0
 30
0.0
  3
*D150
  1

  0
LINE
  5
DD9C
330
DD9A
100
AcDbEntity
  8
CH-DIM
 62
     0
440
 16777216
370
    -2
100
AcDbLine
 10
-54950.33002475531
 20
12150.0
 30
0.0
 11
-54995.33002475578
 21
12150.0
 31
0.0
  0
LINE
  5
DD9D
330
DD9A
100
AcDbEntity
  8
CH-DIM
 62
     0
440
 16777216
370
    -2
100
AcDbLine
 10
-54950.33002475531
 20
15100.0
 30
0.0
 11
-54995.33002475578
 21
15100.0
 31
0.0
  0
LINE
  5
DD9E
330
DD9A
100
AcDbEntity
  8
CH-DIM
 62
     0
440
 16777216
370
    -2
100
AcDbLine
 10
-54875.33002475577
 20
12030.0
 30
0.0
 11
-54875.33002475577
 21
15220.0
 31
0.0
  0
INSERT
  5
DD9F
330
DD9A
100
AcDbEntity
  8
CH-DIM
 62
     0
440
 16777216
370
    -2
100
AcDbBlockReference
  2
_Oblique
 10
-54875.33002475577
 20
12150.0
 30
0.0
 41
150.0
 42
150.0
 43
150.0
 50
270.0
  0
INSERT
  5
DDA0
330
DD9A
100
AcDbEntity
  8
CH-DIM
 62
     0
440
 16777216
370
    -2
100
AcDbBlockReference
  2
_Oblique
 10
-54875.33002475577
 20
15100.0
 30
0.0
 41
150.0
 42
150.0
 43
150.0
 50
90.0
  0
MTEXT
  5
DDA1
330
DD9A
100
AcDbEntity
  8
CH-DIM
 62
     0
440
 16777216
100
AcDbMText
 10
-55027.04235352288
 20
13625.00000000001
 30
0.0
 40
124.9999999999999
 41
0.0
 46
0.0
 71
     5
 72
     5
  1
\A1;2950
  7
JetBrains Mono
 11
0.0000000000000001
 21
1.0
 31
0.0
 73
     1
 44
1.0
 90
        3
 63
     9
421
 13158600
 45
1.1
441
        0
  0
POINT
  5
DDA2
330
DD9A
100
AcDbEntity
  8
Defpoints
 62
     0
440
 16777216
100
AcDbPoint
 10
-54875.33002475528
 20
12150.0
 30
0.0
  0
POINT
  5
DDA3
330
DD9A
100
AcDbEntity
  8
Defpoints
 62
     0
440
 16777216
100
AcDbPoint
 10
-54875.33002475528
 20
15100.0
 30
0.0
  0
POINT
  5
DDA4
330
DD9A
100
AcDbEntity
  8
Defpoints
 62
     0
440
 16777216
100
AcDbPoint
 10
-54875.33002475577
 20
15100.0
 30
0.0
  0
ENDBLK
  5
DDA5
330
DD9A
100
AcDbEntity
  8
0
100
AcDbBlockEnd
  0
BLOCK
  5
DDA7
330
DDA6
100
AcDbEntity
  8
0
100
AcDbBlockBegin
  2
*D151
 70
     1
 10
0.0
 20
0.0
 30
0.0
  3
*D151
  1

  0
LINE
  5
DDA8
330
DDA6
100
AcDbEntity
  8
CH-DIM
 62
     0
440
 16777216
370
    -2
100
AcDbLine
 10
-54950.33002475531
 20
15100.0
 30
0.0
 11
-54995.33002475585
 21
15100.0
 31
0.0
  0
LINE
  5
DDA9
330
DDA6
100
AcDbEntity
  8
CH-DIM
 62
     0
440
 16777216
370
    -2
100
AcDbLine
 10
-54950.33002475528
 20
18050.00000000001
 30
0.0
 11
-54995.33002475586
 21
18050.00000000001
 31
0.0
  0
LINE
  5
DDAA
330
DDA6
100
AcDbEntity
  8
CH-DIM
 62
     0
440
 16777216
370
    -2
100
AcDbLine
 10
-54875.33002475585
 20
14980.0
 30
0.0
 11
-54875.33002475585
 21
18170.00000000001
 31
0.0
  0
INSERT
  5
DDAB
330
DDA6
100
AcDbEntity
  8
CH-DIM
 62
     0
440
 16777216
370
    -2
100
AcDbBlockReference
  2
_Oblique
 10
-54875.33002475585
 20
15100.0
 30
0.0
 41
150.0
 42
150.0
 43
150.0
 50
270.0
  0
INSERT
  5
DDAC
330
DDA6
100
AcDbEntity
  8
CH-DIM
 62
     0
440
 16777216
370
    -2
100
AcDbBlockReference
  2
_Oblique
 10
-54875.33002475585
 20
18050.00000000001
 30
0.0
 41
150.0
 42
150.0
 43
150.0
 50
90.0
  0
MTEXT
  5
DDAD
330
DDA6
100
AcDbEntity
  8
CH-DIM
 62
     0
440
 16777216
100
AcDbMText
 10
-55027.04235352296
 20
16575.00000000002
 30
0.0
 40
124.9999999999999
 41
0.0
 46
0.0
 71
     5
 72
     5
  1
\A1;2950
  7
JetBrains Mono
 11
0.0000000000000001
 21
1.0
 31
0.0
 73
     1
 44
1.0
 90
        3
 63
     9
421
 13158600
 45
1.1
441
        0
  0
POINT
  5
DDAE
330
DDA6
100
AcDbEntity
  8
Defpoints
 62
     0
440
 16777216
100
AcDbPoint
 10
-54875.33002475528
 20
15100.0
 30
0.0
  0
POINT
  5
DDAF
330
DDA6
100
AcDbEntity
  8
Defpoints
 62
     0
440
 16777216
100
AcDbPoint
 10
-54875.33002475528
 20
18050.00000000001
 30
0.0
  0
POINT
  5
DDB0
330
DDA6
100
AcDbEntity
  8
Defpoints
 62
     0
440
 16777216
100
AcDbPoint
 10
-54875.33002475585
 20
18050.00000000001
 30
0.0
  0
ENDBLK
  5
DDB1
330
DDA6
100
AcDbEntity
  8
0
100
AcDbBlockEnd
  0
BLOCK
  5
DDB3
330
DDB2
100
AcDbEntity
  8
0
100
AcDbBlockBegin
  2
*D152
 70
     1
 10
0.0
 20
0.0
 30
0.0
  3
*D152
  1

  0
LINE
  5
DDB4
330
DDB2
100
AcDbEntity
  8
CH-DIM
 62
     0
440
 16777216
370
    -2
100
AcDbLine
 10
-54950.33002475531
 20
18050.0
 30
0.0
 11
-54995.33002475593
 21
18050.0
 31
0.0
  0
LINE
  5
DDB5
330
DDB2
100
AcDbEntity
  8
CH-DIM
 62
     0
440
 16777216
370
    -2
100
AcDbLine
 10
-54950.33002475531
 20
22050.0
 30
0.0
 11
-54995.33002475593
 21
22050.0
 31
0.0
  0
LINE
  5
DDB6
330
DDB2
100
AcDbEntity
  8
CH-DIM
 62
     0
440
 16777216
370
    -2
100
AcDbLine
 10
-54875.33002475593
 20
17930.0
 30
0.0
 11
-54875.33002475593
 21
22170.0
 31
0.0
  0
INSERT
  5
DDB7
330
DDB2
100
AcDbEntity
  8
CH-DIM
 62
     0
440
 16777216
370
    -2
100
AcDbBlockReference
  2
_Oblique
 10
-54875.33002475593
 20
18050.0
 30
0.0
 41
150.0
 42
150.0
 43
150.0
 50
270.0
  0
INSERT
  5
DDB8
330
DDB2
100
AcDbEntity
  8
CH-DIM
 62
     0
440
 16777216
370
    -2
100
AcDbBlockReference
  2
_Oblique
 10
-54875.33002475593
 20
22050.0
 30
0.0
 41
150.0
 42
150.0
 43
150.0
 50
90.0
  0
MTEXT
  5
DDB9
330
DDB2
100
AcDbEntity
  8
CH-DIM
 62
     0
440
 16777216
100
AcDbMText
 10
-55027.04235352303
 20
20050.00000000001
 30
0.0
 40
124.9999999999999
 41
0.0
 46
0.0
 71
     5
 72
     5
  1
\A1;4000
  7
JetBrains Mono
 11
0.0000000000000001
 21
1.0
 31
0.0
 73
     1
 44
1.0
 90
        3
 63
     9
421
 13158600
 45
1.1
441
        0
  0
POINT
  5
DDBA
330
DDB2
100
AcDbEntity
  8
Defpoints
 62
     0
440
 16777216
100
AcDbPoint
 10
-54875.33002475528
 20
18050.0
 30
0.0
  0
POINT
  5
DDBB
330
DDB2
100
AcDbEntity
  8
Defpoints
 62
     0
440
 16777216
100
AcDbPoint
 10
-54875.33002475531
 20
22050.0
 30
0.0
  0
POINT
  5
DDBC
330
DDB2
100
AcDbEntity
  8
Defpoints
 62
     0
440
 16777216
100
AcDbPoint
 10
-54875.33002475593
 20
22050.0
 30
0.0
  0
ENDBLK
  5
DDBD
330
DDB2
100
AcDbEntity
  8
0
100
AcDbBlockEnd
  0
BLOCK
  5
DE16
330
DE15
100
AcDbEntity
  8
0
100
AcDbBlockBegin
  2
*D153
 70
     1
 10
0.0
 20
0.0
 30
0.0
  3
*D153
  1

  0
LINE
  5
E27E
330
DE15
100
AcDbEntity
  8
CH-DIM
 62
     0
440
 16777216
370
    -2
100
AcDbLine
 10
-57800.87127318035
 20
2200.000000000009
 30
0.0
 11
-57614.88923320882
 21
2200.000000000009
 31
0.0
  0
LINE
  5
E27F
330
DE15
100
AcDbEntity
  8
CH-DIM
 62
     0
440
 16777216
370
    -2
100
AcDbLine
 10
-57800.87127318036
 20
-299.9999999999897
 30
0.0
 11
-57614.88923320882
 21
-299.9999999999896
 31
0.0
  0
LINE
  5
E280
330
DE15
100
AcDbEntity
  8
CH-DIM
 62
     0
440
 16777216
370
    -2
100
AcDbLine
 10
-57734.88923320885
 20
2320.00000000001
 30
0.0
 11
-57734.88923320885
 21
-419.9999999999898
 31
0.0
  0
INSERT
  5
E281
330
DE15
100
AcDbEntity
  8
CH-DIM
 62
     0
440
 16777216
370
    -2
100
AcDbBlockReference
  2
_Oblique
 10
-57734.88923320885
 20
2200.000000000009
 30
0.0
 41
150.0
 42
150.0
 43
150.0
 50
90.0
  0
INSERT
  5
E282
330
DE15
100
AcDbEntity
  8
CH-DIM
 62
     0
440
 16777216
370
    -2
100
AcDbBlockReference
  2
_Oblique
 10
-57734.88923320885
 20
-299.9999999999897
 30
0.0
 41
150.0
 42
150.0
 43
150.0
 50
270.0
  0
MTEXT
  5
E283
330
DE15
100
AcDbEntity
  8
CH-DIM
 62
     0
440
 16777216
100
AcDbMText
 10
-57886.60156197595
 20
950.0000000000259
 30
0.0
 40
124.9999999999999
 41
0.0
 46
0.0
 71
     5
 72
     1
  1
2500
  7
JetBrains Mono
 11
0.0000000000000001
 21
1.0
 31
0.0
 73
     1
 44
1.0
 90
        3
 63
     9
421
 13158600
 45
1.1
441
        0
  0
POINT
  5
E284
330
DE15
100
AcDbEntity
  8
Defpoints
 62
     0
440
 16777216
100
AcDbPoint
 10
-57875.87127318034
 20
2200.000000000009
 30
0.0
  0
POINT
  5
E285
330
DE15
100
AcDbEntity
  8
Defpoints
 62
     0
440
 16777216
100
AcDbPoint
 10
-57875.87127318036
 20
-299.9999999999897
 30
0.0
  0
POINT
  5
E286
330
DE15
100
AcDbEntity
  8
Defpoints
 62
     0
440
 16777216
100
AcDbPoint
 10
-57734.88923320885
 20
-299.9999999999897
 30
0.0
  0
ENDBLK
  5
DE17
330
DE15
100
AcDbEntity
  8
0
100
AcDbBlockEnd
  0
BLOCK
  5
DE22
330
DE21
100
AcDbEntity
  8
0
100
AcDbBlockBegin
  2
*D154
 70
     1
 10
0.0
 20
0.0
 30
0.0
  3
*D154
  1

  0
LINE
  5
E287
330
DE21
100
AcDbEntity
  8
CH-DIM
 62
     0
440
 16777216
370
    -2
100
AcDbLine
 10
-57800.87127318035
 20
2200.000000000009
 30
0.0
 11
-57614.88923320892
 21
2200.000000000009
 31
0.0
  0
LINE
  5
E288
330
DE21
100
AcDbEntity
  8
CH-DIM
 62
     0
440
 16777216
370
    -2
100
AcDbLine
 10
-57809.88923320848
 20
6200.000000000012
 30
0.0
 11
-57854.88923320892
 21
6200.000000000012
 31
0.0
  0
LINE
  5
E289
330
DE21
100
AcDbEntity
  8
CH-DIM
 62
     0
440
 16777216
370
    -2
100
AcDbLine
 10
-57734.88923320893
 20
2080.00000000001
 30
0.0
 11
-57734.88923320893
 21
6320.00000000001
 31
0.0
  0
INSERT
  5
E28A
330
DE21
100
AcDbEntity
  8
CH-DIM
 62
     0
440
 16777216
370
    -2
100
AcDbBlockReference
  2
_Oblique
 10
-57734.88923320893
 20
2200.000000000009
 30
0.0
 41
150.0
 42
150.0
 43
150.0
 50
270.0
  0
INSERT
  5
E28B
330
DE21
100
AcDbEntity
  8
CH-DIM
 62
     0
440
 16777216
370
    -2
100
AcDbBlockReference
  2
_Oblique
 10
-57734.88923320893
 20
6200.000000000012
 30
0.0
 41
150.0
 42
150.0
 43
150.0
 50
90.0
  0
MTEXT
  5
E28C
330
DE21
100
AcDbEntity
  8
CH-DIM
 62
     0
440
 16777216
100
AcDbMText
 10
-57886.60156197604
 20
4200.000000000025
 30
0.0
 40
124.9999999999999
 41
0.0
 46
0.0
 71
     5
 72
     1
  1
4000
  7
JetBrains Mono
 11
0.0000000000000001
 21
1.0
 31
0.0
 73
     1
 44
1.0
 90
        3
 63
     9
421
 13158600
 45
1.1
441
        0
  0
POINT
  5
E28D
330
DE21
100
AcDbEntity
  8
Defpoints
 62
     0
440
 16777216
100
AcDbPoint
 10
-57875.87127318034
 20
2200.000000000009
 30
0.0
  0
POINT
  5
E28E
330
DE21
100
AcDbEntity
  8
Defpoints
 62
     0
440
 16777216
100
AcDbPoint
 10
-57734.88923320846
 20
6200.000000000012
 30
0.0
  0
POINT
  5
E28F
330
DE21
100
AcDbEntity
  8
Defpoints
 62
     0
440
 16777216
100
AcDbPoint
 10
-57734.88923320893
 20
6200.000000000012
 30
0.0
  0
ENDBLK
  5
DE23
330
DE21
100
AcDbEntity
  8
0
100
AcDbBlockEnd
  0
BLOCK
  5
DE2E
330
DE2D
100
AcDbEntity
  8
0
100
AcDbBlockBegin
  2
*D155
 70
     1
 10
0.0
 20
0.0
 30
0.0
  3
*D155
  1

  0
LINE
  5
E290
330
DE2D
100
AcDbEntity
  8
CH-DIM
 62
     0
440
 16777216
370
    -2
100
AcDbLine
 10
-57809.88923320848
 20
6200.000000000012
 30
0.0
 11
-57854.889233209
 21
6200.000000000012
 31
0.0
  0
LINE
  5
E291
330
DE2D
100
AcDbEntity
  8
CH-DIM
 62
     0
440
 16777216
370
    -2
100
AcDbLine
 10
-57809.88923320848
 20
9200.000000000009
 30
0.0
 11
-57854.889233209
 21
9200.000000000009
 31
0.0
  0
LINE
  5
E292
330
DE2D
100
AcDbEntity
  8
CH-DIM
 62
     0
440
 16777216
370
    -2
100
AcDbLine
 10
-57734.88923320901
 20
6080.000000000011
 30
0.0
 11
-57734.88923320901
 21
9320.000000000009
 31
0.0
  0
INSERT
  5
E293
330
DE2D
100
AcDbEntity
  8
CH-DIM
 62
     0
440
 16777216
370
    -2
100
AcDbBlockReference
  2
_Oblique
 10
-57734.88923320901
 20
6200.000000000012
 30
0.0
 41
150.0
 42
150.0
 43
150.0
 50
270.0
  0
INSERT
  5
E294
330
DE2D
100
AcDbEntity
  8
CH-DIM
 62
     0
440
 16777216
370
    -2
100
AcDbBlockReference
  2
_Oblique
 10
-57734.88923320901
 20
9200.000000000009
 30
0.0
 41
150.0
 42
150.0
 43
150.0
 50
90.0
  0
MTEXT
  5
E295
330
DE2D
100
AcDbEntity
  8
CH-DIM
 62
     0
440
 16777216
100
AcDbMText
 10
-57886.60156197612
 20
7700.000000000024
 30
0.0
 40
124.9999999999999
 41
0.0
 46
0.0
 71
     5
 72
     1
  1
3000
  7
JetBrains Mono
 11
0.0000000000000001
 21
1.0
 31
0.0
 73
     1
 44
1.0
 90
        3
 63
     9
421
 13158600
 45
1.1
441
        0
  0
POINT
  5
E296
330
DE2D
100
AcDbEntity
  8
Defpoints
 62
     0
440
 16777216
100
AcDbPoint
 10
-57734.88923320848
 20
6200.000000000012
 30
0.0
  0
POINT
  5
E297
330
DE2D
100
AcDbEntity
  8
Defpoints
 62
     0
440
 16777216
100
AcDbPoint
 10
-57734.88923320848
 20
9200.000000000009
 30
0.0
  0
POINT
  5
E298
330
DE2D
100
AcDbEntity
  8
Defpoints
 62
     0
440
 16777216
100
AcDbPoint
 10
-57734.88923320901
 20
9200.000000000009
 30
0.0
  0
ENDBLK
  5
DE2F
330
DE2D
100
AcDbEntity
  8
0
100
AcDbBlockEnd
  0
BLOCK
  5
DE3A
330
DE39
100
AcDbEntity
  8
0
100
AcDbBlockBegin
  2
*D156
 70
     1
 10
0.0
 20
0.0
 30
0.0
  3
*D156
  1

  0
LINE
  5
E299
330
DE39
100
AcDbEntity
  8
CH-DIM
 62
     0
440
 16777216
370
    -2
100
AcDbLine
 10
-57809.88923320845
 20
9200.000000000006
 30
0.0
 11
-57854.88923320906
 21
9200.000000000006
 31
0.0
  0
LINE
  5
E29A
330
DE39
100
AcDbEntity
  8
CH-DIM
 62
     0
440
 16777216
370
    -2
100
AcDbLine
 10
-57809.88923320843
 20
12150.0
 30
0.0
 11
-57854.88923320906
 21
12150.0
 31
0.0
  0
LINE
  5
E29B
330
DE39
100
AcDbEntity
  8
CH-DIM
 62
     0
440
 16777216
370
    -2
100
AcDbLine
 10
-57734.88923320906
 20
9080.000000000003
 30
0.0
 11
-57734.88923320906
 21
12270.0
 31
0.0
  0
INSERT
  5
E29C
330
DE39
100
AcDbEntity
  8
CH-DIM
 62
     0
440
 16777216
370
    -2
100
AcDbBlockReference
  2
_Oblique
 10
-57734.88923320906
 20
9200.000000000006
 30
0.0
 41
150.0
 42
150.0
 43
150.0
 50
270.0
  0
INSERT
  5
E29D
330
DE39
100
AcDbEntity
  8
CH-DIM
 62
     0
440
 16777216
370
    -2
100
AcDbBlockReference
  2
_Oblique
 10
-57734.88923320906
 20
12150.0
 30
0.0
 41
150.0
 42
150.0
 43
150.0
 50
90.0
  0
MTEXT
  5
E29E
330
DE39
100
AcDbEntity
  8
CH-DIM
 62
     0
440
 16777216
100
AcDbMText
 10
-57886.60156197615
 20
10675.00000000002
 30
0.0
 40
124.9999999999999
 41
0.0
 46
0.0
 71
     5
 72
     1
  1
2950
  7
JetBrains Mono
 11
0.0000000000000001
 21
1.0
 31
0.0
 73
     1
 44
1.0
 90
        3
 63
     9
421
 13158600
 45
1.1
441
        0
  0
POINT
  5
E29F
330
DE39
100
AcDbEntity
  8
Defpoints
 62
     0
440
 16777216
100
AcDbPoint
 10
-57734.88923320845
 20
9200.000000000006
 30
0.0
  0
POINT
  5
E2A0
330
DE39
100
AcDbEntity
  8
Defpoints
 62
     0
440
 16777216
100
AcDbPoint
 10
-57734.88923320843
 20
12150.0
 30
0.0
  0
POINT
  5
E2A1
330
DE39
100
AcDbEntity
  8
Defpoints
 62
     0
440
 16777216
100
AcDbPoint
 10
-57734.88923320906
 20
12150.0
 30
0.0
  0
ENDBLK
  5
DE3B
330
DE39
100
AcDbEntity
  8
0
100
AcDbBlockEnd
  0
BLOCK
  5
DE46
330
DE45
100
AcDbEntity
  8
0
100
AcDbBlockBegin
  2
*D157
 70
     1
 10
0.0
 20
0.0
 30
0.0
  3
*D157
  1

  0
LINE
  5
E2A2
330
DE45
100
AcDbEntity
  8
CH-DIM
 62
     0
440
 16777216
370
    -2
100
AcDbLine
 10
-57809.8892332084
 20
12150.0
 30
0.0
 11
-57854.88923320909
 21
12150.0
 31
0.0
  0
LINE
  5
E2A3
330
DE45
100
AcDbEntity
  8
CH-DIM
 62
     0
440
 16777216
370
    -2
100
AcDbLine
 10
-57809.8892332084
 20
15099.99999999999
 30
0.0
 11
-57854.88923320909
 21
15099.99999999999
 31
0.0
  0
LINE
  5
E2A4
330
DE45
100
AcDbEntity
  8
CH-DIM
 62
     0
440
 16777216
370
    -2
100
AcDbLine
 10
-57734.88923320909
 20
12030.0
 30
0.0
 11
-57734.88923320909
 21
15220.0
 31
0.0
  0
INSERT
  5
E2A5
330
DE45
100
AcDbEntity
  8
CH-DIM
 62
     0
440
 16777216
370
    -2
100
AcDbBlockReference
  2
_Oblique
 10
-57734.88923320909
 20
12150.0
 30
0.0
 41
150.0
 42
150.0
 43
150.0
 50
270.0
  0
INSERT
  5
E2A6
330
DE45
100
AcDbEntity
  8
CH-DIM
 62
     0
440
 16777216
370
    -2
100
AcDbBlockReference
  2
_Oblique
 10
-57734.88923320909
 20
15099.99999999999
 30
0.0
 41
150.0
 42
150.0
 43
150.0
 50
90.0
  0
MTEXT
  5
E2A7
330
DE45
100
AcDbEntity
  8
CH-DIM
 62
     0
440
 16777216
100
AcDbMText
 10
-57886.6015619762
 20
13625.00000000001
 30
0.0
 40
124.9999999999999
 41
0.0
 46
0.0
 71
     5
 72
     1
  1
2950
  7
JetBrains Mono
 11
0.0000000000000001
 21
1.0
 31
0.0
 73
     1
 44
1.0
 90
        3
 63
     9
421
 13158600
 45
1.1
441
        0
  0
POINT
  5
E2A8
330
DE45
100
AcDbEntity
  8
Defpoints
 62
     0
440
 16777216
100
AcDbPoint
 10
-57734.8892332084
 20
12150.0
 30
0.0
  0
POINT
  5
E2A9
330
DE45
100
AcDbEntity
  8
Defpoints
 62
     0
440
 16777216
100
AcDbPoint
 10
-57734.8892332084
 20
15099.99999999999
 30
0.0
  0
POINT
  5
E2AA
330
DE45
100
AcDbEntity
  8
Defpoints
 62
     0
440
 16777216
100
AcDbPoint
 10
-57734.88923320909
 20
15099.99999999999
 30
0.0
  0
ENDBLK
  5
DE47
330
DE45
100
AcDbEntity
  8
0
100
AcDbBlockEnd
  0
BLOCK
  5
DE52
330
DE51
100
AcDbEntity
  8
0
100
AcDbBlockBegin
  2
*D158
 70
     1
 10
0.0
 20
0.0
 30
0.0
  3
*D158
  1

  0
LINE
  5
E2AB
330
DE51
100
AcDbEntity
  8
CH-DIM
 62
     0
440
 16777216
370
    -2
100
AcDbLine
 10
-57809.88923320843
 20
15100.0
 30
0.0
 11
-57854.8892332092
 21
15100.0
 31
0.0
  0
LINE
  5
E2AC
330
DE51
100
AcDbEntity
  8
CH-DIM
 62
     0
440
 16777216
370
    -2
100
AcDbLine
 10
-57809.88923320843
 20
18050.00000000001
 30
0.0
 11
-57854.88923320921
 21
18050.00000000001
 31
0.0
  0
LINE
  5
E2AD
330
DE51
100
AcDbEntity
  8
CH-DIM
 62
     0
440
 16777216
370
    -2
100
AcDbLine
 10
-57734.8892332092
 20
14980.0
 30
0.0
 11
-57734.88923320921
 21
18170.00000000001
 31
0.0
  0
INSERT
  5
E2AE
330
DE51
100
AcDbEntity
  8
CH-DIM
 62
     0
440
 16777216
370
    -2
100
AcDbBlockReference
  2
_Oblique
 10
-57734.8892332092
 20
15100.0
 30
0.0
 41
150.0
 42
150.0
 43
150.0
 50
270.0
  0
INSERT
  5
E2AF
330
DE51
100
AcDbEntity
  8
CH-DIM
 62
     0
440
 16777216
370
    -2
100
AcDbBlockReference
  2
_Oblique
 10
-57734.88923320921
 20
18050.00000000001
 30
0.0
 41
150.0
 42
150.0
 43
150.0
 50
90.0
  0
MTEXT
  5
E2B0
330
DE51
100
AcDbEntity
  8
CH-DIM
 62
     0
440
 16777216
100
AcDbMText
 10
-57886.6015619763
 20
16575.00000000002
 30
0.0
 40
124.9999999999999
 41
0.0
 46
0.0
 71
     5
 72
     1
  1
2950
  7
JetBrains Mono
 11
0.0000000000000001
 21
1.0
 31
0.0
 73
     1
 44
1.0
 90
        3
 63
     9
421
 13158600
 45
1.1
441
        0
  0
POINT
  5
E2B1
330
DE51
100
AcDbEntity
  8
Defpoints
 62
     0
440
 16777216
100
AcDbPoint
 10
-57734.88923320844
 20
15100.0
 30
0.0
  0
POINT
  5
E2B2
330
DE51
100
AcDbEntity
  8
Defpoints
 62
     0
440
 16777216
100
AcDbPoint
 10
-57734.88923320843
 20
18050.00000000001
 30
0.0
  0
POINT
  5
E2B3
330
DE51
100
AcDbEntity
  8
Defpoints
 62
     0
440
 16777216
100
AcDbPoint
 10
-57734.88923320921
 20
18050.00000000001
 30
0.0
  0
ENDBLK
  5
DE53
330
DE51
100
AcDbEntity
  8
0
100
AcDbBlockEnd
  0
BLOCK
  5
DE5E
330
DE5D
100
AcDbEntity
  8
0
100
AcDbBlockBegin
  2
*D159
 70
     1
 10
0.0
 20
0.0
 30
0.0
  3
*D159
  1

  0
LINE
  5
E2B4
330
DE5D
100
AcDbEntity
  8
CH-DIM
 62
     0
440
 16777216
370
    -2
100
AcDbLine
 10
-57809.88923320843
 20
18050.0
 30
0.0
 11
-57854.88923320926
 21
18050.0
 31
0.0
  0
LINE
  5
E2B5
330
DE5D
100
AcDbEntity
  8
CH-DIM
 62
     0
440
 16777216
370
    -2
100
AcDbLine
 10
-57809.88923320843
 20
22049.99999999999
 30
0.0
 11
-57854.88923320926
 21
22049.99999999999
 31
0.0
  0
LINE
  5
E2B6
330
DE5D
100
AcDbEntity
  8
CH-DIM
 62
     0
440
 16777216
370
    -2
100
AcDbLine
 10
-57734.88923320925
 20
17930.0
 30
0.0
 11
-57734.88923320925
 21
22169.99999999999
 31
0.0
  0
INSERT
  5
E2B7
330
DE5D
100
AcDbEntity
  8
CH-DIM
 62
     0
440
 16777216
370
    -2
100
AcDbBlockReference
  2
_Oblique
 10
-57734.88923320925
 20
18050.0
 30
0.0
 41
150.0
 42
150.0
 43
150.0
 50
270.0
  0
INSERT
  5
E2B8
330
DE5D
100
AcDbEntity
  8
CH-DIM
 62
     0
440
 16777216
370
    -2
100
AcDbBlockReference
  2
_Oblique
 10
-57734.88923320925
 20
22049.99999999999
 30
0.0
 41
150.0
 42
150.0
 43
150.0
 50
90.0
  0
MTEXT
  5
E2B9
330
DE5D
100
AcDbEntity
  8
CH-DIM
 62
     0
440
 16777216
100
AcDbMText
 10
-57886.60156197636
 20
20050.00000000001
 30
0.0
 40
124.9999999999999
 41
0.0
 46
0.0
 71
     5
 72
     1
  1
4000
  7
JetBrains Mono
 11
0.0000000000000001
 21
1.0
 31
0.0
 73
     1
 44
1.0
 90
        3
 63
     9
421
 13158600
 45
1.1
441
        0
  0
POINT
  5
E2BA
330
DE5D
100
AcDbEntity
  8
Defpoints
 62
     0
440
 16777216
100
AcDbPoint
 10
-57734.88923320843
 20
18050.0
 30
0.0
  0
POINT
  5
E2BB
330
DE5D
100
AcDbEntity
  8
Defpoints
 62
     0
440
 16777216
100
AcDbPoint
 10
-57734.88923320843
 20
22049.99999999999
 30
0.0
  0
POINT
  5
E2BC
330
DE5D
100
AcDbEntity
  8
Defpoints
 62
     0
440
 16777216
100
AcDbPoint
 10
-57734.88923320925
 20
22049.99999999999
 30
0.0
  0
ENDBLK
  5
DE5F
330
DE5D
100
AcDbEntity
  8
0
100
AcDbBlockEnd
  0
ENDSEC
  0
SECTION
  2
ENTITIES
  0
MTEXT
  5
171B
330
70
100
AcDbEntity
  8
CH-GRID-MARK
100
AcDbMText
 10
-2006.960803548043
 20
-4348.063621952041
 30
0.0
 40
200.0
 41
128.2699999999999
 46
0.0
 71
     5
 72
     5
  1
1
  7
JetBrains Mono
 73
     2
 44
1.0
 90
        3
 63
     9
421
 13158600
 45
1.25
441
        0
1001
REVIT
1002
{
1070
     1
1000
353829
1002
}
1002
{
1070
     5
1000
341
1002
}
1002
{
1070
     2
1000
-2006040
1002
}
  0
LINE
  5
171C
330
70
100
AcDbEntity
  8
CH-GRID
  6
Grid Line
 48
50.0
100
AcDbLine
 10
-2016.656838306481
 20
30181.34768489474
 30
0.0
 11
-2016.656838306524
 21
-4050.939450401403
 31
0.0
1001
REVIT
1002
{
1070
     1
1000
353829
1002
}
1002
{
1070
     5
1000
341
1002
}
1002
{
1070
     2
1000
-2000220
1002
}
  0
MTEXT
  5
171E
330
70
100
AcDbEntity
  8
CH-GRID-MARK
100
AcDbMText
 10
1293.039196451964
 20
-4348.063621952049
 30
0.0
 40
200.0
 41
128.2699999999999
 46
0.0
 71
     5
 72
     5
  1
2
  7
JetBrains Mono
 73
     2
 44
1.0
 90
        3
 63
     9
421
 13158600
 45
1.25
441
        0
1001
REVIT
1002
{
1070
     1
1000
353947
1002
}
1002
{
1070
     5
1000
341
1002
}
1002
{
1070
     2
1000
-2006040
1002
}
  0
LINE
  5
171F
330
70
100
AcDbEntity
  8
CH-GRID
  6
Grid Line
 48
50.0
100
AcDbLine
 10
1283.343161693527
 20
30181.34768489473
 30
0.0
 11
1283.343161693446
 21
-4050.93945040141
 31
0.0
1001
REVIT
1002
{
1070
     1
1000
353947
1002
}
1002
{
1070
     5
1000
341
1002
}
1002
{
1070
     2
1000
-2000220
1002
}
  0
MTEXT
  5
1721
330
70
100
AcDbEntity
  8
CH-GRID-MARK
100
AcDbMText
 10
6293.039196451964
 20
-4348.063621952055
 30
0.0
 40
200.0
 41
128.2699999999999
 46
0.0
 71
     5
 72
     5
  1
3
  7
JetBrains Mono
 73
     2
 44
1.0
 90
        3
 63
     9
421
 13158600
 45
1.25
441
        0
1001
REVIT
1002
{
1070
     1
1000
353955
1002
}
1002
{
1070
     5
1000
341
1002
}
1002
{
1070
     2
1000
-2006040
1002
}
  0
LINE
  5
1722
330
70
100
AcDbEntity
  8
CH-GRID
  6
Grid Line
 48
50.0
100
AcDbLine
 10
6283.343161693527
 20
30181.34768489473
 30
0.0
 11
6283.343161693449
 21
-4050.93945040142
 31
0.0
1001
REVIT
1002
{
1070
     1
1000
353955
1002
}
1002
{
1070
     5
1000
341
1002
}
1002
{
1070
     2
1000
-2000220
1002
}
  0
MTEXT
  5
1724
330
70
100
AcDbEntity
  8
CH-GRID-MARK
100
AcDbMText
 10
9293.039196451934
 20
-4348.063621952063
 30
0.0
 40
200.0
 41
128.2699999999999
 46
0.0
 71
     5
 72
     5
  1
4
  7
JetBrains Mono
 73
     2
 44
1.0
 90
        3
 63
     9
421
 13158600
 45
1.25
441
        0
1001
REVIT
1002
{
1070
     1
1000
353963
1002
}
1002
{
1070
     5
1000
341
1002
}
1002
{
1070
     2
1000
-2006040
1002
}
  0
LINE
  5
1725
330
70
100
AcDbEntity
  8
CH-GRID
  6
Grid Line
 48
50.0
100
AcDbLine
 10
9283.343161693521
 20
30181.34768489472
 30
0.0
 11
9283.343161693476
 21
-4050.939450401433
 31
0.0
1001
REVIT
1002
{
1070
     1
1000
353963
1002
}
1002
{
1070
     5
1000
341
1002
}
1002
{
1070
     2
1000
-2000220
1002
}
  0
MTEXT
  5
1727
330
70
100
AcDbEntity
  8
CH-GRID-MARK
100
AcDbMText
 10
15293.03919645195
 20
-4348.063621952073
 30
0.0
 40
200.0
 41
128.2699999999999
 46
0.0
 71
     5
 72
     5
  1
5
  7
JetBrains Mono
 73
     2
 44
1.0
 90
        3
 63
     9
421
 13158600
 45
1.25
441
        0
1001
REVIT
1002
{
1070
     1
1000
353971
1002
}
1002
{
1070
     5
1000
341
1002
}
1002
{
1070
     2
1000
-2006040
1002
}
  0
LINE
  5
1728
330
70
100
AcDbEntity
  8
CH-GRID
  6
Grid Line
 48
50.0
100
AcDbLine
 10
15283.34316169353
 20
30181.34768489471
 30
0.0
 11
15283.34316169347
 21
-4050.939450401433
 31
0.0
1001
REVIT
1002
{
1070
     1
1000
353971
1002
}
1002
{
1070
     5
1000
341
1002
}
1002
{
1070
     2
1000
-2000220
1002
}
  0
MTEXT
  5
172A
330
70
100
AcDbEntity
  8
CH-GRID-MARK
100
AcDbMText
 10
18293.03919645195
 20
-4348.063621952079
 30
0.0
 40
200.0
 41
128.2699999999999
 46
0.0
 71
     5
 72
     5
  1
6
  7
JetBrains Mono
 73
     2
 44
1.0
 90
        3
 63
     9
421
 13158600
 45
1.25
441
        0
1001
REVIT
1002
{
1070
     1
1000
353979
1002
}
1002
{
1070
     5
1000
341
1002
}
1002
{
1070
     2
1000
-2006040
1002
}
  0
LINE
  5
172B
330
70
100
AcDbEntity
  8
CH-GRID
  6
Grid Line
 48
50.0
100
AcDbLine
 10
18283.34316169353
 20
30181.34768489471
 30
0.0
 11
18283.34316169346
 21
-4050.939450401441
 31
0.0
1001
REVIT
1002
{
1070
     1
1000
353979
1002
}
1002
{
1070
     5
1000
341
1002
}
1002
{
1070
     2
1000
-2000220
1002
}
  0
MTEXT
  5
172D
330
70
100
AcDbEntity
  8
CH-GRID-MARK
100
AcDbMText
 10
23293.03919645195
 20
-4348.063621952086
 30
0.0
 40
200.0
 41
128.2699999999999
 46
0.0
 71
     5
 72
     5
  1
7
  7
JetBrains Mono
 73
     2
 44
1.0
 90
        3
 63
     9
421
 13158600
 45
1.25
441
        0
1001
REVIT
1002
{
1070
     1
1000
353987
1002
}
1002
{
1070
     5
1000
341
1002
}
1002
{
1070
     2
1000
-2006040
1002
}
  0
LINE
  5
172E
330
70
100
AcDbEntity
  8
CH-GRID
  6
Grid Line
 48
50.0
100
AcDbLine
 10
23283.34316169354
 20
30181.34768489471
 30
0.0
 11
23283.34316169346
 21
-4050.939450401457
 31
0.0
1001
REVIT
1002
{
1070
     1
1000
353987
1002
}
1002
{
1070
     5
1000
341
1002
}
1002
{
1070
     2
1000
-2000220
1002
}
  0
MTEXT
  5
1730
330
70
100
AcDbEntity
  8
CH-GRID-MARK
100
AcDbMText
 10
26593.03919645193
 20
-4348.063621952086
 30
0.0
 40
200.0
 41
128.2699999999999
 46
0.0
 71
     5
 72
     5
  1
8
  7
JetBrains Mono
 73
     2
 44
1.0
 90
        3
 63
     9
421
 13158600
 45
1.25
441
        0
1001
REVIT
1002
{
1070
     1
1000
353995
1002
}
1002
{
1070
     5
1000
341
1002
}
1002
{
1070
     2
1000
-2006040
1002
}
  0
LINE
  5
1731
330
70
100
AcDbEntity
  8
CH-GRID
  6
Grid Line
 48
50.0
100
AcDbLine
 10
26583.34316169353
 20
30181.34768489469
 30
0.0
 11
26583.34316169348
 21
-4050.939450401457
 31
0.0
1001
REVIT
1002
{
1070
     1
1000
353995
1002
}
1002
{
1070
     5
1000
341
1002
}
1002
{
1070
     2
1000
-2000220
1002
}
  0
MTEXT
  5
1733
330
70
100
AcDbEntity
  8
CH-GRID-MARK
100
AcDbMText
 10
-5691.572077071375
 20
-298.4749652628937
 30
0.0
 40
200.0
 41
128.2699999999999
 46
0.0
 71
     5
 72
     5
  1
A
  7
JetBrains Mono
 73
     2
 44
1.0
 90
        3
 63
     9
421
 13158600
 45
1.25
441
        0
1001
REVIT
1002
{
1070
     1
1000
354108
1002
}
1002
{
1070
     5
1000
341
1002
}
1002
{
1070
     2
1000
-2006040
1002
}
  0
LINE
  5
1734
330
70
100
AcDbEntity
  8
CH-GRID
  6
Grid Line
 48
50.0
100
AcDbLine
 10
28535.75460474291
 20
-300.0000000001019
 30
0.0
 11
-5402.496836025144
 21
-299.9999999999927
 31
0.0
1001
REVIT
1002
{
1070
     1
1000
354108
1002
}
1002
{
1070
     5
1000
341
1002
}
1002
{
1070
     2
1000
-2000220
1002
}
  0
MTEXT
  5
1736
330
70
100
AcDbEntity
  8
CH-GRID-MARK
100
AcDbMText
 10
-5691.572077071346
 20
3001.525034737106
 30
0.0
 40
200.0
 41
128.2699999999999
 46
0.0
 71
     5
 72
     5
  1
B
  7
JetBrains Mono
 73
     2
 44
1.0
 90
        3
 63
     9
421
 13158600
 45
1.25
441
        0
1001
REVIT
1002
{
1070
     1
1000
354147
1002
}
1002
{
1070
     5
1000
341
1002
}
1002
{
1070
     2
1000
-2006040
1002
}
  0
LINE
  5
1737
330
70
100
AcDbEntity
  8
CH-GRID
  6
Grid Line
 48
50.0
100
AcDbLine
 10
28535.75460474291
 20
2999.999999999898
 30
0.0
 11
-5402.496836025144
 21
3000.000000000007
 31
0.0
1001
REVIT
1002
{
1070
     1
1000
354147
1002
}
1002
{
1070
     5
1000
341
1002
}
1002
{
1070
     2
1000
-2000220
1002
}
  0
MTEXT
  5
1739
330
70
100
AcDbEntity
  8
CH-GRID-MARK
100
AcDbMText
 10
-5691.572077071324
 20
8001.525034737101
 30
0.0
 40
200.0
 41
128.2699999999999
 46
0.0
 71
     5
 72
     5
  1
C
  7
JetBrains Mono
 73
     2
 44
1.0
 90
        3
 63
     9
421
 13158600
 45
1.25
441
        0
1001
REVIT
1002
{
1070
     1
1000
354155
1002
}
1002
{
1070
     5
1000
341
1002
}
1002
{
1070
     2
1000
-2006040
1002
}
  0
LINE
  5
173A
330
70
100
AcDbEntity
  8
CH-GRID
  6
Grid Line
 48
50.0
100
AcDbLine
 10
28535.75460474293
 20
7999.999999999897
 30
0.0
 11
-5402.496836025137
 21
8000.000000000007
 31
0.0
1001
REVIT
1002
{
1070
     1
1000
354155
1002
}
1002
{
1070
     5
1000
341
1002
}
1002
{
1070
     2
1000
-2000220
1002
}
  0
MTEXT
  5
173C
330
70
100
AcDbEntity
  8
CH-GRID-MARK
100
AcDbMText
 10
-5691.57207707131
 20
11001.52503473709
 30
0.0
 40
200.0
 41
128.2699999999999
 46
0.0
 71
     5
 72
     5
  1
D
  7
JetBrains Mono
 73
     2
 44
1.0
 90
        3
 63
     9
421
 13158600
 45
1.25
441
        0
1001
REVIT
1002
{
1070
     1
1000
354163
1002
}
1002
{
1070
     5
1000
341
1002
}
1002
{
1070
     2
1000
-2006040
1002
}
  0
LINE
  5
173D
330
70
100
AcDbEntity
  8
CH-GRID
  6
Grid Line
 48
50.0
100
AcDbLine
 10
28535.75460474297
 20
10999.99999999989
 30
0.0
 11
-5402.4968360251
 21
11000.0
 31
0.0
1001
REVIT
1002
{
1070
     1
1000
354163
1002
}
1002
{
1070
     5
1000
341
1002
}
1002
{
1070
     2
1000
-2000220
1002
}
  0
MTEXT
  5
173F
330
70
100
AcDbEntity
  8
CH-GRID-MARK
100
AcDbMText
 10
-5691.572077071281
 20
26301.52503473708
 30
0.0
 40
200.0
 41
128.2699999999999
 46
0.0
 71
     5
 72
     5
  1
H
  7
JetBrains Mono
 73
     2
 44
1.0
 90
        3
 63
     9
421
 13158600
 45
1.25
441
        0
1001
REVIT
1002
{
1070
     1
1000
354245
1002
}
1002
{
1070
     5
1000
341
1002
}
1002
{
1070
     2
1000
-2006040
1002
}
  0
LINE
  5
1740
330
70
100
AcDbEntity
  8
CH-GRID
  6
Grid Line
 48
50.0
100
AcDbLine
 10
28535.75460474299
 20
26299.99999999991
 30
0.0
 11
-5402.496836025057
 21
26299.99999999999
 31
0.0
1001
REVIT
1002
{
1070
     1
1000
354245
1002
}
1002
{
1070
     5
1000
341
1002
}
1002
{
1070
     2
1000
-2000220
1002
}
  0
MTEXT
  5
1742
330
70
100
AcDbEntity
  8
CH-GRID-MARK
100
AcDbMText
 10
-5691.572077071281
 20
23001.52503473708
 30
0.0
 40
200.0
 41
128.2699999999999
 46
0.0
 71
     5
 72
     5
  1
G
  7
JetBrains Mono
 73
     2
 44
1.0
 90
        3
 63
     9
421
 13158600
 45
1.25
441
        0
1001
REVIT
1002
{
1070
     1
1000
354246
1002
}
1002
{
1070
     5
1000
341
1002
}
1002
{
1070
     2
1000
-2006040
1002
}
  0
LINE
  5
1743
330
70
100
AcDbEntity
  8
CH-GRID
  6
Grid Line
 48
50.0
100
AcDbLine
 10
28535.75460474299
 20
22999.9999999999
 30
0.0
 11
-5402.496836025079
 21
23000.0
 31
0.0
1001
REVIT
1002
{
1070
     1
1000
354246
1002
}
1002
{
1070
     5
1000
341
1002
}
1002
{
1070
     2
1000
-2000220
1002
}
  0
MTEXT
  5
1745
330
70
100
AcDbEntity
  8
CH-GRID-MARK
100
AcDbMText
 10
-5691.572077071295
 20
18001.52503473708
 30
0.0
 40
200.0
 41
128.2699999999999
 46
0.0
 71
     5
 72
     5
  1
F
  7
JetBrains Mono
 73
     2
 44
1.0
 90
        3
 63
     9
421
 13158600
 45
1.25
441
        0
1001
REVIT
1002
{
1070
     1
1000
354247
1002
}
1002
{
1070
     5
1000
341
1002
}
1002
{
1070
     2
1000
-2006040
1002
}
  0
LINE
  5
1746
330
70
100
AcDbEntity
  8
CH-GRID
  6
Grid Line
 48
50.0
100
AcDbLine
 10
28535.75460474297
 20
17999.99999999989
 30
0.0
 11
-5402.496836025079
 21
18000.0
 31
0.0
1001
REVIT
1002
{
1070
     1
1000
354247
1002
}
1002
{
1070
     5
1000
341
1002
}
1002
{
1070
     2
1000
-2000220
1002
}
  0
MTEXT
  5
1748
330
70
100
AcDbEntity
  8
CH-GRID-MARK
100
AcDbMText
 10
-5691.572077071295
 20
15001.52503473708
 30
0.0
 40
200.0
 41
128.2699999999999
 46
0.0
 71
     5
 72
     5
  1
E
  7
JetBrains Mono
 73
     2
 44
1.0
 90
        3
 63
     9
421
 13158600
 45
1.25
441
        0
1001
REVIT
1002
{
1070
     1
1000
354248
1002
}
1002
{
1070
     5
1000
341
1002
}
1002
{
1070
     2
1000
-2006040
1002
}
  0
LINE
  5
1749
330
70
100
AcDbEntity
  8
CH-GRID
  6
Grid Line
 48
50.0
100
AcDbLine
 10
28535.75460474297
 20
14999.99999999989
 30
0.0
 11
-5402.4968360251
 21
15000.0
 31
0.0
1001
REVIT
1002
{
1070
     1
1000
354248
1002
}
1002
{
1070
     5
1000
341
1002
}
1002
{
1070
     2
1000
-2000220
1002
}
  0
MTEXT
  5
182F
330
70
100
AcDbEntity
  8
CH-GRID-MARK
100
AcDbMText
 10
-5691.572077071281
 20
27701.52503473708
 30
0.0
 40
200.0
 41
128.2699999999999
 46
0.0
 71
     5
 72
     5
  1
I
  7
JetBrains Mono
 73
     2
 44
1.0
 90
        3
 63
     9
421
 13158600
 45
1.25
441
        0
1001
REVIT
1002
{
1070
     1
1000
371211
1002
}
1002
{
1070
     5
1000
341
1002
}
1002
{
1070
     2
1000
-2006040
1002
}
  0
LINE
  5
1830
330
70
100
AcDbEntity
  8
CH-GRID
  6
Grid Line
 48
50.0
100
AcDbLine
 10
28535.75460474299
 20
27699.99999999991
 30
0.0
 11
-5402.496836025057
 21
27700.0
 31
0.0
1001
REVIT
1002
{
1070
     1
1000
371211
1002
}
1002
{
1070
     5
1000
341
1002
}
1002
{
1070
     2
1000
-2000220
1002
}
  0
LWPOLYLINE
  5
2943
330
70
100
AcDbEntity
  8
0-Boundary
100
AcDbPolyline
 90
        4
 70
     1
 43
0.0
 10
-12445.68297830625
 20
35181.30266530842
 10
34893.126594837
 20
35181.30266530842
 10
34893.126594837
 20
-12551.84565144902
 10
-12445.68297830625
 20
-12551.84565144902
  0
LINE
  5
912B
330
70
100
AcDbEntity
  8
CH-STAIRS
  6
Overhead
100
AcDbLine
 10
66360.46587605495
 20
-150.0000000000509
 30
0.0
 11
66360.46587605495
 21
1249.999999999954
 31
0.0
1001
REVIT
1002
{
1070
     1
1000
358943
1002
}
1002
{
1070
     5
1000
141748
1002
}
1002
{
1070
     2
1000
-2000120
1002
}
1002
{
1070
     3
1000
-2000936
1002
}
  0
LINE
  5
912C
330
70
100
AcDbEntity
  8
CH-STAIRS
  6
Overhead
100
AcDbLine
 10
66660.46587605495
 20
-150.0000000000509
 30
0.0
 11
66660.46587605495
 21
1249.999999999953
 31
0.0
1001
REVIT
1002
{
1070
     1
1000
358943
1002
}
1002
{
1070
     5
1000
141748
1002
}
1002
{
1070
     2
1000
-2000120
1002
}
1002
{
1070
     3
1000
-2000936
1002
}
  0
LINE
  5
912D
330
70
100
AcDbEntity
  8
CH-STAIRS
  6
Overhead
100
AcDbLine
 10
66960.46587605495
 20
-150.0000000000509
 30
0.0
 11
66960.46587605495
 21
1249.999999999951
 31
0.0
1001
REVIT
1002
{
1070
     1
1000
358943
1002
}
1002
{
1070
     5
1000
141748
1002
}
1002
{
1070
     2
1000
-2000120
1002
}
1002
{
1070
     3
1000
-2000936
1002
}
  0
LINE
  5
912E
330
70
100
AcDbEntity
  8
CH-STAIRS
  6
Overhead
100
AcDbLine
 10
67260.46587605495
 20
-150.0000000000509
 30
0.0
 11
67260.46587605495
 21
1249.99999999995
 31
0.0
1001
REVIT
1002
{
1070
     1
1000
358943
1002
}
1002
{
1070
     5
1000
141748
1002
}
1002
{
1070
     2
1000
-2000120
1002
}
1002
{
1070
     3
1000
-2000936
1002
}
  0
LINE
  5
912F
330
70
100
AcDbEntity
  8
CH-STAIRS
  6
Overhead
100
AcDbLine
 10
67560.46587605495
 20
-150.0000000000509
 30
0.0
 11
67560.46587605495
 21
1249.999999999948
 31
0.0
1001
REVIT
1002
{
1070
     1
1000
358943
1002
}
1002
{
1070
     5
1000
141748
1002
}
1002
{
1070
     2
1000
-2000120
1002
}
1002
{
1070
     3
1000
-2000936
1002
}
  0
LINE
  5
9130
330
70
100
AcDbEntity
  8
CH-STAIRS
  6
Overhead
100
AcDbLine
 10
67860.46587605495
 20
-150.0000000000509
 30
0.0
 11
67860.46587605495
 21
1249.999999999946
 31
0.0
1001
REVIT
1002
{
1070
     1
1000
358943
1002
}
1002
{
1070
     5
1000
141748
1002
}
1002
{
1070
     2
1000
-2000120
1002
}
1002
{
1070
     3
1000
-2000936
1002
}
  0
LINE
  5
9131
330
70
100
AcDbEntity
  8
CH-STAIRS
  6
Overhead
100
AcDbLine
 10
68160.46587605494
 20
-150.0000000000509
 30
0.0
 11
68160.46587605494
 21
1249.999999999945
 31
0.0
1001
REVIT
1002
{
1070
     1
1000
358943
1002
}
1002
{
1070
     5
1000
141748
1002
}
1002
{
1070
     2
1000
-2000120
1002
}
1002
{
1070
     3
1000
-2000936
1002
}
  0
LINE
  5
9132
330
70
100
AcDbEntity
  8
CH-STAIRS
  6
Overhead
100
AcDbLine
 10
68460.46587605495
 20
-150.0000000000509
 30
0.0
 11
68460.46587605495
 21
1249.999999999943
 31
0.0
1001
REVIT
1002
{
1070
     1
1000
358943
1002
}
1002
{
1070
     5
1000
141748
1002
}
1002
{
1070
     2
1000
-2000120
1002
}
1002
{
1070
     3
1000
-2000936
1002
}
  0
LINE
  5
9135
330
70
100
AcDbEntity
  8
CH-STAIRS
  6
Overhead
100
AcDbLine
 10
68460.46587605495
 20
2849.999999999949
 30
0.0
 11
68460.46587605495
 21
1449.999999999944
 31
0.0
1001
REVIT
1002
{
1070
     1
1000
358943
1002
}
1002
{
1070
     5
1000
141748
1002
}
1002
{
1070
     2
1000
-2000120
1002
}
1002
{
1070
     3
1000
-2000936
1002
}
  0
LINE
  5
9136
330
70
100
AcDbEntity
  8
CH-STAIRS
  6
Overhead
100
AcDbLine
 10
68160.46587605494
 20
2849.999999999949
 30
0.0
 11
68160.46587605494
 21
1449.999999999945
 31
0.0
1001
REVIT
1002
{
1070
     1
1000
358943
1002
}
1002
{
1070
     5
1000
141748
1002
}
1002
{
1070
     2
1000
-2000120
1002
}
1002
{
1070
     3
1000
-2000936
1002
}
  0
LINE
  5
9137
330
70
100
AcDbEntity
  8
CH-STAIRS
  6
Overhead
100
AcDbLine
 10
67860.46587605495
 20
2849.999999999949
 30
0.0
 11
67860.46587605496
 21
1449.999999999946
 31
0.0
1001
REVIT
1002
{
1070
     1
1000
358943
1002
}
1002
{
1070
     5
1000
141748
1002
}
1002
{
1070
     2
1000
-2000120
1002
}
1002
{
1070
     3
1000
-2000936
1002
}
  0
LINE
  5
9138
330
70
100
AcDbEntity
  8
CH-STAIRS
  6
Overhead
100
AcDbLine
 10
67560.46587605495
 20
2849.999999999949
 30
0.0
 11
67560.46587605497
 21
1449.999999999948
 31
0.0
1001
REVIT
1002
{
1070
     1
1000
358943
1002
}
1002
{
1070
     5
1000
141748
1002
}
1002
{
1070
     2
1000
-2000120
1002
}
1002
{
1070
     3
1000
-2000936
1002
}
  0
LINE
  5
9139
330
70
100
AcDbEntity
  8
CH-STAIRS
  6
Overhead
100
AcDbLine
 10
67260.46587605495
 20
2849.999999999949
 30
0.0
 11
67260.46587605496
 21
1449.99999999995
 31
0.0
1001
REVIT
1002
{
1070
     1
1000
358943
1002
}
1002
{
1070
     5
1000
141748
1002
}
1002
{
1070
     2
1000
-2000120
1002
}
1002
{
1070
     3
1000
-2000936
1002
}
  0
LINE
  5
913A
330
70
100
AcDbEntity
  8
CH-STAIRS
  6
Overhead
100
AcDbLine
 10
66960.46587605495
 20
2849.999999999949
 30
0.0
 11
66960.46587605496
 21
1449.999999999951
 31
0.0
1001
REVIT
1002
{
1070
     1
1000
358943
1002
}
1002
{
1070
     5
1000
141748
1002
}
1002
{
1070
     2
1000
-2000120
1002
}
1002
{
1070
     3
1000
-2000936
1002
}
  0
LINE
  5
913B
330
70
100
AcDbEntity
  8
CH-STAIRS
  6
Overhead
100
AcDbLine
 10
66660.46587605495
 20
2849.999999999949
 30
0.0
 11
66660.46587605496
 21
1449.999999999953
 31
0.0
1001
REVIT
1002
{
1070
     1
1000
358943
1002
}
1002
{
1070
     5
1000
141748
1002
}
1002
{
1070
     2
1000
-2000120
1002
}
1002
{
1070
     3
1000
-2000936
1002
}
  0
LINE
  5
913C
330
70
100
AcDbEntity
  8
CH-STAIRS
  6
Overhead
100
AcDbLine
 10
66360.46587605495
 20
2849.999999999949
 30
0.0
 11
66360.46587605497
 21
1449.999999999954
 31
0.0
1001
REVIT
1002
{
1070
     1
1000
358943
1002
}
1002
{
1070
     5
1000
141748
1002
}
1002
{
1070
     2
1000
-2000120
1002
}
1002
{
1070
     3
1000
-2000936
1002
}
  0
LINE
  5
915E
330
70
100
AcDbEntity
  8
CH-STAIRS-MARK
100
AcDbLine
 10
67860.46587605495
 20
2099.999999999949
 30
0.0
 11
68760.46587605495
 21
2099.999999999949
 31
0.0
1001
REVIT
1002
{
1070
     1
1000
359785
1002
}
1002
{
1070
     5
1000
141729
1002
}
1002
{
1070
     2
1000
-2000938
1002
}
1002
{
1070
     3
1000
-2000131
1002
}
  0
LINE
  5
915F
330
70
100
AcDbEntity
  8
CH-STAIRS-MARK
100
AcDbLine
 10
67860.46587605495
 20
2099.999999999949
 30
0.0
 11
67922.96587605495
 21
2162.499999999949
 31
0.0
1001
REVIT
1002
{
1070
     1
1000
359785
1002
}
1002
{
1070
     5
1000
141729
1002
}
1002
{
1070
     2
1000
-2000938
1002
}
1002
{
1070
     3
1000
-2000131
1002
}
  0
LINE
  5
9160
330
70
100
AcDbEntity
  8
CH-STAIRS-MARK
100
AcDbLine
 10
67860.46587605495
 20
2099.999999999949
 30
0.0
 11
67922.96587605495
 21
2037.499999999949
 31
0.0
1001
REVIT
1002
{
1070
     1
1000
359785
1002
}
1002
{
1070
     5
1000
141729
1002
}
1002
{
1070
     2
1000
-2000938
1002
}
1002
{
1070
     3
1000
-2000131
1002
}
  0
LINE
  5
9389
330
70
100
AcDbEntity
  8
CH-CUTOUT
100
AcDbLine
 10
61560.46587605503
 20
26150.0
 30
0.0
 11
64260.46587605503
 21
23149.99999999996
 31
0.0
1001
REVIT
1002
{
1070
     1
1000
363695
1002
}
1002
{
1070
     2
1000
-2000051
1002
}
1002
{
1070
     3
1000
363616
1002
}
  0
LINE
  5
938A
330
70
100
AcDbEntity
  8
CH-CUTOUT
100
AcDbLine
 10
61560.46587605503
 20
23149.99999999999
 30
0.0
 11
64260.46587605503
 21
26149.99999999999
 31
0.0
1001
REVIT
1002
{
1070
     1
1000
363779
1002
}
1002
{
1070
     2
1000
-2000051
1002
}
1002
{
1070
     3
1000
363616
1002
}
  0
LINE
  5
938B
330
70
100
AcDbEntity
  8
CH-CUTOUT
100
AcDbLine
 10
70560.46587605502
 20
26149.99999999997
 30
0.0
 11
73260.46587605502
 21
23149.99999999994
 31
0.0
1001
REVIT
1002
{
1070
     1
1000
363837
1002
}
1002
{
1070
     2
1000
-2000051
1002
}
1002
{
1070
     3
1000
363616
1002
}
  0
LINE
  5
938C
330
70
100
AcDbEntity
  8
CH-CUTOUT
100
AcDbLine
 10
70560.46587605502
 20
23149.99999999994
 30
0.0
 11
73260.46587605502
 21
26149.99999999997
 31
0.0
1001
REVIT
1002
{
1070
     1
1000
363965
1002
}
1002
{
1070
     2
1000
-2000051
1002
}
1002
{
1070
     3
1000
363616
1002
}
  0
LINE
  5
938D
330
70
100
AcDbEntity
  8
CH-CUTOUT
100
AcDbLine
 10
61560.46587605495
 20
2752.133298935682
 30
0.0
 11
64260.46587605491
 21
-150.0000000000581
 31
0.0
1001
REVIT
1002
{
1070
     1
1000
364057
1002
}
1002
{
1070
     2
1000
-2000051
1002
}
1002
{
1070
     3
1000
363616
1002
}
  0
LINE
  5
938E
330
70
100
AcDbEntity
  8
CH-CUTOUT
100
AcDbLine
 10
61560.46587605491
 20
-150.0000000000509
 30
0.0
 11
64260.46587605495
 21
2752.133298935675
 31
0.0
1001
REVIT
1002
{
1070
     1
1000
364151
1002
}
1002
{
1070
     2
1000
-2000051
1002
}
1002
{
1070
     3
1000
363616
1002
}
  0
LINE
  5
938F
330
70
100
AcDbEntity
  8
CH-CUTOUT
100
AcDbLine
 10
70560.46587605495
 20
2849.999999999942
 30
0.0
 11
73260.46587605492
 21
-150.0000000000873
 31
0.0
1001
REVIT
1002
{
1070
     1
1000
364252
1002
}
1002
{
1070
     2
1000
-2000051
1002
}
1002
{
1070
     3
1000
363616
1002
}
  0
LINE
  5
9390
330
70
100
AcDbEntity
  8
CH-CUTOUT
100
AcDbLine
 10
70560.46587605492
 20
-150.00000000008
 30
0.0
 11
73260.46587605495
 21
2849.999999999927
 31
0.0
1001
REVIT
1002
{
1070
     1
1000
364319
1002
}
1002
{
1070
     2
1000
-2000051
1002
}
1002
{
1070
     3
1000
363616
1002
}
  0
MTEXT
  5
9392
330
70
100
AcDbEntity
  8
CH-GRID-MARK
100
AcDbMText
 10
53120.1619108134
 20
-4348.063621952041
 30
0.0
 40
200.0
 41
128.2699999999999
 46
0.0
 71
     5
 72
     5
  1
1
  7
JetBrains Mono
 73
     2
 44
1.0
 90
        3
 63
     9
421
 13158600
 45
1.25
441
        0
1001
REVIT
1002
{
1070
     1
1000
353829
1002
}
1002
{
1070
     5
1000
341
1002
}
1002
{
1070
     2
1000
-2006040
1002
}
  0
LINE
  5
9393
330
70
100
AcDbEntity
  8
CH-GRID
  6
Grid Line
 48
50.0
100
AcDbLine
 10
53110.46587605497
 20
30181.34768489474
 30
0.0
 11
53110.46587605494
 21
-4050.939450401403
 31
0.0
1001
REVIT
1002
{
1070
     1
1000
353829
1002
}
1002
{
1070
     5
1000
341
1002
}
1002
{
1070
     2
1000
-2000220
1002
}
  0
MTEXT
  5
9395
330
70
100
AcDbEntity
  8
CH-GRID-MARK
100
AcDbMText
 10
56420.16191081343
 20
-4348.063621952049
 30
0.0
 40
200.0
 41
128.2699999999999
 46
0.0
 71
     5
 72
     5
  1
2
  7
JetBrains Mono
 73
     2
 44
1.0
 90
        3
 63
     9
421
 13158600
 45
1.25
441
        0
1001
REVIT
1002
{
1070
     1
1000
353947
1002
}
1002
{
1070
     5
1000
341
1002
}
1002
{
1070
     2
1000
-2006040
1002
}
  0
LINE
  5
9396
330
70
100
AcDbEntity
  8
CH-GRID
  6
Grid Line
 48
50.0
100
AcDbLine
 10
56410.46587605497
 20
30181.34768489473
 30
0.0
 11
56410.46587605487
 21
-4050.93945040141
 31
0.0
1001
REVIT
1002
{
1070
     1
1000
353947
1002
}
1002
{
1070
     5
1000
341
1002
}
1002
{
1070
     2
1000
-2000220
1002
}
  0
MTEXT
  5
9398
330
70
100
AcDbEntity
  8
CH-GRID-MARK
100
AcDbMText
 10
61420.16191081343
 20
-4348.063621952055
 30
0.0
 40
200.0
 41
128.2699999999999
 46
0.0
 71
     5
 72
     5
  1
3
  7
JetBrains Mono
 73
     2
 44
1.0
 90
        3
 63
     9
421
 13158600
 45
1.25
441
        0
1001
REVIT
1002
{
1070
     1
1000
353955
1002
}
1002
{
1070
     5
1000
341
1002
}
1002
{
1070
     2
1000
-2006040
1002
}
  0
LINE
  5
9399
330
70
100
AcDbEntity
  8
CH-GRID
  6
Grid Line
 48
50.0
100
AcDbLine
 10
61410.46587605497
 20
30181.34768489473
 30
0.0
 11
61410.46587605487
 21
-4050.93945040142
 31
0.0
1001
REVIT
1002
{
1070
     1
1000
353955
1002
}
1002
{
1070
     5
1000
341
1002
}
1002
{
1070
     2
1000
-2000220
1002
}
  0
MTEXT
  5
939B
330
70
100
AcDbEntity
  8
CH-GRID-MARK
100
AcDbMText
 10
64420.16191081338
 20
-4348.063621952063
 30
0.0
 40
200.0
 41
128.2699999999999
 46
0.0
 71
     5
 72
     5
  1
4
  7
JetBrains Mono
 73
     2
 44
1.0
 90
        3
 63
     9
421
 13158600
 45
1.25
441
        0
1001
REVIT
1002
{
1070
     1
1000
353963
1002
}
1002
{
1070
     5
1000
341
1002
}
1002
{
1070
     2
1000
-2006040
1002
}
  0
LINE
  5
939C
330
70
100
AcDbEntity
  8
CH-GRID
  6
Grid Line
 48
50.0
100
AcDbLine
 10
64410.46587605497
 20
30181.34768489472
 30
0.0
 11
64410.46587605494
 21
-4050.939450401433
 31
0.0
1001
REVIT
1002
{
1070
     1
1000
353963
1002
}
1002
{
1070
     5
1000
341
1002
}
1002
{
1070
     2
1000
-2000220
1002
}
  0
MTEXT
  5
939E
330
70
100
AcDbEntity
  8
CH-GRID-MARK
100
AcDbMText
 10
70420.1619108134
 20
-4348.063621952073
 30
0.0
 40
200.0
 41
128.2699999999999
 46
0.0
 71
     5
 72
     5
  1
5
  7
JetBrains Mono
 73
     2
 44
1.0
 90
        3
 63
     9
421
 13158600
 45
1.25
441
        0
1001
REVIT
1002
{
1070
     1
1000
353971
1002
}
1002
{
1070
     5
1000
341
1002
}
1002
{
1070
     2
1000
-2006040
1002
}
  0
LINE
  5
939F
330
70
100
AcDbEntity
  8
CH-GRID
  6
Grid Line
 48
50.0
100
AcDbLine
 10
70410.46587605499
 20
30181.34768489471
 30
0.0
 11
70410.46587605492
 21
-4050.939450401433
 31
0.0
1001
REVIT
1002
{
1070
     1
1000
353971
1002
}
1002
{
1070
     5
1000
341
1002
}
1002
{
1070
     2
1000
-2000220
1002
}
  0
MTEXT
  5
93A1
330
70
100
AcDbEntity
  8
CH-GRID-MARK
100
AcDbMText
 10
73420.16191081341
 20
-4348.063621952079
 30
0.0
 40
200.0
 41
128.2699999999999
 46
0.0
 71
     5
 72
     5
  1
6
  7
JetBrains Mono
 73
     2
 44
1.0
 90
        3
 63
     9
421
 13158600
 45
1.25
441
        0
1001
REVIT
1002
{
1070
     1
1000
353979
1002
}
1002
{
1070
     5
1000
341
1002
}
1002
{
1070
     2
1000
-2006040
1002
}
  0
LINE
  5
93A2
330
70
100
AcDbEntity
  8
CH-GRID
  6
Grid Line
 48
50.0
100
AcDbLine
 10
73410.46587605499
 20
30181.34768489471
 30
0.0
 11
73410.46587605492
 21
-4050.939450401441
 31
0.0
1001
REVIT
1002
{
1070
     1
1000
353979
1002
}
1002
{
1070
     5
1000
341
1002
}
1002
{
1070
     2
1000
-2000220
1002
}
  0
MTEXT
  5
93A4
330
70
100
AcDbEntity
  8
CH-GRID-MARK
100
AcDbMText
 10
78420.16191081341
 20
-4348.063621952086
 30
0.0
 40
200.0
 41
128.2699999999999
 46
0.0
 71
     5
 72
     5
  1
7
  7
JetBrains Mono
 73
     2
 44
1.0
 90
        3
 63
     9
421
 13158600
 45
1.25
441
        0
1001
REVIT
1002
{
1070
     1
1000
353987
1002
}
1002
{
1070
     5
1000
341
1002
}
1002
{
1070
     2
1000
-2006040
1002
}
  0
LINE
  5
93A5
330
70
100
AcDbEntity
  8
CH-GRID
  6
Grid Line
 48
50.0
100
AcDbLine
 10
78410.46587605501
 20
30181.34768489471
 30
0.0
 11
78410.46587605492
 21
-4050.939450401457
 31
0.0
1001
REVIT
1002
{
1070
     1
1000
353987
1002
}
1002
{
1070
     5
1000
341
1002
}
1002
{
1070
     2
1000
-2000220
1002
}
  0
MTEXT
  5
93A7
330
70
100
AcDbEntity
  8
CH-GRID-MARK
100
AcDbMText
 10
81720.16191081338
 20
-4348.063621952086
 30
0.0
 40
200.0
 41
128.2699999999999
 46
0.0
 71
     5
 72
     5
  1
8
  7
JetBrains Mono
 73
     2
 44
1.0
 90
        3
 63
     9
421
 13158600
 45
1.25
441
        0
1001
REVIT
1002
{
1070
     1
1000
353995
1002
}
1002
{
1070
     5
1000
341
1002
}
1002
{
1070
     2
1000
-2006040
1002
}
  0
LINE
  5
93A8
330
70
100
AcDbEntity
  8
CH-GRID
  6
Grid Line
 48
50.0
100
AcDbLine
 10
81710.46587605497
 20
30181.34768489469
 30
0.0
 11
81710.46587605495
 21
-4050.939450401457
 31
0.0
1001
REVIT
1002
{
1070
     1
1000
353995
1002
}
1002
{
1070
     5
1000
341
1002
}
1002
{
1070
     2
1000
-2000220
1002
}
  0
MTEXT
  5
93AA
330
70
100
AcDbEntity
  8
CH-GRID-MARK
100
AcDbMText
 10
49435.55063729006
 20
-298.4749652628937
 30
0.0
 40
200.0
 41
128.2699999999999
 46
0.0
 71
     5
 72
     5
  1
A
  7
JetBrains Mono
 73
     2
 44
1.0
 90
        3
 63
     9
421
 13158600
 45
1.25
441
        0
1001
REVIT
1002
{
1070
     1
1000
354108
1002
}
1002
{
1070
     5
1000
341
1002
}
1002
{
1070
     2
1000
-2006040
1002
}
  0
LINE
  5
93AB
330
70
100
AcDbEntity
  8
CH-GRID
  6
Grid Line
 48
50.0
100
AcDbLine
 10
83662.87731910437
 20
-300.0000000001019
 30
0.0
 11
49724.62587833629
 21
-299.9999999999927
 31
0.0
1001
REVIT
1002
{
1070
     1
1000
354108
1002
}
1002
{
1070
     5
1000
341
1002
}
1002
{
1070
     2
1000
-2000220
1002
}
  0
MTEXT
  5
93AD
330
70
100
AcDbEntity
  8
CH-GRID-MARK
100
AcDbMText
 10
49435.55063729012
 20
3001.525034737106
 30
0.0
 40
200.0
 41
128.2699999999999
 46
0.0
 71
     5
 72
     5
  1
B
  7
JetBrains Mono
 73
     2
 44
1.0
 90
        3
 63
     9
421
 13158600
 45
1.25
441
        0
1001
REVIT
1002
{
1070
     1
1000
354147
1002
}
1002
{
1070
     5
1000
341
1002
}
1002
{
1070
     2
1000
-2006040
1002
}
  0
LINE
  5
93AE
330
70
100
AcDbEntity
  8
CH-GRID
  6
Grid Line
 48
50.0
100
AcDbLine
 10
83662.87731910437
 20
2999.999999999898
 30
0.0
 11
49724.62587833629
 21
3000.000000000007
 31
0.0
1001
REVIT
1002
{
1070
     1
1000
354147
1002
}
1002
{
1070
     5
1000
341
1002
}
1002
{
1070
     2
1000
-2000220
1002
}
  0
MTEXT
  5
93B0
330
70
100
AcDbEntity
  8
CH-GRID-MARK
100
AcDbMText
 10
49435.55063729013
 20
8001.525034737101
 30
0.0
 40
200.0
 41
128.2699999999999
 46
0.0
 71
     5
 72
     5
  1
C
  7
JetBrains Mono
 73
     2
 44
1.0
 90
        3
 63
     9
421
 13158600
 45
1.25
441
        0
1001
REVIT
1002
{
1070
     1
1000
354155
1002
}
1002
{
1070
     5
1000
341
1002
}
1002
{
1070
     2
1000
-2006040
1002
}
  0
LINE
  5
93B1
330
70
100
AcDbEntity
  8
CH-GRID
  6
Grid Line
 48
50.0
100
AcDbLine
 10
83662.87731910439
 20
7999.999999999897
 30
0.0
 11
49724.62587833629
 21
8000.000000000007
 31
0.0
1001
REVIT
1002
{
1070
     1
1000
354155
1002
}
1002
{
1070
     5
1000
341
1002
}
1002
{
1070
     2
1000
-2000220
1002
}
  0
MTEXT
  5
93B3
330
70
100
AcDbEntity
  8
CH-GRID-MARK
100
AcDbMText
 10
49435.55063729015
 20
11001.52503473709
 30
0.0
 40
200.0
 41
128.2699999999999
 46
0.0
 71
     5
 72
     5
  1
D
  7
JetBrains Mono
 73
     2
 44
1.0
 90
        3
 63
     9
421
 13158600
 45
1.25
441
        0
1001
REVIT
1002
{
1070
     1
1000
354163
1002
}
1002
{
1070
     5
1000
341
1002
}
1002
{
1070
     2
1000
-2006040
1002
}
  0
LINE
  5
93B4
330
70
100
AcDbEntity
  8
CH-GRID
  6
Grid Line
 48
50.0
100
AcDbLine
 10
83662.87731910443
 20
10999.99999999989
 30
0.0
 11
49724.62587833637
 21
11000.0
 31
0.0
1001
REVIT
1002
{
1070
     1
1000
354163
1002
}
1002
{
1070
     5
1000
341
1002
}
1002
{
1070
     2
1000
-2000220
1002
}
  0
MTEXT
  5
93B6
330
70
100
AcDbEntity
  8
CH-GRID-MARK
100
AcDbMText
 10
49435.55063729016
 20
26301.52503473708
 30
0.0
 40
200.0
 41
128.2699999999999
 46
0.0
 71
     5
 72
     5
  1
H
  7
JetBrains Mono
 73
     2
 44
1.0
 90
        3
 63
     9
421
 13158600
 45
1.25
441
        0
1001
REVIT
1002
{
1070
     1
1000
354245
1002
}
1002
{
1070
     5
1000
341
1002
}
1002
{
1070
     2
1000
-2006040
1002
}
  0
LINE
  5
93B7
330
70
100
AcDbEntity
  8
CH-GRID
  6
Grid Line
 48
50.0
100
AcDbLine
 10
83662.87731910443
 20
26299.99999999991
 30
0.0
 11
49724.62587833637
 21
26299.99999999999
 31
0.0
1001
REVIT
1002
{
1070
     1
1000
354245
1002
}
1002
{
1070
     5
1000
341
1002
}
1002
{
1070
     2
1000
-2000220
1002
}
  0
MTEXT
  5
93B9
330
70
100
AcDbEntity
  8
CH-GRID-MARK
100
AcDbMText
 10
49435.55063729016
 20
23001.52503473708
 30
0.0
 40
200.0
 41
128.2699999999999
 46
0.0
 71
     5
 72
     5
  1
G
  7
JetBrains Mono
 73
     2
 44
1.0
 90
        3
 63
     9
421
 13158600
 45
1.25
441
        0
1001
REVIT
1002
{
1070
     1
1000
354246
1002
}
1002
{
1070
     5
1000
341
1002
}
1002
{
1070
     2
1000
-2006040
1002
}
  0
LINE
  5
93BA
330
70
100
AcDbEntity
  8
CH-GRID
  6
Grid Line
 48
50.0
100
AcDbLine
 10
83662.87731910443
 20
22999.9999999999
 30
0.0
 11
49724.62587833637
 21
23000.0
 31
0.0
1001
REVIT
1002
{
1070
     1
1000
354246
1002
}
1002
{
1070
     5
1000
341
1002
}
1002
{
1070
     2
1000
-2000220
1002
}
  0
MTEXT
  5
93BC
330
70
100
AcDbEntity
  8
CH-GRID-MARK
100
AcDbMText
 10
49435.55063729016
 20
18001.52503473708
 30
0.0
 40
200.0
 41
128.2699999999999
 46
0.0
 71
     5
 72
     5
  1
F
  7
JetBrains Mono
 73
     2
 44
1.0
 90
        3
 63
     9
421
 13158600
 45
1.25
441
        0
1001
REVIT
1002
{
1070
     1
1000
354247
1002
}
1002
{
1070
     5
1000
341
1002
}
1002
{
1070
     2
1000
-2006040
1002
}
  0
LINE
  5
93BD
330
70
100
AcDbEntity
  8
CH-GRID
  6
Grid Line
 48
50.0
100
AcDbLine
 10
83662.87731910443
 20
17999.99999999989
 30
0.0
 11
49724.62587833637
 21
18000.0
 31
0.0
1001
REVIT
1002
{
1070
     1
1000
354247
1002
}
1002
{
1070
     5
1000
341
1002
}
1002
{
1070
     2
1000
-2000220
1002
}
  0
MTEXT
  5
93BF
330
70
100
AcDbEntity
  8
CH-GRID-MARK
100
AcDbMText
 10
49435.55063729016
 20
15001.52503473708
 30
0.0
 40
200.0
 41
128.2699999999999
 46
0.0
 71
     5
 72
     5
  1
E
  7
JetBrains Mono
 73
     2
 44
1.0
 90
        3
 63
     9
421
 13158600
 45
1.25
441
        0
1001
REVIT
1002
{
1070
     1
1000
354248
1002
}
1002
{
1070
     5
1000
341
1002
}
1002
{
1070
     2
1000
-2006040
1002
}
  0
LINE
  5
93C0
330
70
100
AcDbEntity
  8
CH-GRID
  6
Grid Line
 48
50.0
100
AcDbLine
 10
83662.87731910443
 20
14999.99999999989
 30
0.0
 11
49724.62587833637
 21
15000.0
 31
0.0
1001
REVIT
1002
{
1070
     1
1000
354248
1002
}
1002
{
1070
     5
1000
341
1002
}
1002
{
1070
     2
1000
-2000220
1002
}
  0
MTEXT
  5
9444
330
70
100
AcDbEntity
  8
CH-GRID-MARK
100
AcDbMText
 10
49435.55063729016
 20
27701.52503473708
 30
0.0
 40
200.0
 41
128.2699999999999
 46
0.0
 71
     5
 72
     5
  1
I
  7
JetBrains Mono
 73
     2
 44
1.0
 90
        3
 63
     9
421
 13158600
 45
1.25
441
        0
1001
REVIT
1002
{
1070
     1
1000
371211
1002
}
1002
{
1070
     5
1000
341
1002
}
1002
{
1070
     2
1000
-2006040
1002
}
  0
LINE
  5
9445
330
70
100
AcDbEntity
  8
CH-GRID
  6
Grid Line
 48
50.0
100
AcDbLine
 10
83662.87731910443
 20
27699.99999999991
 30
0.0
 11
49724.62587833637
 21
27700.0
 31
0.0
1001
REVIT
1002
{
1070
     1
1000
371211
1002
}
1002
{
1070
     5
1000
341
1002
}
1002
{
1070
     2
1000
-2000220
1002
}
  0
LWPOLYLINE
  5
9452
330
70
100
AcDbEntity
  8
0-Boundary
100
AcDbPolyline
 90
        4
 70
     1
 43
0.0
 10
42681.4397360552
 20
35181.30266530842
 10
90020.24930919844
 20
35181.30266530842
 10
90020.24930919844
 20
-12551.84565144902
 10
42681.4397360552
 20
-12551.84565144902
  0
POINT
  5
9453
330
70
100
AcDbEntity
  8
0-Origin
100
AcDbPoint
 10
61560.46587605503
 20
26149.99999999999
 30
0.0
  0
LWPOLYLINE
  5
9A24
330
70
100
AcDbEntity
  8
CH-S-FND
100
AcDbPolyline
 90
        4
 70
     1
 43
0.0
 10
-2966.656838306491
 20
28699.99999999994
 10
2233.343161693512
 20
28699.99999999994
 10
2233.343161693515
 20
22049.99999999999
 10
-2966.656838306489
 20
22049.99999999999
  0
LWPOLYLINE
  5
9A26
330
70
100
AcDbEntity
  8
CH-S-FND
100
AcDbPolyline
 90
        4
 70
     1
 43
0.0
 10
22333.34316169352
 20
28699.99999999996
 10
27533.34316169352
 20
28699.99999999996
 10
27533.34316169353
 20
22049.99999999996
 10
22333.34316169352
 20
22049.99999999996
  0
LWPOLYLINE
  5
9DBE
330
70
100
AcDbEntity
  8
CH-S-FND
100
AcDbPolyline
 90
        4
 70
     1
 43
0.0
 10
-2966.65683830661
 20
3949.999999999985
 10
2233.343161693393
 20
3949.999999999988
 10
2233.343161693396
 20
-1250.000000000035
 10
-2966.656838306607
 20
-1250.000000000039
  0
LWPOLYLINE
  5
9DBF
330
70
100
AcDbEntity
  8
CH-S-FND
100
AcDbPolyline
 90
        4
 70
     1
 43
0.0
 10
22333.34316169342
 20
3950.000000000004
 10
27533.34316169343
 20
3950.000000000006
 10
27533.34316169341
 20
-1250.000000000068
 10
22333.3431616934
 20
-1250.000000000071
  0
LWPOLYLINE
  5
9FAA
330
70
100
AcDbEntity
  8
CH-S-FND
100
AcDbPolyline
 90
        4
 70
     1
 43
0.0
 10
-2966.656838306614
 20
11949.99999999998
 10
2233.343161693493
 20
11949.99999999998
 10
2233.343161693503
 20
7049.999999999993
 10
-2966.656838306603
 20
7049.999999999989
  0
LWPOLYLINE
  5
9FE4
330
70
100
AcDbEntity
  8
CH-S-FND
100
AcDbPolyline
 90
        4
 70
     1
 43
0.0
 10
-2966.656838306591
 20
18949.99999999997
 10
2233.343161693515
 20
18949.99999999997
 10
2233.343161693525
 20
14049.99999999998
 10
-2966.656838306581
 20
14049.99999999998
  0
LWPOLYLINE
  5
A003
330
70
100
AcDbEntity
  8
CH-S-FND
100
AcDbPolyline
 90
        4
 70
     1
 43
0.0
 10
22333.34316169342
 20
18949.99999999991
 10
27533.34316169353
 20
18949.99999999992
 10
27533.34316169353
 20
14049.99999999992
 10
22333.34316169342
 20
14049.99999999992
  0
LWPOLYLINE
  5
A043
330
70
100
AcDbEntity
  8
CH-S-FND
100
AcDbPolyline
 90
        4
 70
     1
 43
0.0
 10
22333.3431616934
 20
11949.99999999991
 10
27533.3431616935
 20
11949.99999999991
 10
27533.34316169351
 20
7049.999999999922
 10
22333.3431616934
 20
7049.999999999918
  0
LINE
  5
A1C0
330
70
100
AcDbEntity
  8
CH-CUTOUT
  6
HIDDEN
 48
50.0
100
AcDbLine
 10
10533.34316169352
 20
21649.99999999999
 30
0.0
 11
14033.34316169251
 21
15949.99999999995
 31
0.0
  0
LINE
  5
A1C1
330
70
100
AcDbEntity
  8
CH-CUTOUT
  6
HIDDEN
 48
50.0
100
AcDbLine
 10
10533.34316169352
 20
15949.99999999995
 30
0.0
 11
14033.34316169399
 21
21649.99999999999
 31
0.0
  0
LINE
  5
A1C6
330
70
100
AcDbEntity
  8
CH-CUTOUT
  6
HIDDEN
 48
50.0
100
AcDbLine
 10
10533.34316169289
 20
10050.00000000003
 30
0.0
 11
14033.34316169188
 21
4349.999999999989
 31
0.0
  0
LINE
  5
A1C7
330
70
100
AcDbEntity
  8
CH-CUTOUT
  6
HIDDEN
 48
50.0
100
AcDbLine
 10
10533.34316169289
 20
4349.999999999989
 30
0.0
 11
14033.34316169336
 21
10050.00000000003
 31
0.0
  0
LWPOLYLINE
  5
B82A
330
70
100
AcDbEntity
  8
CH-S-COLUMN
100
AcDbPolyline
 90
        4
 70
     1
 43
0.0
 10
-2166.656838306481
 20
25549.99999999999
 10
-1866.65683830648
 20
25549.99999999999
 10
-1866.65683830648
 20
26449.99999999999
 10
-2166.656838306481
 20
26449.99999999999
  0
LWPOLYLINE
  5
B82B
330
70
100
AcDbEntity
  8
CH-S-COLUMN
100
AcDbPolyline
 90
        4
 70
     1
 43
0.0
 10
833.3431616935193
 20
26149.99999999999
 10
1733.343161693519
 20
26149.99999999999
 10
1733.343161693519
 20
26449.99999999999
 10
833.3431616935193
 20
26449.99999999999
  0
LWPOLYLINE
  5
B82C
330
70
100
AcDbEntity
  8
CH-S-COLUMN
100
AcDbPolyline
 90
        4
 70
     1
 43
0.0
 10
-2166.656838306481
 20
22549.99999999999
 10
-1866.65683830648
 20
22549.99999999999
 10
-1866.65683830648
 20
23449.99999999999
 10
-2166.656838306481
 20
23449.99999999999
  0
LWPOLYLINE
  5
B82D
330
70
100
AcDbEntity
  8
CH-S-COLUMN
100
AcDbPolyline
 90
        4
 70
     1
 43
0.0
 10
833.3431616935193
 20
22849.99999999999
 10
1733.343161693519
 20
22849.99999999999
 10
1733.343161693519
 20
23149.99999999999
 10
833.3431616935193
 20
23149.99999999999
  0
LWPOLYLINE
  5
B82E
330
70
100
AcDbEntity
  8
CH-S-COLUMN
100
AcDbPolyline
 90
        4
 70
     1
 43
0.0
 10
-2166.656838306503
 20
18449.99999999998
 10
-1866.656838306502
 20
18449.99999999998
 10
-1866.656838306502
 20
17549.99999999998
 10
-2166.656838306503
 20
17549.99999999998
  0
LWPOLYLINE
  5
B82F
330
70
100
AcDbEntity
  8
CH-S-COLUMN
100
AcDbPolyline
 90
        4
 70
     1
 43
0.0
 10
833.3431616935049
 20
17849.99999999998
 10
1733.343161693519
 20
17849.99999999998
 10
1733.343161693519
 20
18149.99999999997
 10
833.3431616935049
 20
18149.99999999997
  0
LWPOLYLINE
  5
B830
330
70
100
AcDbEntity
  8
CH-S-COLUMN
100
AcDbPolyline
 90
        4
 70
     1
 43
0.0
 10
-2166.656838306503
 20
15449.99999999998
 10
-1866.656838306502
 20
15449.99999999998
 10
-1866.656838306502
 20
14549.99999999998
 10
-2166.656838306503
 20
14549.99999999998
  0
LWPOLYLINE
  5
B831
330
70
100
AcDbEntity
  8
CH-S-COLUMN
100
AcDbPolyline
 90
        4
 70
     1
 43
0.0
 10
833.3431616935049
 20
14849.99999999998
 10
1733.343161693519
 20
14849.99999999998
 10
1733.343161693519
 20
15149.99999999998
 10
833.3431616935049
 20
15149.99999999998
  0
LWPOLYLINE
  5
B832
330
70
100
AcDbEntity
  8
CH-S-COLUMN
100
AcDbPolyline
 90
        4
 70
     1
 43
0.0
 10
-2166.656838306503
 20
11450.0
 10
-1866.656838306502
 20
11450.0
 10
-1866.656838306502
 20
10549.99999999999
 10
-2166.656838306503
 20
10549.99999999999
  0
LWPOLYLINE
  5
B833
330
70
100
AcDbEntity
  8
CH-S-COLUMN
100
AcDbPolyline
 90
        4
 70
     1
 43
0.0
 10
833.3431616934973
 20
10849.99999999999
 10
1733.343161693498
 20
10849.99999999999
 10
1733.343161693498
 20
11149.99999999997
 10
833.3431616934973
 20
11149.99999999997
  0
LWPOLYLINE
  5
B834
330
70
100
AcDbEntity
  8
CH-S-COLUMN
100
AcDbPolyline
 90
        4
 70
     1
 43
0.0
 10
-2166.65683830651
 20
7550.0
 10
-1866.656838306502
 20
7550.0
 10
-1866.656838306502
 20
8450.0
 10
-2166.65683830651
 20
8450.0
  0
LWPOLYLINE
  5
B835
330
70
100
AcDbEntity
  8
CH-S-COLUMN
100
AcDbPolyline
 90
        4
 70
     1
 43
0.0
 10
833.3431616934904
 20
8149.999999999987
 10
1733.34316169349
 20
8149.999999999987
 10
1733.34316169349
 20
7849.999999999979
 10
833.3431616934904
 20
7849.999999999979
  0
LWPOLYLINE
  5
B836
330
70
100
AcDbEntity
  8
CH-S-COLUMN
100
AcDbPolyline
 90
        4
 70
     1
 43
0.0
 10
-2166.65683830651
 20
3450.0
 10
-1866.656838306502
 20
3450.0
 10
-1866.656838306502
 20
2550.0
 10
-2166.65683830651
 20
2550.0
  0
LWPOLYLINE
  5
B837
330
70
100
AcDbEntity
  8
CH-S-COLUMN
100
AcDbPolyline
 90
        4
 70
     1
 43
0.0
 10
833.3431616934685
 20
2849.999999999985
 10
1733.34316169349
 20
2849.999999999985
 10
1733.34316169349
 20
3149.999999999979
 10
833.3431616934685
 20
3149.999999999979
  0
LWPOLYLINE
  5
B838
330
70
100
AcDbEntity
  8
CH-S-COLUMN
100
AcDbPolyline
 90
        4
 70
     1
 43
0.0
 10
-2166.656838306531
 20
450.0
 10
-1866.656838306524
 20
449.9999999999998
 10
-1866.656838306524
 20
-450.0000000000071
 10
-2166.656838306531
 20
-450.000000000007
  0
LWPOLYLINE
  5
B839
330
70
100
AcDbEntity
  8
CH-S-COLUMN
100
AcDbPolyline
 90
        4
 70
     1
 43
0.0
 10
833.3431616934685
 20
-150.0000000000145
 10
1733.343161693476
 20
-150.0000000000145
 10
1733.343161693476
 20
-450.0000000000218
 10
833.3431616934685
 20
-450.0000000000218
  0
CIRCLE
  5
B83A
330
70
100
AcDbEntity
  8
CH-S-COLUMN
100
AcDbCircle
 10
-2016.656838306484
 20
27699.99999999999
 30
0.0
 40
299.999999999998
  0
CIRCLE
  5
B83B
330
70
100
AcDbEntity
  8
CH-S-COLUMN
100
AcDbCircle
 10
1283.343161693527
 20
27699.99999999998
 30
0.0
 40
374.9999999999959
  0
CIRCLE
  5
B83C
330
70
100
AcDbEntity
  8
CH-S-COLUMN
100
AcDbCircle
 10
6283.343161693527
 20
27699.99999999996
 30
0.0
 40
449.9999999999927
  0
CIRCLE
  5
B83D
330
70
100
AcDbEntity
  8
CH-S-COLUMN
100
AcDbCircle
 10
9283.343161693515
 20
27699.99999999996
 30
0.0
 40
449.9999999999982
  0
LWPOLYLINE
  5
B83E
330
70
100
AcDbEntity
  8
CH-S-COLUMN
100
AcDbPolyline
 90
        4
 70
     1
 43
0.0
 10
14908.34316169352
 20
28149.99999999996
 10
15658.34316169351
 20
28149.99999999996
 10
15658.34316169351
 20
27249.99999999993
 10
14908.34316169352
 20
27249.99999999993
  0
LWPOLYLINE
  5
B83F
330
70
100
AcDbEntity
  8
CH-S-COLUMN
100
AcDbPolyline
 90
        4
 70
     1
 43
0.0
 10
17699.9800672146
 20
27753.03300858896
 10
18230.31015310452
 20
28283.36309447885
 10
18866.70625617241
 20
27646.96699141091
 10
18336.3761702825
 20
27116.63690552103
  0
LWPOLYLINE
  5
B840
330
70
100
AcDbEntity
  8
CH-S-COLUMN
100
AcDbPolyline
 90
        4
 70
     1
 43
0.0
 10
22806.04608439265
 20
27753.03300858898
 10
23230.31015310454
 20
28177.29707730084
 10
23760.64023899445
 20
27646.96699141091
 10
23336.37617028256
 20
27222.70292269905
  0
LWPOLYLINE
  5
B841
330
70
100
AcDbEntity
  8
CH-S-COLUMN
100
AcDbPolyline
 90
        4
 70
     1
 43
0.0
 10
26159.0790929816
 20
27699.99999999994
 10
26583.3431616935
 20
28124.2640687118
 10
27007.60723040542
 20
27699.99999999984
 10
26583.34316169353
 20
27275.73593128798
  0
LWPOLYLINE
  5
B842
330
70
100
AcDbEntity
  8
CH-S-COLUMN
100
AcDbPolyline
 90
        4
 70
     1
 43
0.0
 10
6133.343161693563
 20
26149.99999999999
 10
6433.343161693563
 20
26149.99999999999
 10
6433.343161693563
 20
22850.0
 10
6133.343161693563
 20
22850.0
  0
LWPOLYLINE
  5
B843
330
70
100
AcDbEntity
  8
CH-S-COLUMN
100
AcDbPolyline
 90
        4
 70
     1
 43
0.0
 10
9133.343161693565
 20
26149.99999999999
 10
9433.34316169356
 20
26149.99999999999
 10
9433.34316169356
 20
22849.99999999999
 10
9133.343161693565
 20
22849.99999999999
  0
LWPOLYLINE
  5
B844
330
70
100
AcDbEntity
  8
CH-S-COLUMN
100
AcDbPolyline
 90
        4
 70
     1
 43
0.0
 10
15133.34316169356
 20
26149.99999999997
 10
15433.34316169356
 20
26149.99999999997
 10
15433.34316169356
 20
22849.99999999997
 10
15133.34316169356
 20
22849.99999999997
  0
LWPOLYLINE
  5
B845
330
70
100
AcDbEntity
  8
CH-S-COLUMN
100
AcDbPolyline
 90
        4
 70
     1
 43
0.0
 10
18133.34316169356
 20
26149.99999999997
 10
18433.34316169358
 20
26149.99999999997
 10
18433.34316169358
 20
22849.99999999997
 10
18133.34316169356
 20
22849.99999999997
  0
LWPOLYLINE
  5
B846
330
70
100
AcDbEntity
  8
CH-S-COLUMN
100
AcDbPolyline
 90
        4
 70
     1
 43
0.0
 10
18433.34316169361
 20
26149.99999999997
 10
6133.343161693577
 20
26149.99999999997
 10
6133.343161693577
 20
26449.99999999999
 10
18433.34316169361
 20
26449.99999999999
  0
LWPOLYLINE
  5
B847
330
70
100
AcDbEntity
  8
CH-S-COLUMN
100
AcDbPolyline
 90
        4
 70
     1
 43
0.0
 10
22833.34316169352
 20
26449.99999999992
 10
23733.34316169352
 20
26449.99999999992
 10
23733.34316169352
 20
26149.99999999992
 10
22833.34316169352
 20
26149.99999999992
  0
LWPOLYLINE
  5
B848
330
70
100
AcDbEntity
  8
CH-S-COLUMN
100
AcDbPolyline
 90
        4
 70
     1
 43
0.0
 10
26433.34316169352
 20
26449.99999999991
 10
26733.34316169353
 20
26449.99999999991
 10
26733.34316169353
 20
25549.99999999991
 10
26433.34316169352
 20
25549.99999999991
  0
LWPOLYLINE
  5
B849
330
70
100
AcDbEntity
  8
CH-S-COLUMN
100
AcDbPolyline
 90
        4
 70
     1
 43
0.0
 10
22833.34316169352
 20
23149.99999999992
 10
23733.34316169352
 20
23149.99999999992
 10
23733.34316169352
 20
22849.99999999991
 10
22833.34316169352
 20
22849.99999999991
  0
LWPOLYLINE
  5
B84A
330
70
100
AcDbEntity
  8
CH-S-COLUMN
100
AcDbPolyline
 90
        4
 70
     1
 43
0.0
 10
26433.34316169352
 20
23449.99999999991
 10
26733.34316169352
 20
23449.99999999991
 10
26733.34316169352
 20
22549.99999999991
 10
26433.34316169352
 20
22549.99999999991
  0
LWPOLYLINE
  5
B84B
330
70
100
AcDbEntity
  8
CH-S-COLUMN
100
AcDbPolyline
 90
        4
 70
     1
 43
0.0
 10
22833.34316169352
 20
18149.99999999991
 10
23733.34316169352
 20
18149.99999999991
 10
23733.34316169352
 20
17849.99999999991
 10
22833.34316169352
 20
17849.99999999991
  0
LWPOLYLINE
  5
B84C
330
70
100
AcDbEntity
  8
CH-S-COLUMN
100
AcDbPolyline
 90
        4
 70
     1
 43
0.0
 10
26433.34316169352
 20
18449.9999999999
 10
26733.34316169352
 20
18449.9999999999
 10
26733.34316169352
 20
17549.9999999999
 10
26433.34316169352
 20
17549.9999999999
  0
LWPOLYLINE
  5
B84D
330
70
100
AcDbEntity
  8
CH-S-COLUMN
100
AcDbPolyline
 90
        4
 70
     1
 43
0.0
 10
22833.34316169352
 20
15149.99999999991
 10
23733.34316169352
 20
15149.99999999991
 10
23733.34316169352
 20
14849.9999999999
 10
22833.34316169352
 20
14849.9999999999
  0
LWPOLYLINE
  5
B84E
330
70
100
AcDbEntity
  8
CH-S-COLUMN
100
AcDbPolyline
 90
        4
 70
     1
 43
0.0
 10
26433.34316169352
 20
15449.9999999999
 10
26733.34316169352
 20
15449.9999999999
 10
26733.34316169352
 20
14549.9999999999
 10
26433.34316169352
 20
14549.9999999999
  0
LWPOLYLINE
  5
B84F
330
70
100
AcDbEntity
  8
CH-S-COLUMN
100
AcDbPolyline
 90
        4
 70
     1
 43
0.0
 10
22833.34316169352
 20
11149.99999999991
 10
23733.34316169352
 20
11149.99999999991
 10
23733.34316169352
 20
10849.99999999991
 10
22833.34316169352
 20
10849.99999999991
  0
LWPOLYLINE
  5
B850
330
70
100
AcDbEntity
  8
CH-S-COLUMN
100
AcDbPolyline
 90
        4
 70
     1
 43
0.0
 10
26433.34316169352
 20
11449.9999999999
 10
26733.34316169352
 20
11449.9999999999
 10
26733.34316169352
 20
10549.9999999999
 10
26433.34316169352
 20
10549.9999999999
  0
LWPOLYLINE
  5
B851
330
70
100
AcDbEntity
  8
CH-S-COLUMN
100
AcDbPolyline
 90
        4
 70
     1
 43
0.0
 10
22833.34316169349
 20
8149.999999999913
 10
23733.34316169352
 20
8149.999999999913
 10
23733.34316169352
 20
7849.999999999913
 10
22833.34316169349
 20
7849.999999999913
  0
LWPOLYLINE
  5
B852
330
70
100
AcDbEntity
  8
CH-S-COLUMN
100
AcDbPolyline
 90
        4
 70
     1
 43
0.0
 10
26433.34316169352
 20
8449.999999999898
 10
26733.34316169352
 20
8449.999999999898
 10
26733.34316169352
 20
7549.999999999897
 10
26433.34316169352
 20
7549.999999999897
  0
LWPOLYLINE
  5
B853
330
70
100
AcDbEntity
  8
CH-S-COLUMN
100
AcDbPolyline
 90
        4
 70
     1
 43
0.0
 10
22833.34316169349
 20
3149.99999999992
 10
23733.34316169349
 20
3149.99999999992
 10
23733.34316169349
 20
2849.999999999912
 10
22833.34316169349
 20
2849.999999999912
  0
LWPOLYLINE
  5
B854
330
70
100
AcDbEntity
  8
CH-S-COLUMN
100
AcDbPolyline
 90
        4
 70
     1
 43
0.0
 10
22833.34316169349
 20
-150.0000000000873
 10
23733.34316169349
 20
-150.0000000000873
 10
23733.34316169349
 20
-450.0000000000873
 10
22833.34316169349
 20
-450.0000000000873
  0
LWPOLYLINE
  5
B855
330
70
100
AcDbEntity
  8
CH-S-COLUMN
100
AcDbPolyline
 90
        4
 70
     1
 43
0.0
 10
26433.34316169349
 20
3449.999999999906
 10
26733.34316169349
 20
3449.999999999906
 10
26733.34316169349
 20
2549.999999999906
 10
26433.34316169349
 20
2549.999999999906
  0
LWPOLYLINE
  5
B856
330
70
100
AcDbEntity
  8
CH-S-COLUMN
100
AcDbPolyline
 90
        4
 70
     1
 43
0.0
 10
26433.34316169349
 20
449.9999999999054
 10
26733.34316169349
 20
449.9999999999054
 10
26733.34316169349
 20
-450.0000000000945
 10
26433.34316169349
 20
-450.0000000000945
  0
LWPOLYLINE
  5
B857
330
70
100
AcDbEntity
  8
CH-S-COLUMN
100
AcDbPolyline
 90
        4
 70
     1
 43
0.0
 10
6133.34316169349
 20
3149.999999999949
 10
6433.343161693477
 20
3149.999999999949
 10
6433.343161693477
 20
-150.0000000000291
 10
6133.34316169349
 20
-150.0000000000291
  0
LWPOLYLINE
  5
B858
330
70
100
AcDbEntity
  8
CH-S-COLUMN
100
AcDbPolyline
 90
        4
 70
     1
 43
0.0
 10
9133.34316169349
 20
3149.999999999949
 10
9433.343161693477
 20
3149.999999999949
 10
9433.343161693477
 20
-150.0000000000436
 10
9133.34316169349
 20
-150.0000000000436
  0
LWPOLYLINE
  5
B859
330
70
100
AcDbEntity
  8
CH-S-COLUMN
100
AcDbPolyline
 90
        4
 70
     1
 43
0.0
 10
15133.34316169349
 20
3149.999999999927
 10
15433.34316169346
 20
3149.999999999927
 10
15433.34316169346
 20
-150.00000000008
 10
15133.34316169349
 20
-150.00000000008
  0
LWPOLYLINE
  5
B85A
330
70
100
AcDbEntity
  8
CH-S-COLUMN
100
AcDbPolyline
 90
        4
 70
     1
 43
0.0
 10
18133.34316169349
 20
3149.999999999913
 10
18433.34316169347
 20
3149.999999999913
 10
18433.34316169347
 20
-150.0000000000946
 10
18133.34316169349
 20
-150.0000000000946
  0
LWPOLYLINE
  5
B85B
330
70
100
AcDbEntity
  8
CH-S-COLUMN
100
AcDbPolyline
 90
        4
 70
     1
 43
0.0
 10
18433.34316169347
 20
-150.0000000000946
 10
6133.34316169349
 20
-150.0000000000946
 10
6133.34316169349
 20
-450.0000000000291
 10
18433.34316169347
 20
-450.0000000000291
  0
LWPOLYLINE
  5
B85C
330
70
100
AcDbEntity
  8
CH-S-COLUMN
100
AcDbPolyline
 90
        4
 70
     1
 43
0.0
 10
5833.34316169352
 20
18149.99999999995
 10
6733.34316169352
 20
18149.99999999995
 10
6733.34316169352
 20
17849.99999999995
 10
5833.34316169352
 20
17849.99999999995
  0
LWPOLYLINE
  5
B85D
330
70
100
AcDbEntity
  8
CH-S-COLUMN
100
AcDbPolyline
 90
        4
 70
     1
 43
0.0
 10
8833.343161693521
 20
18149.99999999995
 10
9733.343161693522
 20
18149.99999999995
 10
9733.343161693522
 20
17849.99999999995
 10
8833.343161693521
 20
17849.99999999995
  0
LWPOLYLINE
  5
B85E
330
70
100
AcDbEntity
  8
CH-S-COLUMN
100
AcDbPolyline
 90
        4
 70
     1
 43
0.0
 10
14833.34316169349
 20
18149.99999999913
 10
15733.34316169349
 20
18149.99999999913
 10
15733.34316169349
 20
17849.99999999913
 10
14833.34316169349
 20
17849.99999999913
  0
LWPOLYLINE
  5
B85F
330
70
100
AcDbEntity
  8
CH-S-COLUMN
100
AcDbPolyline
 90
        4
 70
     1
 43
0.0
 10
17833.34316169352
 20
18149.99999999992
 10
18733.34316169352
 20
18149.99999999992
 10
18733.34316169352
 20
17849.99999999992
 10
17833.34316169352
 20
17849.99999999992
  0
LWPOLYLINE
  5
B860
330
70
100
AcDbEntity
  8
CH-S-COLUMN
100
AcDbPolyline
 90
        4
 70
     1
 43
0.0
 10
5833.34316169352
 20
15149.99999999995
 10
6733.34316169352
 20
15149.99999999995
 10
6733.34316169352
 20
14849.99999999995
 10
5833.34316169352
 20
14849.99999999995
  0
LWPOLYLINE
  5
B861
330
70
100
AcDbEntity
  8
CH-S-COLUMN
100
AcDbPolyline
 90
        4
 70
     1
 43
0.0
 10
8833.343161693521
 20
15149.99999999995
 10
9733.343161693522
 20
15149.99999999995
 10
9733.343161693522
 20
14849.99999999995
 10
8833.343161693521
 20
14849.99999999995
  0
LWPOLYLINE
  5
B862
330
70
100
AcDbEntity
  8
CH-S-COLUMN
100
AcDbPolyline
 90
        4
 70
     1
 43
0.0
 10
14833.34316169349
 20
15149.99999999913
 10
15733.34316169349
 20
15149.99999999913
 10
15733.34316169349
 20
14849.99999999913
 10
14833.34316169349
 20
14849.99999999913
  0
LWPOLYLINE
  5
B863
330
70
100
AcDbEntity
  8
CH-S-COLUMN
100
AcDbPolyline
 90
        4
 70
     1
 43
0.0
 10
17833.34316169352
 20
15149.99999999992
 10
18733.34316169352
 20
15149.99999999992
 10
18733.34316169352
 20
14849.99999999992
 10
17833.34316169352
 20
14849.99999999992
  0
LWPOLYLINE
  5
B864
330
70
100
AcDbEntity
  8
CH-S-COLUMN
100
AcDbPolyline
 90
        4
 70
     1
 43
0.0
 10
5833.34316169352
 20
11149.99999999995
 10
6733.34316169352
 20
11149.99999999995
 10
6733.34316169352
 20
10849.99999999996
 10
5833.34316169352
 20
10849.99999999996
  0
LWPOLYLINE
  5
B865
330
70
100
AcDbEntity
  8
CH-S-COLUMN
100
AcDbPolyline
 90
        4
 70
     1
 43
0.0
 10
8833.343161693521
 20
11149.99999999995
 10
9733.343161693522
 20
11149.99999999995
 10
9733.343161693522
 20
10849.99999999996
 10
8833.343161693521
 20
10849.99999999996
  0
LWPOLYLINE
  5
B866
330
70
100
AcDbEntity
  8
CH-S-COLUMN
100
AcDbPolyline
 90
        4
 70
     1
 43
0.0
 10
14833.34316169349
 20
11149.99999999914
 10
15733.34316169349
 20
11149.99999999914
 10
15733.34316169349
 20
10849.99999999914
 10
14833.34316169349
 20
10849.99999999914
  0
LWPOLYLINE
  5
B867
330
70
100
AcDbEntity
  8
CH-S-COLUMN
100
AcDbPolyline
 90
        4
 70
     1
 43
0.0
 10
17833.34316169352
 20
11149.99999999993
 10
18733.34316169352
 20
11149.99999999993
 10
18733.34316169352
 20
10849.99999999993
 10
17833.34316169352
 20
10849.99999999993
  0
LWPOLYLINE
  5
B868
330
70
100
AcDbEntity
  8
CH-S-COLUMN
100
AcDbPolyline
 90
        4
 70
     1
 43
0.0
 10
5833.34316169352
 20
8149.999999999968
 10
6733.34316169352
 20
8149.999999999968
 10
6733.34316169352
 20
7849.999999999967
 10
5833.34316169352
 20
7849.999999999967
  0
LWPOLYLINE
  5
B869
330
70
100
AcDbEntity
  8
CH-S-COLUMN
100
AcDbPolyline
 90
        4
 70
     1
 43
0.0
 10
8833.343161693521
 20
8149.999999999968
 10
9733.343161693522
 20
8149.999999999968
 10
9733.343161693522
 20
7849.999999999967
 10
8833.343161693521
 20
7849.999999999967
  0
LWPOLYLINE
  5
B86A
330
70
100
AcDbEntity
  8
CH-S-COLUMN
100
AcDbPolyline
 90
        4
 70
     1
 43
0.0
 10
14833.34316169349
 20
8149.999999999151
 10
15733.34316169349
 20
8149.999999999151
 10
15733.34316169349
 20
7849.999999999147
 10
14833.34316169349
 20
7849.999999999147
  0
LWPOLYLINE
  5
B86B
330
70
100
AcDbEntity
  8
CH-S-COLUMN
100
AcDbPolyline
 90
        4
 70
     1
 43
0.0
 10
17833.34316169352
 20
8149.999999999934
 10
18733.34316169352
 20
8149.999999999934
 10
18733.34316169352
 20
7849.999999999934
 10
17833.34316169352
 20
7849.999999999934
  0
CIRCLE
  5
B870
330
70
100
AcDbEntity
  8
CH-GRID-MARK
100
AcDbCircle
 10
-2016.656838306531
 20
-4350.939450401405
 30
0.0
 40
300.0000000000002
1001
REVIT
1002
{
1070
     1
1000
353829
1002
}
1002
{
1070
     5
1000
341
1002
}
  0
CIRCLE
  5
B871
330
70
100
AcDbEntity
  8
CH-GRID-MARK
100
AcDbCircle
 10
1283.343161693446
 20
-4350.939450401411
 30
0.0
 40
300.0000000000002
1001
REVIT
1002
{
1070
     1
1000
353829
1002
}
1002
{
1070
     5
1000
341
1002
}
  0
CIRCLE
  5
B872
330
70
100
AcDbEntity
  8
CH-GRID-MARK
100
AcDbCircle
 10
6283.343161693449
 20
-4350.93945040142
 30
0.0
 40
300.0000000000002
1001
REVIT
1002
{
1070
     1
1000
353829
1002
}
1002
{
1070
     5
1000
341
1002
}
  0
CIRCLE
  5
B873
330
70
100
AcDbEntity
  8
CH-GRID-MARK
100
AcDbCircle
 10
9283.34316169345
 20
-4350.939450401427
 30
0.0
 40
300.0000000000002
1001
REVIT
1002
{
1070
     1
1000
353829
1002
}
1002
{
1070
     5
1000
341
1002
}
  0
CIRCLE
  5
B874
330
70
100
AcDbEntity
  8
CH-GRID-MARK
100
AcDbCircle
 10
15283.34316169346
 20
-4350.939450401433
 30
0.0
 40
300.0000000000002
1001
REVIT
1002
{
1070
     1
1000
353829
1002
}
1002
{
1070
     5
1000
341
1002
}
  0
CIRCLE
  5
B875
330
70
100
AcDbEntity
  8
CH-GRID-MARK
100
AcDbCircle
 10
18283.34316169346
 20
-4350.93945040144
 30
0.0
 40
300.0000000000002
1001
REVIT
1002
{
1070
     1
1000
353829
1002
}
1002
{
1070
     5
1000
341
1002
}
  0
CIRCLE
  5
B876
330
70
100
AcDbEntity
  8
CH-GRID-MARK
100
AcDbCircle
 10
23283.34316169346
 20
-4350.939450401448
 30
0.0
 40
300.0000000000002
1001
REVIT
1002
{
1070
     1
1000
353829
1002
}
1002
{
1070
     5
1000
341
1002
}
  0
CIRCLE
  5
B877
330
70
100
AcDbEntity
  8
CH-GRID-MARK
100
AcDbCircle
 10
26583.34316169346
 20
-4350.939450401448
 30
0.0
 40
300.0000000000002
1001
REVIT
1002
{
1070
     1
1000
353829
1002
}
1002
{
1070
     5
1000
341
1002
}
  0
CIRCLE
  5
B878
330
70
100
AcDbEntity
  8
CH-GRID-MARK
100
AcDbCircle
 10
-5702.496836025144
 20
-299.9999999999927
 30
0.0
 40
300.0000000000003
1001
REVIT
1002
{
1070
     1
1000
353829
1002
}
1002
{
1070
     5
1000
341
1002
}
  0
CIRCLE
  5
B879
330
70
100
AcDbEntity
  8
CH-GRID-MARK
100
AcDbCircle
 10
-5702.496836025144
 20
3000.000000000007
 30
0.0
 40
300.0000000000003
1001
REVIT
1002
{
1070
     1
1000
353829
1002
}
1002
{
1070
     5
1000
341
1002
}
  0
CIRCLE
  5
B87A
330
70
100
AcDbEntity
  8
CH-GRID-MARK
100
AcDbCircle
 10
-5702.496836025115
 20
8000.000000000007
 30
0.0
 40
300.0000000000003
1001
REVIT
1002
{
1070
     1
1000
353829
1002
}
1002
{
1070
     5
1000
341
1002
}
  0
CIRCLE
  5
B87B
330
70
100
AcDbEntity
  8
CH-GRID-MARK
100
AcDbCircle
 10
-5702.496836025101
 20
11000.0
 30
0.0
 40
300.0000000000003
1001
REVIT
1002
{
1070
     1
1000
353829
1002
}
1002
{
1070
     5
1000
341
1002
}
  0
CIRCLE
  5
B87C
330
70
100
AcDbEntity
  8
CH-GRID-MARK
100
AcDbCircle
 10
-5702.496836025058
 20
26299.99999999999
 30
0.0
 40
300.0000000000002
1001
REVIT
1002
{
1070
     1
1000
353829
1002
}
1002
{
1070
     5
1000
341
1002
}
  0
CIRCLE
  5
B87D
330
70
100
AcDbEntity
  8
CH-GRID-MARK
100
AcDbCircle
 10
-5702.49683602508
 20
22999.99999999998
 30
0.0
 40
300.0000000000002
1001
REVIT
1002
{
1070
     1
1000
353829
1002
}
1002
{
1070
     5
1000
341
1002
}
  0
CIRCLE
  5
B87E
330
70
100
AcDbEntity
  8
CH-GRID-MARK
100
AcDbCircle
 10
-5702.49683602508
 20
17999.99999999998
 30
0.0
 40
300.0000000000002
1001
REVIT
1002
{
1070
     1
1000
353829
1002
}
1002
{
1070
     5
1000
341
1002
}
  0
CIRCLE
  5
B87F
330
70
100
AcDbEntity
  8
CH-GRID-MARK
100
AcDbCircle
 10
-5702.496836025101
 20
14999.99999999999
 30
0.0
 40
300.0000000000002
1001
REVIT
1002
{
1070
     1
1000
353829
1002
}
1002
{
1070
     5
1000
341
1002
}
  0
CIRCLE
  5
B880
330
70
100
AcDbEntity
  8
CH-GRID-MARK
100
AcDbCircle
 10
-5702.49683602505
 20
27699.99999999999
 30
0.0
 40
300.0000000000002
1001
REVIT
1002
{
1070
     1
1000
353829
1002
}
1002
{
1070
     5
1000
341
1002
}
  0
CIRCLE
  5
B881
330
70
100
AcDbEntity
  8
CH-GRID-MARK
100
AcDbCircle
 10
53110.46587605493
 20
-4350.939450401405
 30
0.0
 40
300.0000000000002
1001
REVIT
1002
{
1070
     1
1000
353829
1002
}
1002
{
1070
     5
1000
341
1002
}
  0
CIRCLE
  5
B882
330
70
100
AcDbEntity
  8
CH-GRID-MARK
100
AcDbCircle
 10
56410.46587605487
 20
-4350.939450401411
 30
0.0
 40
300.0000000000002
1001
REVIT
1002
{
1070
     1
1000
353829
1002
}
1002
{
1070
     5
1000
341
1002
}
  0
CIRCLE
  5
B883
330
70
100
AcDbEntity
  8
CH-GRID-MARK
100
AcDbCircle
 10
61410.46587605487
 20
-4350.93945040142
 30
0.0
 40
300.0000000000002
1001
REVIT
1002
{
1070
     1
1000
353829
1002
}
1002
{
1070
     5
1000
341
1002
}
  0
CIRCLE
  5
B884
330
70
100
AcDbEntity
  8
CH-GRID-MARK
100
AcDbCircle
 10
64410.4658760549
 20
-4350.939450401427
 30
0.0
 40
300.0000000000002
1001
REVIT
1002
{
1070
     1
1000
353829
1002
}
1002
{
1070
     5
1000
341
1002
}
  0
CIRCLE
  5
B885
330
70
100
AcDbEntity
  8
CH-GRID-MARK
100
AcDbCircle
 10
70410.46587605492
 20
-4350.939450401433
 30
0.0
 40
300.0000000000002
1001
REVIT
1002
{
1070
     1
1000
353829
1002
}
1002
{
1070
     5
1000
341
1002
}
  0
CIRCLE
  5
B886
330
70
100
AcDbEntity
  8
CH-GRID-MARK
100
AcDbCircle
 10
73410.46587605492
 20
-4350.93945040144
 30
0.0
 40
300.0000000000002
1001
REVIT
1002
{
1070
     1
1000
353829
1002
}
1002
{
1070
     5
1000
341
1002
}
  0
CIRCLE
  5
B887
330
70
100
AcDbEntity
  8
CH-GRID-MARK
100
AcDbCircle
 10
78410.46587605492
 20
-4350.939450401448
 30
0.0
 40
300.0000000000002
1001
REVIT
1002
{
1070
     1
1000
353829
1002
}
1002
{
1070
     5
1000
341
1002
}
  0
CIRCLE
  5
B888
330
70
100
AcDbEntity
  8
CH-GRID-MARK
100
AcDbCircle
 10
81710.46587605491
 20
-4350.939450401448
 30
0.0
 40
300.0000000000002
1001
REVIT
1002
{
1070
     1
1000
353829
1002
}
1002
{
1070
     5
1000
341
1002
}
  0
CIRCLE
  5
B889
330
70
100
AcDbEntity
  8
CH-GRID-MARK
100
AcDbCircle
 10
49424.62587833631
 20
-299.9999999999927
 30
0.0
 40
300.0000000000003
1001
REVIT
1002
{
1070
     1
1000
353829
1002
}
1002
{
1070
     5
1000
341
1002
}
  0
CIRCLE
  5
B88A
330
70
100
AcDbEntity
  8
CH-GRID-MARK
100
AcDbCircle
 10
49424.62587833631
 20
3000.000000000007
 30
0.0
 40
300.0000000000003
1001
REVIT
1002
{
1070
     1
1000
353829
1002
}
1002
{
1070
     5
1000
341
1002
}
  0
CIRCLE
  5
B88B
330
70
100
AcDbEntity
  8
CH-GRID-MARK
100
AcDbCircle
 10
49424.62587833635
 20
8000.000000000007
 30
0.0
 40
300.0000000000003
1001
REVIT
1002
{
1070
     1
1000
353829
1002
}
1002
{
1070
     5
1000
341
1002
}
  0
CIRCLE
  5
B88C
330
70
100
AcDbEntity
  8
CH-GRID-MARK
100
AcDbCircle
 10
49424.62587833635
 20
11000.0
 30
0.0
 40
300.0000000000003
1001
REVIT
1002
{
1070
     1
1000
353829
1002
}
1002
{
1070
     5
1000
341
1002
}
  0
CIRCLE
  5
B88D
330
70
100
AcDbEntity
  8
CH-GRID-MARK
100
AcDbCircle
 10
49424.62587833639
 20
26299.99999999999
 30
0.0
 40
300.0000000000002
1001
REVIT
1002
{
1070
     1
1000
353829
1002
}
1002
{
1070
     5
1000
341
1002
}
  0
CIRCLE
  5
B88E
330
70
100
AcDbEntity
  8
CH-GRID-MARK
100
AcDbCircle
 10
49424.62587833636
 20
22999.99999999998
 30
0.0
 40
300.0000000000002
1001
REVIT
1002
{
1070
     1
1000
353829
1002
}
1002
{
1070
     5
1000
341
1002
}
  0
CIRCLE
  5
B88F
330
70
100
AcDbEntity
  8
CH-GRID-MARK
100
AcDbCircle
 10
49424.62587833636
 20
17999.99999999998
 30
0.0
 40
300.0000000000002
1001
REVIT
1002
{
1070
     1
1000
353829
1002
}
1002
{
1070
     5
1000
341
1002
}
  0
CIRCLE
  5
B890
330
70
100
AcDbEntity
  8
CH-GRID-MARK
100
AcDbCircle
 10
49424.62587833635
 20
14999.99999999999
 30
0.0
 40
300.0000000000002
1001
REVIT
1002
{
1070
     1
1000
353829
1002
}
1002
{
1070
     5
1000
341
1002
}
  0
CIRCLE
  5
B891
330
70
100
AcDbEntity
  8
CH-GRID-MARK
100
AcDbCircle
 10
49424.62587833642
 20
27699.99999999999
 30
0.0
 40
300.0000000000002
1001
REVIT
1002
{
1070
     1
1000
353829
1002
}
1002
{
1070
     5
1000
341
1002
}
  0
LWPOLYLINE
  5
CEBB
330
70
100
AcDbEntity
  8
CH-S-RAFT
100
AcDbPolyline
 90
        4
 70
     1
 43
0.0
 10
4933.343161693528
 20
29099.99999999994
 10
19633.34316169346
 20
29099.99999999994
 10
19633.34316169346
 20
-1650.000000000035
 10
4933.343161693528
 20
-1650.000000000036
  0
LWPOLYLINE
  5
CECE
330
70
100
AcDbEntity
  8
CH-S-RAFT-FOLD
100
AcDbPolyline
 90
        4
 70
     1
 43
0.0
 10
6433.343161693487
 20
2849.999999999969
 10
9133.343161693456
 20
2849.999999999969
 10
9133.343161693456
 20
-150.0000000000436
 10
6433.343161693487
 20
-150.0000000000436
  0
LWPOLYLINE
  5
CECF
330
70
100
AcDbEntity
  8
CH-S-RAFT-FOLD
100
AcDbPolyline
 90
        4
 70
     1
 43
0.0
 10
9433.343161693493
 20
2849.999999999955
 10
15133.34316169349
 20
2849.999999999955
 10
15133.34316169349
 20
-150.0000000000727
 10
9433.343161693493
 20
-150.0000000000727
  0
LWPOLYLINE
  5
CED0
330
70
100
AcDbEntity
  8
CH-S-RAFT-FOLD
100
AcDbPolyline
 90
        4
 70
     1
 43
0.0
 10
15433.34316169346
 20
2849.999999999886
 10
18133.34316169349
 20
2849.999999999886
 10
18133.34316169349
 20
-150.0000000000946
 10
15433.34316169346
 20
-150.0000000000946
  0
LINE
  5
CED1
330
70
100
AcDbEntity
  8
CH-S-RAFT-FOLD
100
AcDbLine
 10
6433.343161693487
 20
26149.99999999997
 30
0.0
 11
9133.34316169349
 21
26149.99999999996
 31
0.0
  0
LWPOLYLINE
  5
CED2
330
70
100
AcDbEntity
  8
CH-S-RAFT-FOLD
100
AcDbPolyline
 90
        4
 70
     1
 43
0.0
 10
6433.343161693487
 20
26149.99999999997
 10
9133.343161693456
 20
26149.99999999997
 10
9133.343161693456
 20
23149.99999999996
 10
6433.343161693487
 20
23149.99999999996
  0
LWPOLYLINE
  5
CED3
330
70
100
AcDbEntity
  8
CH-S-RAFT-FOLD
100
AcDbPolyline
 90
        4
 70
     1
 43
0.0
 10
9433.343161693493
 20
26149.99999999996
 10
15133.34316169349
 20
26149.99999999996
 10
15133.34316169349
 20
23149.99999999993
 10
9433.343161693493
 20
23149.99999999993
  0
LWPOLYLINE
  5
CED4
330
70
100
AcDbEntity
  8
CH-S-RAFT-FOLD
100
AcDbPolyline
 90
        4
 70
     1
 43
0.0
 10
15433.34316169346
 20
26149.99999999989
 10
18133.34316169349
 20
26149.99999999989
 10
18133.34316169349
 20
23149.99999999991
 10
15433.34316169346
 20
23149.99999999991
  0
LWPOLYLINE
  5
CED5
330
70
100
AcDbEntity
  8
CH-S-RAFT-SUNK
100
AcDbPolyline
 90
        4
 70
     1
 43
0.0
 10
10533.34316169352
 20
15949.99999999995
 10
14033.34316169251
 20
15949.99999999995
 10
14033.34316169251
 20
10049.99999999994
 10
10533.34316169352
 20
10049.99999999994
  0
LWPOLYLINE
  5
CED6
330
70
100
AcDbEntity
  8
CH-S-RAFT
100
AcDbPolyline
 90
        4
 70
     1
 43
0.0
 10
10533.34316169352
 20
15950.00000000047
 10
14033.34316169367
 20
15950.00000000047
 10
14033.34316169367
 20
21649.99999999947
 10
10533.34316169352
 20
21649.99999999947
  0
LWPOLYLINE
  5
CED7
330
70
100
AcDbEntity
  8
CH-S-RAFT
100
AcDbPolyline
 90
        4
 70
     1
 43
0.0
 10
10533.34316169374
 20
10050.00000000002
 10
14033.34316169188
 20
10050.00000000002
 10
14033.34316169188
 20
4349.999999999989
 10
10533.34316169374
 20
4349.999999999989
  0
LWPOLYLINE
  5
CEEA
330
70
100
AcDbEntity
  8
CH-S-RAFT-FOLD
100
AcDbPolyline
 90
        4
 70
     1
 43
0.0
 10
5683.343161693488
 20
3599.999999999969
 10
18883.34316169349
 20
3599.999999999969
 10
18883.34316169349
 20
-900.0000000000438
 10
5683.343161693486
 20
-900.0000000000438
  0
LWPOLYLINE
  5
CEF0
330
70
100
AcDbEntity
  8
CH-S-RAFT-FOLD
100
AcDbPolyline
 90
        4
 70
     1
 43
0.0
 10
5683.343161693486
 20
26899.99999999997
 10
18883.34316169349
 20
26899.99999999997
 10
18883.34316169349
 20
22399.99999999996
 10
5683.343161693485
 20
22399.99999999996
  0
LWPOLYLINE
  5
CEF3
330
70
100
AcDbEntity
  8
CH-STAIRS
100
AcDbPolyline
 90
        4
 70
     1
 43
0.0
 10
66060.46587605495
 20
1449.999999999956
 10
68760.46587605496
 20
1449.999999999956
 10
68760.46587605496
 20
1249.999999999941
 10
66060.46587605495
 20
1249.999999999941
  0
LINE
  5
CEF4
330
70
100
AcDbEntity
  8
CH-CUTOUT
100
AcDbLine
 10
66060.46587605496
 20
1249.999999999956
 30
0.0
 11
68760.46587605496
 21
1449.999999999956
 31
0.0
  0
LINE
  5
CEF5
330
70
100
AcDbEntity
  8
CH-CUTOUT
100
AcDbLine
 10
68760.46587605496
 20
1249.999999999941
 30
0.0
 11
66060.46587605495
 21
1449.999999999956
 31
0.0
  0
LWPOLYLINE
  5
CFEA
330
70
100
AcDbEntity
  8
CH-LEGEND
100
AcDbPolyline
 90
        4
 70
     1
 43
0.0
 10
28286.56100662513
 20
-6817.452829169109
 10
28986.56100662512
 20
-6817.452829169109
 10
28986.56100662512
 20
-7117.452829169109
 10
28286.56100662513
 20
-7117.452829169109
  0
LWPOLYLINE
  5
CFEB
330
70
100
AcDbEntity
  8
CH-LEGEND
100
AcDbPolyline
 90
        4
 70
     1
 43
0.0
 10
28286.56100662513
 20
-7817.452829169109
 10
28986.56100662512
 20
-7817.452829169109
 10
28986.56100662512
 20
-8117.452829169108
 10
28286.56100662513
 20
-8117.452829169108
  0
LWPOLYLINE
  5
CFEC
330
70
100
AcDbEntity
  8
CH-LEGEND
100
AcDbPolyline
 90
        4
 70
     1
 43
0.0
 10
28286.56100662513
 20
-8317.452829169109
 10
28986.56100662512
 20
-8317.452829169109
 10
28986.56100662512
 20
-8617.452829169108
 10
28286.56100662513
 20
-8617.452829169108
  0
LWPOLYLINE
  5
CFED
330
70
100
AcDbEntity
  8
CH-LEGEND
100
AcDbPolyline
 90
        4
 70
     1
 43
0.0
 10
28286.56100662513
 20
-8817.452829169109
 10
28986.56100662512
 20
-8817.452829169109
 10
28986.56100662512
 20
-9117.452829169108
 10
28286.56100662513
 20
-9117.452829169108
  0
LWPOLYLINE
  5
CFEE
330
70
100
AcDbEntity
  8
CH-LEGEND
100
AcDbPolyline
 90
        4
 70
     1
 43
0.0
 10
28286.56100662513
 20
-7317.452829169109
 10
28986.56100662512
 20
-7317.452829169109
 10
28986.56100662512
 20
-7617.452829169109
 10
28286.56100662513
 20
-7617.452829169109
  0
HATCH
  5
CFFA
330
70
100
AcDbEntity
  8
CH-HATCH
100
AcDbHatch
 10
0.0
 20
0.0
 30
0.0
210
0.0
220
0.0
230
1.0
  2
ANGLE
 70
     0
 71
     0
 91
        1
 92
        1
 93
        4
 72
     1
 10
28286.56100662513
 20
-6817.452829169109
 11
28986.56100662512
 21
-6817.452829169109
 72
     1
 10
28986.56100662512
 20
-6817.452829169109
 11
28986.56100662512
 21
-7117.452829169109
 72
     1
 10
28986.56100662512
 20
-7117.452829169109
 11
28286.56100662513
 21
-7117.452829169109
 72
     1
 10
28286.56100662513
 20
-7117.452829169109
 11
28286.56100662513
 21
-6817.452829169109
 97
        0
 75
     1
 76
     1
 52
0.0
 41
10.0
 77
     0
 78
     2
 53
0.0
 43
0.0
 44
0.0
 45
0.0
 46
69.85000000000001
 79
     2
 49
50.8
 49
-19.05
 53
90.0
 43
0.0
 44
0.0
 45
-69.85000000000001
 46
0.0000000000000043
 79
     2
 49
50.8
 49
-19.05
 98
        1
 10
0.0
 20
-3000.0
1001
GradientColor1ACI
1070
     5
1001
GradientColor2ACI
1070
     2
1001
ACAD
1010
0.0
1020
0.0
1030
0.0
  0
HATCH
  5
CFFC
330
70
100
AcDbEntity
  8
CH-S-COLUMN-HATCH
100
AcDbHatch
 10
0.0
 20
0.0
 30
0.0
210
0.0
220
0.0
230
1.0
  2
ANSI31
 70
     0
 71
     0
 91
        1
 92
        1
 93
        4
 72
     1
 10
28286.56100662513
 20
-7817.452829169109
 11
28986.56100662512
 21
-7817.452829169109
 72
     1
 10
28986.56100662512
 20
-7817.452829169109
 11
28986.56100662512
 21
-8117.452829169108
 72
     1
 10
28986.56100662512
 20
-8117.452829169108
 11
28286.56100662513
 21
-8117.452829169108
 72
     1
 10
28286.56100662513
 20
-8117.452829169108
 11
28286.56100662513
 21
-7817.452829169109
 97
        0
 75
     1
 76
     1
 52
0.0
 41
10.0
 77
     0
 78
     1
 53
45.0
 43
0.0
 44
0.0
 45
-22.45064030267288
 46
22.45064030267288
 79
     0
 98
        1
 10
0.0
 20
-3500.0
1001
GradientColor1ACI
1070
     5
1001
GradientColor2ACI
1070
     2
1001
ACAD
1010
0.0
1020
0.0
1030
0.0
  0
HATCH
  5
CFFE
330
70
100
AcDbEntity
  8
CH-HATCH
100
AcDbHatch
 10
0.0
 20
0.0
 30
0.0
210
0.0
220
0.0
230
1.0
  2
ANSI33
 70
     0
 71
     0
 91
        1
 92
        1
 93
        4
 72
     1
 10
28286.56100662513
 20
-8317.452829169109
 11
28986.56100662512
 21
-8317.452829169109
 72
     1
 10
28986.56100662512
 20
-8317.452829169109
 11
28986.56100662512
 21
-8617.452829169108
 72
     1
 10
28986.56100662512
 20
-8617.452829169108
 11
28286.56100662513
 21
-8617.452829169108
 72
     1
 10
28286.56100662513
 20
-8617.452829169108
 11
28286.56100662513
 21
-8317.452829169109
 97
        0
 75
     1
 76
     1
 52
0.0
 41
10.0
 77
     0
 78
     2
 53
45.0
 43
0.0
 44
0.0
 45
-44.90128060534576
 46
44.90128060534576
 79
     0
 53
45.0
 43
44.9013
 44
0.0
 45
-44.90128060534576
 46
44.90128060534576
 79
     2
 49
31.75
 49
-15.875
 98
        1
 10
0.0
 20
-3500.0
1001
GradientColor1ACI
1070
     5
1001
GradientColor2ACI
1070
     2
1001
ACAD
1010
0.0
1020
0.0
1030
0.0
  0
HATCH
  5
D000
330
70
100
AcDbEntity
  8
CH-HATCH
100
AcDbHatch
 10
0.0
 20
0.0
 30
0.0
210
0.0
220
0.0
230
1.0
  2
ANSI37
 70
     0
 71
     0
 91
        1
 92
        1
 93
        4
 72
     1
 10
28286.56100662513
 20
-8817.452829169109
 11
28986.56100662512
 21
-8817.452829169109
 72
     1
 10
28986.56100662512
 20
-8817.452829169109
 11
28986.56100662512
 21
-9117.452829169108
 72
     1
 10
28986.56100662512
 20
-9117.452829169108
 11
28286.56100662513
 21
-9117.452829169108
 72
     1
 10
28286.56100662513
 20
-9117.452829169108
 11
28286.56100662513
 21
-8817.452829169109
 97
        0
 75
     1
 76
     1
 52
0.0
 41
10.0
 77
     0
 78
     2
 53
45.0
 43
0.0
 44
0.0
 45
-22.45064030267288
 46
22.45064030267288
 79
     0
 53
135.0
 43
0.0
 44
0.0
 45
-22.45064030267288
 46
-22.45064030267288
 79
     0
 98
        1
 10
0.0
 20
-3500.0
1001
GradientColor1ACI
1070
     5
1001
GradientColor2ACI
1070
     2
1001
ACAD
1010
0.0
1020
0.0
1030
0.0
  0
HATCH
  5
D002
330
70
100
AcDbEntity
  8
CH-HATCH
100
AcDbHatch
 10
0.0
 20
0.0
 30
0.0
210
0.0
220
0.0
230
1.0
  2
HEX
 70
     0
 71
     0
 91
        1
 92
        1
 93
        4
 72
     1
 10
28286.56100662513
 20
-7317.452829169109
 11
28986.56100662512
 21
-7317.452829169109
 72
     1
 10
28986.56100662512
 20
-7317.452829169109
 11
28986.56100662512
 21
-7617.452829169109
 72
     1
 10
28986.56100662512
 20
-7617.452829169109
 11
28286.56100662513
 21
-7617.452829169109
 72
     1
 10
28286.56100662513
 20
-7617.452829169109
 11
28286.56100662513
 21
-7317.452829169109
 97
        0
 75
     1
 76
     1
 52
0.0
 41
10.0
 77
     0
 78
     3
 53
0.0
 43
0.0
 44
0.0
 45
0.0
 46
54.99261315399999
 79
     2
 49
31.75
 49
-63.5
 53
120.0
 43
0.0
 44
0.0
 45
-47.62500001185428
 46
-27.49630657699999
 79
     2
 49
31.75
 49
-63.49999999999999
 53
60.0
 43
31.75
 44
0.0
 45
-47.62500001185427
 46
27.496306577
 79
     2
 49
31.75
 49
-63.5
 98
        1
 10
0.0
 20
-1500.0
1001
GradientColor1ACI
1070
     5
1001
GradientColor2ACI
1070
     2
1001
ACAD
1010
0.0
1020
0.0
1030
0.0
  0
MTEXT
  5
D008
330
70
100
AcDbEntity
  8
CH-LEGEND
100
AcDbMText
 10
29299.14124789366
 20
-6988.613174201936
 30
0.0
 40
100.0
 41
4623.548096472661
 46
0.0
 71
     4
 72
     5
  1
INDICATES SLAB/BEAM SUNK BY 75MM. 
  7
JetBrains Mono
 73
     2
 44
1.0
1001
REVIT
1002
{
1070
     1
1000
366712
1002
}
1002
{
1070
     5
1000
366229
1002
}
1002
{
1070
     2
1000
-2005018
1002
}
  0
MTEXT
  5
D009
330
70
100
AcDbEntity
  8
CH-TEXT
100
AcDbMText
 10
11696.77559163247
 20
-6781.805013331845
 30
0.0
 40
500.0
 41
12298.77065598359
 46
0.0
 71
     5
 72
     5
  1
LAYOUT PLAN - FOUNDATION LEVEL
  7
JetBrains Mono
 73
     2
 44
1.0
1001
REVIT
1002
{
1070
     1
1000
366712
1002
}
1002
{
1070
     5
1000
366229
1002
}
1002
{
1070
     2
1000
-2005018
1002
}
  0
MTEXT
  5
D00A
330
70
100
AcDbEntity
  8
CH-TEXT
100
AcDbMText
 10
67755.84769907
 20
-6781.805013331845
 30
0.0
 40
500.0
 41
15270.99200852331
 46
0.0
 71
     5
 72
     5
  1
LAYOUT PLAN - TYPICAL FLOOR LEVEL
  7
JetBrains Mono
 73
     2
 44
1.0
1001
REVIT
1002
{
1070
     1
1000
366712
1002
}
1002
{
1070
     5
1000
366229
1002
}
1002
{
1070
     2
1000
-2005018
1002
}
  0
HATCH
  5
D016
330
70
100
AcDbEntity
  8
CH-S-COLUMN-HATCH
100
AcDbHatch
 10
0.0
 20
0.0
 30
0.0
210
0.0
220
0.0
230
1.0
  2
ANSI31
 70
     0
 71
     0
 91
       66
 92
        1
 93
        4
 72
     1
 10
17833.34316169352
 20
8149.999999999934
 11
18733.34316169352
 21
8149.999999999934
 72
     1
 10
18733.34316169352
 20
8149.999999999934
 11
18733.34316169352
 21
7849.999999999934
 72
     1
 10
18733.34316169352
 20
7849.999999999934
 11
17833.34316169352
 21
7849.999999999934
 72
     1
 10
17833.34316169352
 20
7849.999999999934
 11
17833.34316169352
 21
8149.999999999934
 97
        0
 92
        1
 93
        4
 72
     1
 10
14833.34316169349
 20
8149.999999999151
 11
15733.34316169349
 21
8149.999999999151
 72
     1
 10
15733.34316169349
 20
8149.999999999151
 11
15733.34316169349
 21
7849.999999999147
 72
     1
 10
15733.34316169349
 20
7849.999999999147
 11
14833.34316169349
 21
7849.999999999147
 72
     1
 10
14833.34316169349
 20
7849.999999999147
 11
14833.34316169349
 21
8149.999999999151
 97
        0
 92
        1
 93
        4
 72
     1
 10
8833.343161693521
 20
8149.999999999968
 11
9733.343161693522
 21
8149.999999999968
 72
     1
 10
9733.343161693522
 20
8149.999999999968
 11
9733.343161693522
 21
7849.999999999967
 72
     1
 10
9733.343161693522
 20
7849.999999999967
 11
8833.343161693521
 21
7849.999999999967
 72
     1
 10
8833.343161693521
 20
7849.999999999967
 11
8833.343161693521
 21
8149.999999999968
 97
        0
 92
        1
 93
        4
 72
     1
 10
5833.34316169352
 20
8149.999999999968
 11
6733.34316169352
 21
8149.999999999968
 72
     1
 10
6733.34316169352
 20
8149.999999999968
 11
6733.34316169352
 21
7849.999999999967
 72
     1
 10
6733.34316169352
 20
7849.999999999967
 11
5833.34316169352
 21
7849.999999999967
 72
     1
 10
5833.34316169352
 20
7849.999999999967
 11
5833.34316169352
 21
8149.999999999968
 97
        0
 92
        1
 93
        4
 72
     1
 10
17833.34316169352
 20
11149.99999999993
 11
18733.34316169352
 21
11149.99999999993
 72
     1
 10
18733.34316169352
 20
11149.99999999993
 11
18733.34316169352
 21
10849.99999999993
 72
     1
 10
18733.34316169352
 20
10849.99999999993
 11
17833.34316169352
 21
10849.99999999993
 72
     1
 10
17833.34316169352
 20
10849.99999999993
 11
17833.34316169352
 21
11149.99999999993
 97
        0
 92
        1
 93
        4
 72
     1
 10
14833.34316169349
 20
11149.99999999914
 11
15733.34316169349
 21
11149.99999999914
 72
     1
 10
15733.34316169349
 20
11149.99999999914
 11
15733.34316169349
 21
10849.99999999914
 72
     1
 10
15733.34316169349
 20
10849.99999999914
 11
14833.34316169349
 21
10849.99999999914
 72
     1
 10
14833.34316169349
 20
10849.99999999914
 11
14833.34316169349
 21
11149.99999999914
 97
        0
 92
        1
 93
        4
 72
     1
 10
8833.343161693521
 20
11149.99999999995
 11
9733.343161693522
 21
11149.99999999995
 72
     1
 10
9733.343161693522
 20
11149.99999999995
 11
9733.343161693522
 21
10849.99999999996
 72
     1
 10
9733.343161693522
 20
10849.99999999996
 11
8833.343161693521
 21
10849.99999999996
 72
     1
 10
8833.343161693521
 20
10849.99999999996
 11
8833.343161693521
 21
11149.99999999995
 97
        0
 92
        1
 93
        4
 72
     1
 10
5833.34316169352
 20
11149.99999999995
 11
6733.34316169352
 21
11149.99999999995
 72
     1
 10
6733.34316169352
 20
11149.99999999995
 11
6733.34316169352
 21
10849.99999999996
 72
     1
 10
6733.34316169352
 20
10849.99999999996
 11
5833.34316169352
 21
10849.99999999996
 72
     1
 10
5833.34316169352
 20
10849.99999999996
 11
5833.34316169352
 21
11149.99999999995
 97
        0
 92
        1
 93
        4
 72
     1
 10
17833.34316169352
 20
15149.99999999992
 11
18733.34316169352
 21
15149.99999999992
 72
     1
 10
18733.34316169352
 20
15149.99999999992
 11
18733.34316169352
 21
14849.99999999992
 72
     1
 10
18733.34316169352
 20
14849.99999999992
 11
17833.34316169352
 21
14849.99999999992
 72
     1
 10
17833.34316169352
 20
14849.99999999992
 11
17833.34316169352
 21
15149.99999999992
 97
        0
 92
        1
 93
        4
 72
     1
 10
14833.34316169349
 20
15149.99999999913
 11
15733.34316169349
 21
15149.99999999913
 72
     1
 10
15733.34316169349
 20
15149.99999999913
 11
15733.34316169349
 21
14849.99999999913
 72
     1
 10
15733.34316169349
 20
14849.99999999913
 11
14833.34316169349
 21
14849.99999999913
 72
     1
 10
14833.34316169349
 20
14849.99999999913
 11
14833.34316169349
 21
15149.99999999913
 97
        0
 92
        1
 93
        4
 72
     1
 10
8833.343161693521
 20
15149.99999999995
 11
9733.343161693522
 21
15149.99999999995
 72
     1
 10
9733.343161693522
 20
15149.99999999995
 11
9733.343161693522
 21
14849.99999999995
 72
     1
 10
9733.343161693522
 20
14849.99999999995
 11
8833.343161693521
 21
14849.99999999995
 72
     1
 10
8833.343161693521
 20
14849.99999999995
 11
8833.343161693521
 21
15149.99999999995
 97
        0
 92
        1
 93
        4
 72
     1
 10
5833.34316169352
 20
15149.99999999995
 11
6733.34316169352
 21
15149.99999999995
 72
     1
 10
6733.34316169352
 20
15149.99999999995
 11
6733.34316169352
 21
14849.99999999995
 72
     1
 10
6733.34316169352
 20
14849.99999999995
 11
5833.34316169352
 21
14849.99999999995
 72
     1
 10
5833.34316169352
 20
14849.99999999995
 11
5833.34316169352
 21
15149.99999999995
 97
        0
 92
        1
 93
        4
 72
     1
 10
17833.34316169352
 20
18149.99999999992
 11
18733.34316169352
 21
18149.99999999992
 72
     1
 10
18733.34316169352
 20
18149.99999999992
 11
18733.34316169352
 21
17849.99999999992
 72
     1
 10
18733.34316169352
 20
17849.99999999992
 11
17833.34316169352
 21
17849.99999999992
 72
     1
 10
17833.34316169352
 20
17849.99999999992
 11
17833.34316169352
 21
18149.99999999992
 97
        0
 92
        1
 93
        4
 72
     1
 10
14833.34316169349
 20
18149.99999999913
 11
15733.34316169349
 21
18149.99999999913
 72
     1
 10
15733.34316169349
 20
18149.99999999913
 11
15733.34316169349
 21
17849.99999999913
 72
     1
 10
15733.34316169349
 20
17849.99999999913
 11
14833.34316169349
 21
17849.99999999913
 72
     1
 10
14833.34316169349
 20
17849.99999999913
 11
14833.34316169349
 21
18149.99999999913
 97
        0
 92
        1
 93
        4
 72
     1
 10
8833.343161693521
 20
18149.99999999995
 11
9733.343161693522
 21
18149.99999999995
 72
     1
 10
9733.343161693522
 20
18149.99999999995
 11
9733.343161693522
 21
17849.99999999995
 72
     1
 10
9733.343161693522
 20
17849.99999999995
 11
8833.343161693521
 21
17849.99999999995
 72
     1
 10
8833.343161693521
 20
17849.99999999995
 11
8833.343161693521
 21
18149.99999999995
 97
        0
 92
        1
 93
        4
 72
     1
 10
5833.34316169352
 20
18149.99999999995
 11
6733.34316169352
 21
18149.99999999995
 72
     1
 10
6733.34316169352
 20
18149.99999999995
 11
6733.34316169352
 21
17849.99999999995
 72
     1
 10
6733.34316169352
 20
17849.99999999995
 11
5833.34316169352
 21
17849.99999999995
 72
     1
 10
5833.34316169352
 20
17849.99999999995
 11
5833.34316169352
 21
18149.99999999995
 97
        0
 92
        1
 93
        4
 72
     1
 10
18433.34316169347
 20
-150.0000000000946
 11
6133.34316169349
 21
-150.0000000000946
 72
     1
 10
6133.34316169349
 20
-150.0000000000946
 11
6133.34316169349
 21
-450.0000000000291
 72
     1
 10
6133.34316169349
 20
-450.0000000000291
 11
18433.34316169347
 21
-450.0000000000291
 72
     1
 10
18433.34316169347
 20
-450.0000000000291
 11
18433.34316169347
 21
-150.0000000000946
 97
        0
 92
        1
 93
        4
 72
     1
 10
18133.34316169349
 20
3149.999999999913
 11
18433.34316169347
 21
3149.999999999913
 72
     1
 10
18433.34316169347
 20
3149.999999999913
 11
18433.34316169347
 21
-150.0000000000946
 72
     1
 10
18433.34316169347
 20
-150.0000000000946
 11
18133.34316169349
 21
-150.0000000000946
 72
     1
 10
18133.34316169349
 20
-150.0000000000946
 11
18133.34316169349
 21
3149.999999999913
 97
        0
 92
        1
 93
        4
 72
     1
 10
15133.34316169349
 20
3149.999999999927
 11
15433.34316169346
 21
3149.999999999927
 72
     1
 10
15433.34316169346
 20
3149.999999999927
 11
15433.34316169346
 21
-150.00000000008
 72
     1
 10
15433.34316169346
 20
-150.00000000008
 11
15133.34316169349
 21
-150.00000000008
 72
     1
 10
15133.34316169349
 20
-150.00000000008
 11
15133.34316169349
 21
3149.999999999927
 97
        0
 92
        1
 93
        4
 72
     1
 10
9133.34316169349
 20
3149.999999999949
 11
9433.343161693477
 21
3149.999999999949
 72
     1
 10
9433.343161693477
 20
3149.999999999949
 11
9433.343161693477
 21
-150.0000000000436
 72
     1
 10
9433.343161693477
 20
-150.0000000000436
 11
9133.34316169349
 21
-150.0000000000436
 72
     1
 10
9133.34316169349
 20
-150.0000000000436
 11
9133.34316169349
 21
3149.999999999949
 97
        0
 92
        1
 93
        4
 72
     1
 10
6133.34316169349
 20
3149.999999999949
 11
6433.343161693477
 21
3149.999999999949
 72
     1
 10
6433.343161693477
 20
3149.999999999949
 11
6433.343161693477
 21
-150.0000000000291
 72
     1
 10
6433.343161693477
 20
-150.0000000000291
 11
6133.34316169349
 21
-150.0000000000291
 72
     1
 10
6133.34316169349
 20
-150.0000000000291
 11
6133.34316169349
 21
3149.999999999949
 97
        0
 92
        1
 93
        4
 72
     1
 10
26433.34316169349
 20
449.9999999999054
 11
26733.34316169349
 21
449.9999999999054
 72
     1
 10
26733.34316169349
 20
449.9999999999054
 11
26733.34316169349
 21
-450.0000000000945
 72
     1
 10
26733.34316169349
 20
-450.0000000000945
 11
26433.34316169349
 21
-450.0000000000945
 72
     1
 10
26433.34316169349
 20
-450.0000000000945
 11
26433.34316169349
 21
449.9999999999054
 97
        0
 92
        1
 93
        4
 72
     1
 10
26433.34316169349
 20
3449.999999999906
 11
26733.34316169349
 21
3449.999999999906
 72
     1
 10
26733.34316169349
 20
3449.999999999906
 11
26733.34316169349
 21
2549.999999999906
 72
     1
 10
26733.34316169349
 20
2549.999999999906
 11
26433.34316169349
 21
2549.999999999906
 72
     1
 10
26433.34316169349
 20
2549.999999999906
 11
26433.34316169349
 21
3449.999999999906
 97
        0
 92
        1
 93
        4
 72
     1
 10
22833.34316169349
 20
-150.0000000000873
 11
23733.34316169349
 21
-150.0000000000873
 72
     1
 10
23733.34316169349
 20
-150.0000000000873
 11
23733.34316169349
 21
-450.0000000000873
 72
     1
 10
23733.34316169349
 20
-450.0000000000873
 11
22833.34316169349
 21
-450.0000000000873
 72
     1
 10
22833.34316169349
 20
-450.0000000000873
 11
22833.34316169349
 21
-150.0000000000873
 97
        0
 92
        1
 93
        4
 72
     1
 10
22833.34316169349
 20
3149.99999999992
 11
23733.34316169349
 21
3149.99999999992
 72
     1
 10
23733.34316169349
 20
3149.99999999992
 11
23733.34316169349
 21
2849.999999999912
 72
     1
 10
23733.34316169349
 20
2849.999999999912
 11
22833.34316169349
 21
2849.999999999912
 72
     1
 10
22833.34316169349
 20
2849.999999999912
 11
22833.34316169349
 21
3149.99999999992
 97
        0
 92
        1
 93
        4
 72
     1
 10
26433.34316169352
 20
8449.999999999898
 11
26733.34316169352
 21
8449.999999999898
 72
     1
 10
26733.34316169352
 20
8449.999999999898
 11
26733.34316169352
 21
7549.999999999897
 72
     1
 10
26733.34316169352
 20
7549.999999999897
 11
26433.34316169352
 21
7549.999999999897
 72
     1
 10
26433.34316169352
 20
7549.999999999897
 11
26433.34316169352
 21
8449.999999999898
 97
        0
 92
        1
 93
        4
 72
     1
 10
22833.34316169349
 20
8149.999999999913
 11
23733.34316169352
 21
8149.999999999913
 72
     1
 10
23733.34316169352
 20
8149.999999999913
 11
23733.34316169352
 21
7849.999999999913
 72
     1
 10
23733.34316169352
 20
7849.999999999913
 11
22833.34316169349
 21
7849.999999999913
 72
     1
 10
22833.34316169349
 20
7849.999999999913
 11
22833.34316169349
 21
8149.999999999913
 97
        0
 92
        1
 93
        4
 72
     1
 10
26433.34316169352
 20
11449.9999999999
 11
26733.34316169352
 21
11449.9999999999
 72
     1
 10
26733.34316169352
 20
11449.9999999999
 11
26733.34316169352
 21
10549.9999999999
 72
     1
 10
26733.34316169352
 20
10549.9999999999
 11
26433.34316169352
 21
10549.9999999999
 72
     1
 10
26433.34316169352
 20
10549.9999999999
 11
26433.34316169352
 21
11449.9999999999
 97
        0
 92
        1
 93
        4
 72
     1
 10
22833.34316169352
 20
11149.99999999991
 11
23733.34316169352
 21
11149.99999999991
 72
     1
 10
23733.34316169352
 20
11149.99999999991
 11
23733.34316169352
 21
10849.99999999991
 72
     1
 10
23733.34316169352
 20
10849.99999999991
 11
22833.34316169352
 21
10849.99999999991
 72
     1
 10
22833.34316169352
 20
10849.99999999991
 11
22833.34316169352
 21
11149.99999999991
 97
        0
 92
        1
 93
        4
 72
     1
 10
26433.34316169352
 20
15449.9999999999
 11
26733.34316169352
 21
15449.9999999999
 72
     1
 10
26733.34316169352
 20
15449.9999999999
 11
26733.34316169352
 21
14549.9999999999
 72
     1
 10
26733.34316169352
 20
14549.9999999999
 11
26433.34316169352
 21
14549.9999999999
 72
     1
 10
26433.34316169352
 20
14549.9999999999
 11
26433.34316169352
 21
15449.9999999999
 97
        0
 92
        1
 93
        4
 72
     1
 10
22833.34316169352
 20
15149.99999999991
 11
23733.34316169352
 21
15149.99999999991
 72
     1
 10
23733.34316169352
 20
15149.99999999991
 11
23733.34316169352
 21
14849.9999999999
 72
     1
 10
23733.34316169352
 20
14849.9999999999
 11
22833.34316169352
 21
14849.9999999999
 72
     1
 10
22833.34316169352
 20
14849.9999999999
 11
22833.34316169352
 21
15149.99999999991
 97
        0
 92
        1
 93
        4
 72
     1
 10
26433.34316169352
 20
18449.9999999999
 11
26733.34316169352
 21
18449.9999999999
 72
     1
 10
26733.34316169352
 20
18449.9999999999
 11
26733.34316169352
 21
17549.9999999999
 72
     1
 10
26733.34316169352
 20
17549.9999999999
 11
26433.34316169352
 21
17549.9999999999
 72
     1
 10
26433.34316169352
 20
17549.9999999999
 11
26433.34316169352
 21
18449.9999999999
 97
        0
 92
        1
 93
        4
 72
     1
 10
22833.34316169352
 20
18149.99999999991
 11
23733.34316169352
 21
18149.99999999991
 72
     1
 10
23733.34316169352
 20
18149.99999999991
 11
23733.34316169352
 21
17849.99999999991
 72
     1
 10
23733.34316169352
 20
17849.99999999991
 11
22833.34316169352
 21
17849.99999999991
 72
     1
 10
22833.34316169352
 20
17849.99999999991
 11
22833.34316169352
 21
18149.99999999991
 97
        0
 92
        1
 93
        4
 72
     1
 10
26433.34316169352
 20
23449.99999999991
 11
26733.34316169352
 21
23449.99999999991
 72
     1
 10
26733.34316169352
 20
23449.99999999991
 11
26733.34316169352
 21
22549.99999999991
 72
     1
 10
26733.34316169352
 20
22549.99999999991
 11
26433.34316169352
 21
22549.99999999991
 72
     1
 10
26433.34316169352
 20
22549.99999999991
 11
26433.34316169352
 21
23449.99999999991
 97
        0
 92
        1
 93
        4
 72
     1
 10
22833.34316169352
 20
23149.99999999992
 11
23733.34316169352
 21
23149.99999999992
 72
     1
 10
23733.34316169352
 20
23149.99999999992
 11
23733.34316169352
 21
22849.99999999991
 72
     1
 10
23733.34316169352
 20
22849.99999999991
 11
22833.34316169352
 21
22849.99999999991
 72
     1
 10
22833.34316169352
 20
22849.99999999991
 11
22833.34316169352
 21
23149.99999999992
 97
        0
 92
        1
 93
        4
 72
     1
 10
26433.34316169352
 20
26449.99999999991
 11
26733.34316169353
 21
26449.99999999991
 72
     1
 10
26733.34316169353
 20
26449.99999999991
 11
26733.34316169353
 21
25549.99999999991
 72
     1
 10
26733.34316169353
 20
25549.99999999991
 11
26433.34316169352
 21
25549.99999999991
 72
     1
 10
26433.34316169352
 20
25549.99999999991
 11
26433.34316169352
 21
26449.99999999991
 97
        0
 92
        1
 93
        4
 72
     1
 10
22833.34316169352
 20
26449.99999999992
 11
23733.34316169352
 21
26449.99999999992
 72
     1
 10
23733.34316169352
 20
26449.99999999992
 11
23733.34316169352
 21
26149.99999999992
 72
     1
 10
23733.34316169352
 20
26149.99999999992
 11
22833.34316169352
 21
26149.99999999992
 72
     1
 10
22833.34316169352
 20
26149.99999999992
 11
22833.34316169352
 21
26449.99999999992
 97
        0
 92
        1
 93
        4
 72
     1
 10
18433.34316169361
 20
26149.99999999997
 11
6133.343161693577
 21
26149.99999999997
 72
     1
 10
6133.343161693577
 20
26149.99999999997
 11
6133.343161693577
 21
26449.99999999999
 72
     1
 10
6133.343161693577
 20
26449.99999999999
 11
18433.34316169361
 21
26449.99999999999
 72
     1
 10
18433.34316169361
 20
26449.99999999999
 11
18433.34316169361
 21
26149.99999999997
 97
        0
 92
        1
 93
        4
 72
     1
 10
18133.34316169356
 20
26149.99999999997
 11
18433.34316169358
 21
26149.99999999997
 72
     1
 10
18433.34316169358
 20
26149.99999999997
 11
18433.34316169358
 21
22849.99999999997
 72
     1
 10
18433.34316169358
 20
22849.99999999997
 11
18133.34316169356
 21
22849.99999999997
 72
     1
 10
18133.34316169356
 20
22849.99999999997
 11
18133.34316169356
 21
26149.99999999997
 97
        0
 92
        1
 93
        4
 72
     1
 10
15133.34316169356
 20
26149.99999999997
 11
15433.34316169356
 21
26149.99999999997
 72
     1
 10
15433.34316169356
 20
26149.99999999997
 11
15433.34316169356
 21
22849.99999999997
 72
     1
 10
15433.34316169356
 20
22849.99999999997
 11
15133.34316169356
 21
22849.99999999997
 72
     1
 10
15133.34316169356
 20
22849.99999999997
 11
15133.34316169356
 21
26149.99999999997
 97
        0
 92
        1
 93
        4
 72
     1
 10
9133.343161693565
 20
26149.99999999999
 11
9433.34316169356
 21
26149.99999999999
 72
     1
 10
9433.34316169356
 20
26149.99999999999
 11
9433.34316169356
 21
22849.99999999999
 72
     1
 10
9433.34316169356
 20
22849.99999999999
 11
9133.343161693565
 21
22849.99999999999
 72
     1
 10
9133.343161693565
 20
22849.99999999999
 11
9133.343161693565
 21
26149.99999999999
 97
        0
 92
        1
 93
        4
 72
     1
 10
6133.343161693563
 20
26149.99999999999
 11
6433.343161693563
 21
26149.99999999999
 72
     1
 10
6433.343161693563
 20
26149.99999999999
 11
6433.343161693563
 21
22850.0
 72
     1
 10
6433.343161693563
 20
22850.0
 11
6133.343161693563
 21
22850.0
 72
     1
 10
6133.343161693563
 20
22850.0
 11
6133.343161693563
 21
26149.99999999999
 97
        0
 92
        1
 93
        4
 72
     1
 10
26159.0790929816
 20
27699.99999999994
 11
26583.3431616935
 21
28124.2640687118
 72
     1
 10
26583.3431616935
 20
28124.2640687118
 11
27007.60723040542
 21
27699.99999999984
 72
     1
 10
27007.60723040542
 20
27699.99999999984
 11
26583.34316169353
 21
27275.73593128798
 72
     1
 10
26583.34316169353
 20
27275.73593128798
 11
26159.0790929816
 21
27699.99999999994
 97
        0
 92
        1
 93
        4
 72
     1
 10
22806.04608439265
 20
27753.03300858898
 11
23230.31015310454
 21
28177.29707730084
 72
     1
 10
23230.31015310454
 20
28177.29707730084
 11
23760.64023899445
 21
27646.96699141091
 72
     1
 10
23760.64023899445
 20
27646.96699141091
 11
23336.37617028256
 21
27222.70292269905
 72
     1
 10
23336.37617028256
 20
27222.70292269905
 11
22806.04608439265
 21
27753.03300858898
 97
        0
 92
        1
 93
        4
 72
     1
 10
17699.9800672146
 20
27753.03300858896
 11
18230.31015310452
 21
28283.36309447885
 72
     1
 10
18230.31015310452
 20
28283.36309447885
 11
18866.70625617241
 21
27646.96699141091
 72
     1
 10
18866.70625617241
 20
27646.96699141091
 11
18336.3761702825
 21
27116.63690552103
 72
     1
 10
18336.3761702825
 20
27116.63690552103
 11
17699.9800672146
 21
27753.03300858896
 97
        0
 92
        1
 93
        4
 72
     1
 10
14908.34316169352
 20
28149.99999999996
 11
15658.34316169351
 21
28149.99999999996
 72
     1
 10
15658.34316169351
 20
28149.99999999996
 11
15658.34316169351
 21
27249.99999999993
 72
     1
 10
15658.34316169351
 20
27249.99999999993
 11
14908.34316169352
 21
27249.99999999993
 72
     1
 10
14908.34316169352
 20
27249.99999999993
 11
14908.34316169352
 21
28149.99999999996
 97
        0
 92
        1
 93
        1
 72
     2
 10
9283.343161693515
 20
27699.99999999996
 40
449.9999999999982
 50
0.0
 51
360.0
 73
     1
 97
        0
 92
        1
 93
        1
 72
     2
 10
6283.343161693527
 20
27699.99999999996
 40
449.9999999999927
 50
0.0
 51
360.0
 73
     1
 97
        0
 92
        1
 93
        1
 72
     2
 10
1283.343161693527
 20
27699.99999999998
 40
374.9999999999959
 50
0.0
 51
360.0
 73
     1
 97
        0
 92
        1
 93
        1
 72
     2
 10
-2016.656838306484
 20
27699.99999999999
 40
299.999999999998
 50
0.0
 51
360.0
 73
     1
 97
        0
 92
        1
 93
        4
 72
     1
 10
833.3431616934685
 20
-150.0000000000145
 11
1733.343161693476
 21
-150.0000000000145
 72
     1
 10
1733.343161693476
 20
-150.0000000000145
 11
1733.343161693476
 21
-450.0000000000218
 72
     1
 10
1733.343161693476
 20
-450.0000000000218
 11
833.3431616934685
 21
-450.0000000000218
 72
     1
 10
833.3431616934685
 20
-450.0000000000218
 11
833.3431616934685
 21
-150.0000000000145
 97
        0
 92
        1
 93
        4
 72
     1
 10
-2166.656838306531
 20
450.0
 11
-1866.656838306524
 21
449.9999999999998
 72
     1
 10
-1866.656838306524
 20
449.9999999999998
 11
-1866.656838306524
 21
-450.0000000000071
 72
     1
 10
-1866.656838306524
 20
-450.0000000000071
 11
-2166.656838306531
 21
-450.000000000007
 72
     1
 10
-2166.656838306531
 20
-450.000000000007
 11
-2166.656838306531
 21
450.0
 97
        0
 92
        1
 93
        4
 72
     1
 10
833.3431616934685
 20
2849.999999999985
 11
1733.34316169349
 21
2849.999999999985
 72
     1
 10
1733.34316169349
 20
2849.999999999985
 11
1733.34316169349
 21
3149.999999999979
 72
     1
 10
1733.34316169349
 20
3149.999999999979
 11
833.3431616934685
 21
3149.999999999979
 72
     1
 10
833.3431616934685
 20
3149.999999999979
 11
833.3431616934685
 21
2849.999999999985
 97
        0
 92
        1
 93
        4
 72
     1
 10
-2166.65683830651
 20
3450.0
 11
-1866.656838306502
 21
3450.0
 72
     1
 10
-1866.656838306502
 20
3450.0
 11
-1866.656838306502
 21
2550.0
 72
     1
 10
-1866.656838306502
 20
2550.0
 11
-2166.65683830651
 21
2550.0
 72
     1
 10
-2166.65683830651
 20
2550.0
 11
-2166.65683830651
 21
3450.0
 97
        0
 92
        1
 93
        4
 72
     1
 10
833.3431616934904
 20
8149.999999999987
 11
1733.34316169349
 21
8149.999999999987
 72
     1
 10
1733.34316169349
 20
8149.999999999987
 11
1733.34316169349
 21
7849.999999999979
 72
     1
 10
1733.34316169349
 20
7849.999999999979
 11
833.3431616934904
 21
7849.999999999979
 72
     1
 10
833.3431616934904
 20
7849.999999999979
 11
833.3431616934904
 21
8149.999999999987
 97
        0
 92
        1
 93
        4
 72
     1
 10
-2166.65683830651
 20
7550.0
 11
-1866.656838306502
 21
7550.0
 72
     1
 10
-1866.656838306502
 20
7550.0
 11
-1866.656838306502
 21
8450.0
 72
     1
 10
-1866.656838306502
 20
8450.0
 11
-2166.65683830651
 21
8450.0
 72
     1
 10
-2166.65683830651
 20
8450.0
 11
-2166.65683830651
 21
7550.0
 97
        0
 92
        1
 93
        4
 72
     1
 10
833.3431616934973
 20
10849.99999999999
 11
1733.343161693498
 21
10849.99999999999
 72
     1
 10
1733.343161693498
 20
10849.99999999999
 11
1733.343161693498
 21
11149.99999999997
 72
     1
 10
1733.343161693498
 20
11149.99999999997
 11
833.3431616934973
 21
11149.99999999997
 72
     1
 10
833.3431616934973
 20
11149.99999999997
 11
833.3431616934973
 21
10849.99999999999
 97
        0
 92
        1
 93
        4
 72
     1
 10
-2166.656838306503
 20
11450.0
 11
-1866.656838306502
 21
11450.0
 72
     1
 10
-1866.656838306502
 20
11450.0
 11
-1866.656838306502
 21
10549.99999999999
 72
     1
 10
-1866.656838306502
 20
10549.99999999999
 11
-2166.656838306503
 21
10549.99999999999
 72
     1
 10
-2166.656838306503
 20
10549.99999999999
 11
-2166.656838306503
 21
11450.0
 97
        0
 92
        1
 93
        4
 72
     1
 10
833.3431616935049
 20
14849.99999999998
 11
1733.343161693519
 21
14849.99999999998
 72
     1
 10
1733.343161693519
 20
14849.99999999998
 11
1733.343161693519
 21
15149.99999999998
 72
     1
 10
1733.343161693519
 20
15149.99999999998
 11
833.3431616935049
 21
15149.99999999998
 72
     1
 10
833.3431616935049
 20
15149.99999999998
 11
833.3431616935049
 21
14849.99999999998
 97
        0
 92
        1
 93
        4
 72
     1
 10
-2166.656838306503
 20
15449.99999999998
 11
-1866.656838306502
 21
15449.99999999998
 72
     1
 10
-1866.656838306502
 20
15449.99999999998
 11
-1866.656838306502
 21
14549.99999999998
 72
     1
 10
-1866.656838306502
 20
14549.99999999998
 11
-2166.656838306503
 21
14549.99999999998
 72
     1
 10
-2166.656838306503
 20
14549.99999999998
 11
-2166.656838306503
 21
15449.99999999998
 97
        0
 92
        1
 93
        4
 72
     1
 10
833.3431616935049
 20
17849.99999999998
 11
1733.343161693519
 21
17849.99999999998
 72
     1
 10
1733.343161693519
 20
17849.99999999998
 11
1733.343161693519
 21
18149.99999999997
 72
     1
 10
1733.343161693519
 20
18149.99999999997
 11
833.3431616935049
 21
18149.99999999997
 72
     1
 10
833.3431616935049
 20
18149.99999999997
 11
833.3431616935049
 21
17849.99999999998
 97
        0
 92
        1
 93
        4
 72
     1
 10
-2166.656838306503
 20
18449.99999999998
 11
-1866.656838306502
 21
18449.99999999998
 72
     1
 10
-1866.656838306502
 20
18449.99999999998
 11
-1866.656838306502
 21
17549.99999999998
 72
     1
 10
-1866.656838306502
 20
17549.99999999998
 11
-2166.656838306503
 21
17549.99999999998
 72
     1
 10
-2166.656838306503
 20
17549.99999999998
 11
-2166.656838306503
 21
18449.99999999998
 97
        0
 92
        1
 93
        4
 72
     1
 10
833.3431616935193
 20
22849.99999999999
 11
1733.343161693519
 21
22849.99999999999
 72
     1
 10
1733.343161693519
 20
22849.99999999999
 11
1733.343161693519
 21
23149.99999999999
 72
     1
 10
1733.343161693519
 20
23149.99999999999
 11
833.3431616935193
 21
23149.99999999999
 72
     1
 10
833.3431616935193
 20
23149.99999999999
 11
833.3431616935193
 21
22849.99999999999
 97
        0
 92
        1
 93
        4
 72
     1
 10
-2166.656838306481
 20
22549.99999999999
 11
-1866.65683830648
 21
22549.99999999999
 72
     1
 10
-1866.65683830648
 20
22549.99999999999
 11
-1866.65683830648
 21
23449.99999999999
 72
     1
 10
-1866.65683830648
 20
23449.99999999999
 11
-2166.656838306481
 21
23449.99999999999
 72
     1
 10
-2166.656838306481
 20
23449.99999999999
 11
-2166.656838306481
 21
22549.99999999999
 97
        0
 92
        1
 93
        4
 72
     1
 10
833.3431616935193
 20
26149.99999999999
 11
1733.343161693519
 21
26149.99999999999
 72
     1
 10
1733.343161693519
 20
26149.99999999999
 11
1733.343161693519
 21
26449.99999999999
 72
     1
 10
1733.343161693519
 20
26449.99999999999
 11
833.3431616935193
 21
26449.99999999999
 72
     1
 10
833.3431616935193
 20
26449.99999999999
 11
833.3431616935193
 21
26149.99999999999
 97
        0
 92
        1
 93
        4
 72
     1
 10
-2166.656838306481
 20
25549.99999999999
 11
-1866.65683830648
 21
25549.99999999999
 72
     1
 10
-1866.65683830648
 20
25549.99999999999
 11
-1866.65683830648
 21
26449.99999999999
 72
     1
 10
-1866.65683830648
 20
26449.99999999999
 11
-2166.656838306481
 21
26449.99999999999
 72
     1
 10
-2166.656838306481
 20
26449.99999999999
 11
-2166.656838306481
 21
25549.99999999999
 97
        0
 75
     1
 76
     1
 52
0.0
 41
10.0
 77
     0
 78
     1
 53
45.0
 43
0.0
 44
0.0
 45
-22.45064030267288
 46
22.45064030267288
 79
     0
 98
        1
 10
0.0
 20
0.0
1001
GradientColor1ACI
1070
     5
1001
GradientColor2ACI
1070
     2
1001
ACAD
1010
0.0
1020
0.0
1030
0.0
  0
HATCH
  5
D01C
330
70
100
AcDbEntity
  8
CH-S-RAFT-FOLD
100
AcDbHatch
 10
0.0
 20
0.0
 30
0.0
210
0.0
220
0.0
230
1.0
  2
HONEY
 70
     0
 71
     0
 91
        8
 92
        1
 93
        4
 72
     1
 10
5683.343161693486
 20
26899.99999999997
 11
18883.34316169349
 21
26899.99999999997
 72
     1
 10
18883.34316169349
 20
26899.99999999997
 11
18883.34316169349
 21
22399.99999999996
 72
     1
 10
18883.34316169349
 20
22399.99999999996
 11
5683.343161693486
 21
22399.99999999996
 72
     1
 10
5683.343161693485
 20
22399.99999999996
 11
5683.343161693486
 21
26899.99999999997
 97
        0
 92
       16
 93
        4
 72
     1
 10
15433.34316169346
 20
26149.99999999989
 11
18133.34316169349
 21
26149.99999999989
 72
     1
 10
18133.34316169349
 20
26149.99999999989
 11
18133.34316169349
 21
23149.99999999991
 72
     1
 10
18133.34316169349
 20
23149.99999999991
 11
15433.34316169346
 21
23149.99999999991
 72
     1
 10
15433.34316169346
 20
23149.99999999991
 11
15433.34316169346
 21
26149.99999999989
 97
        0
 92
       16
 93
        4
 72
     1
 10
9433.343161693493
 20
26149.99999999996
 11
15133.34316169349
 21
26149.99999999996
 72
     1
 10
15133.34316169349
 20
26149.99999999996
 11
15133.34316169349
 21
23149.99999999993
 72
     1
 10
15133.34316169349
 20
23149.99999999993
 11
9433.343161693493
 21
23149.99999999993
 72
     1
 10
9433.343161693493
 20
23149.99999999993
 11
9433.343161693493
 21
26149.99999999996
 97
        0
 92
       16
 93
        4
 72
     1
 10
6433.343161693487
 20
26149.99999999997
 11
9133.343161693456
 21
26149.99999999997
 72
     1
 10
9133.343161693456
 20
26149.99999999997
 11
9133.343161693456
 21
23149.99999999996
 72
     1
 10
9133.343161693456
 20
23149.99999999996
 11
6433.343161693487
 21
23149.99999999996
 72
     1
 10
6433.343161693487
 20
23149.99999999996
 11
6433.343161693487
 21
26149.99999999997
 97
        0
 92
       16
 93
        4
 72
     1
 10
15433.34316169346
 20
2849.999999999886
 11
18133.34316169349
 21
2849.999999999886
 72
     1
 10
18133.34316169349
 20
2849.999999999886
 11
18133.34316169349
 21
-150.0000000000946
 72
     1
 10
18133.34316169349
 20
-150.0000000000946
 11
15433.34316169346
 21
-150.0000000000946
 72
     1
 10
15433.34316169346
 20
-150.0000000000946
 11
15433.34316169346
 21
2849.999999999886
 97
        0
 92
       16
 93
        4
 72
     1
 10
9433.343161693493
 20
2849.999999999955
 11
15133.34316169349
 21
2849.999999999955
 72
     1
 10
15133.34316169349
 20
2849.999999999955
 11
15133.34316169349
 21
-150.0000000000727
 72
     1
 10
15133.34316169349
 20
-150.0000000000727
 11
9433.343161693493
 21
-150.0000000000727
 72
     1
 10
9433.343161693493
 20
-150.0000000000727
 11
9433.343161693493
 21
2849.999999999955
 97
        0
 92
        1
 93
        4
 72
     1
 10
5683.343161693488
 20
3599.999999999969
 11
18883.34316169349
 21
3599.999999999969
 72
     1
 10
18883.34316169349
 20
3599.999999999969
 11
18883.34316169349
 21
-900.0000000000436
 72
     1
 10
18883.34316169349
 20
-900.0000000000438
 11
5683.343161693486
 21
-900.0000000000438
 72
     1
 10
5683.343161693486
 20
-900.0000000000438
 11
5683.343161693488
 21
3599.999999999969
 97
        0
 92
       16
 93
        4
 72
     1
 10
6433.343161693487
 20
2849.999999999969
 11
9133.343161693456
 21
2849.999999999969
 72
     1
 10
9133.343161693456
 20
2849.999999999969
 11
9133.343161693456
 21
-150.0000000000436
 72
     1
 10
9133.343161693456
 20
-150.0000000000436
 11
6433.343161693487
 21
-150.0000000000436
 72
     1
 10
6433.343161693487
 20
-150.0000000000436
 11
6433.343161693487
 21
2849.999999999969
 97
        0
 75
     1
 76
     1
 52
0.0
 41
10.0
 77
     0
 78
     3
 53
0.0
 43
0.0
 44
0.0
 45
47.625
 46
27.49630645
 79
     2
 49
31.75
 49
-63.5
 53
120.0
 43
0.0
 44
0.0
 45
-47.6249998959419
 46
27.49630663023391
 79
     2
 49
31.75
 49
-63.49999999999999
 53
60.0
 43
0.0
 44
0.0
 45
0.000000104058091
 46
54.99261308023388
 79
     2
 49
-63.5
 49
31.75
 98
        1
 10
0.0
 20
0.0
1001
GradientColor1ACI
1070
     5
1001
GradientColor2ACI
1070
     2
1001
ACAD
1010
0.0
1020
0.0
1030
0.0
  0
MTEXT
  5
D01E
330
70
100
AcDbEntity
  8
CH-LEGEND
100
AcDbMText
 10
29299.14124789366
 20
-7971.761523476205
 30
0.0
 40
100.0
 41
4623.548096472661
 46
0.0
 71
     4
 72
     5
  1
INDICATES COLUMN STOP AT LEVEL
  7
JetBrains Mono
 73
     2
 44
1.0
1001
REVIT
1002
{
1070
     1
1000
366712
1002
}
1002
{
1070
     5
1000
366229
1002
}
1002
{
1070
     2
1000
-2005018
1002
}
  0
MTEXT
  5
D01F
330
70
100
AcDbEntity
  8
CH-LEGEND
100
AcDbMText
 10
29299.14124789366
 20
-8488.230418929976
 30
0.0
 40
100.0
 41
4623.548096472661
 46
0.0
 71
     4
 72
     5
  1
INDICATES SLAB AT BEAM BOTTOM
  7
JetBrains Mono
 73
     2
 44
1.0
1001
REVIT
1002
{
1070
     1
1000
366712
1002
}
1002
{
1070
     5
1000
366229
1002
}
1002
{
1070
     2
1000
-2005018
1002
}
  0
MTEXT
  5
D020
330
70
100
AcDbEntity
  8
CH-LEGEND
100
AcDbMText
 10
29299.14124789366
 20
-8983.192429038593
 30
0.0
 40
100.0
 41
4623.548096472661
 46
0.0
 71
     4
 72
     5
  1
INDICATES RAFT SUNK
  7
JetBrains Mono
 73
     2
 44
1.0
1001
REVIT
1002
{
1070
     1
1000
366712
1002
}
1002
{
1070
     5
1000
366229
1002
}
1002
{
1070
     2
1000
-2005018
1002
}
  0
MTEXT
  5
D021
330
70
100
AcDbEntity
  8
CH-LEGEND
100
AcDbMText
 10
29299.14124789366
 20
-7543.381989132702
 30
0.0
 40
100.0
 41
4623.548096472661
 46
0.0
 71
     4
 72
     5
  1
INDICATES SLAB/BEAM SUNK BY 150MM. 
  7
JetBrains Mono
 73
     2
 44
1.0
1001
REVIT
1002
{
1070
     1
1000
366712
1002
}
1002
{
1070
     5
1000
366229
1002
}
1002
{
1070
     2
1000
-2005018
1002
}
  0
HATCH
  5
D035
330
70
100
AcDbEntity
  8
CH-S-RAFT-SUNK
100
AcDbHatch
 10
0.0
 20
0.0
 30
0.0
210
0.0
220
0.0
230
1.0
  2
ANSI37
 70
     0
 71
     0
 91
        1
 92
        1
 93
        4
 72
     1
 10
10533.34316169352
 20
15949.99999999995
 11
14033.34316169251
 21
15949.99999999995
 72
     1
 10
14033.34316169251
 20
15949.99999999995
 11
14033.34316169251
 21
10049.99999999994
 72
     1
 10
14033.34316169251
 20
10049.99999999994
 11
10533.34316169352
 21
10049.99999999994
 72
     1
 10
10533.34316169352
 20
10049.99999999994
 11
10533.34316169352
 21
15949.99999999995
 97
        0
 75
     1
 76
     1
 52
0.0
 41
10.0
 77
     0
 78
     2
 53
45.0
 43
0.0
 44
0.0
 45
-22.45064030267288
 46
22.45064030267288
 79
     0
 53
135.0
 43
0.0
 44
0.0
 45
-22.45064030267288
 46
-22.45064030267288
 79
     0
 98
        1
 10
0.0
 20
0.0
1001
GradientColor1ACI
1070
     5
1001
GradientColor2ACI
1070
     2
1001
ACAD
1010
0.0
1020
0.0
1030
0.0
  0
LWPOLYLINE
  5
D048
330
70
100
AcDbEntity
  8
CH-STAIRS
100
AcDbPolyline
 90
        4
 70
     1
 43
0.0
 10
66060.46587605495
 20
2849.999999999958
 10
68760.46587605495
 20
2849.999999999958
 10
68760.46587605495
 20
1449.999999999941
 10
66060.46587605495
 20
1449.999999999941
  0
LWPOLYLINE
  5
D049
330
70
100
AcDbEntity
  8
CH-STAIRS
100
AcDbPolyline
 90
        4
 70
     1
 43
0.0
 10
66060.46587605496
 20
1249.999999999941
 10
68760.46587605495
 20
1249.999999999941
 10
68760.46587605495
 20
-150.000000000065
 10
66060.46587605496
 20
-150.000000000065
  0
LWPOLYLINE
  5
D04A
330
70
100
AcDbEntity
  8
CH-STAIRS
100
AcDbPolyline
 90
        4
 70
     1
 43
0.0
 10
64560.46587605495
 20
2849.999999999964
 10
66060.46587605496
 20
2849.999999999964
 10
66060.46587605496
 20
-150.0000000000436
 10
64560.46587605495
 20
-150.0000000000436
  0
LWPOLYLINE
  5
D04B
330
70
100
AcDbEntity
  8
CH-STAIRS
100
AcDbPolyline
 90
        4
 70
     1
 43
0.0
 10
68760.46587605495
 20
2849.999999999942
 10
70260.46587605492
 20
2849.999999999942
 10
70260.46587605492
 20
-150.0000000000727
 10
68760.46587605495
 20
-150.0000000000727
  0
POINT
  5
D04C
330
70
100
AcDbEntity
  8
0-Origin
100
AcDbPoint
 10
6433.34316169349
 20
26149.99999999997
 30
0.0
  0
LWPOLYLINE
  5
D04D
330
70
100
AcDbEntity
  8
CH-S-BEAM
100
AcDbPolyline
 90
        4
 70
     1
 43
0.0
 10
52960.46587605498
 20
25549.99999999999
 10
53260.46587605498
 20
25549.99999999999
 10
53260.46587605498
 20
23449.99999999999
 10
52960.46587605498
 20
23449.99999999999
  0
LWPOLYLINE
  5
D04E
330
70
100
AcDbEntity
  8
CH-S-BEAM
100
AcDbPolyline
 90
        4
 70
     1
 43
0.0
 10
52960.46587605498
 20
22549.99999999999
 10
53260.46587605495
 20
22549.99999999999
 10
53260.46587605495
 20
18449.99999999998
 10
52960.46587605498
 20
18449.99999999998
  0
LWPOLYLINE
  5
D04F
330
70
100
AcDbEntity
  8
CH-S-BEAM
100
AcDbPolyline
 90
        4
 70
     1
 43
0.0
 10
52960.46587605496
 20
17549.99999999998
 10
53260.46587605495
 20
17549.99999999998
 10
53260.46587605495
 20
15449.99999999998
 10
52960.46587605496
 20
15449.99999999998
  0
LWPOLYLINE
  5
D050
330
70
100
AcDbEntity
  8
CH-S-BEAM
100
AcDbPolyline
 90
        4
 70
     1
 43
0.0
 10
52960.46587605496
 20
14549.99999999998
 10
53260.46587605495
 20
14549.99999999998
 10
53260.46587605495
 20
11450.0
 10
52960.46587605496
 20
11450.0
  0
LWPOLYLINE
  5
D051
330
70
100
AcDbEntity
  8
CH-S-BEAM
100
AcDbPolyline
 90
        4
 70
     1
 43
0.0
 10
52960.46587605496
 20
10549.99999999999
 10
53260.46587605495
 20
10549.99999999999
 10
53260.46587605495
 20
8450.0
 10
52960.46587605496
 20
8450.0
  0
LWPOLYLINE
  5
D052
330
70
100
AcDbEntity
  8
CH-S-BEAM
100
AcDbPolyline
 90
        4
 70
     1
 43
0.0
 10
52960.46587605495
 20
7550.0
 10
53260.46587605495
 20
7550.0
 10
53260.46587605495
 20
3450.0
 10
52960.46587605495
 20
3450.0
  0
LWPOLYLINE
  5
D053
330
70
100
AcDbEntity
  8
CH-S-BEAM
100
AcDbPolyline
 90
        4
 70
     1
 43
0.0
 10
52960.46587605492
 20
2550.0
 10
53260.46587605495
 20
2550.0
 10
53260.46587605495
 20
449.9999999999927
 10
52960.46587605492
 20
449.9999999999927
  0
LWPOLYLINE
  5
D054
330
70
100
AcDbEntity
  8
CH-S-BEAM
100
AcDbPolyline
 90
        4
 70
     1
 43
0.0
 10
53260.46587605495
 20
-150.0000000000073
 10
55960.46587605493
 20
-150.0000000000073
 10
55960.46587605493
 20
-450.0000000000142
 10
53260.46587605495
 20
-450.0000000000142
  0
LWPOLYLINE
  5
D055
330
70
100
AcDbEntity
  8
CH-S-BEAM
100
AcDbPolyline
 90
        4
 70
     1
 43
0.0
 10
53260.46587605495
 20
3079.999999999993
 10
55960.46587605493
 20
3079.999999999993
 10
55960.46587605493
 20
2849.999999999985
 10
53260.46587605495
 20
2849.999999999985
  0
LWPOLYLINE
  5
D056
330
70
100
AcDbEntity
  8
CH-S-BEAM
100
AcDbPolyline
 90
        4
 70
     1
 43
0.0
 10
56860.46587605494
 20
-150.0000000000145
 10
61260.46587605496
 20
-150.0000000000145
 10
61260.46587605496
 20
-450.0000000000291
 10
56860.46587605494
 20
-450.0000000000291
  0
LWPOLYLINE
  5
D057
330
70
100
AcDbEntity
  8
CH-S-BEAM
100
AcDbPolyline
 90
        4
 70
     1
 43
0.0
 10
56860.46587605494
 20
3079.999999999906
 10
61260.46587605476
 20
3079.999999999906
 10
61260.46587605476
 20
2849.999999999898
 10
56860.46587605494
 20
2849.999999999898
  0
LWPOLYLINE
  5
D058
330
70
100
AcDbEntity
  8
CH-S-BEAM
100
AcDbPolyline
 90
        4
 70
     1
 43
0.0
 10
61560.46587605495
 20
3149.999999999971
 10
64260.46587605495
 20
3149.999999999971
 10
64260.46587605495
 20
2849.999999999964
 10
61560.46587605495
 20
2849.999999999964
  0
LWPOLYLINE
  5
D059
330
70
100
AcDbEntity
  8
CH-S-BEAM
100
AcDbPolyline
 90
        4
 70
     1
 43
0.0
 10
64560.46587605477
 20
3149.999999999943
 10
70260.46587605494
 20
3149.999999999943
 10
70260.46587605494
 20
2849.999999999942
 10
64560.46587605477
 20
2849.999999999942
  0
LWPOLYLINE
  5
D05A
330
70
100
AcDbEntity
  8
CH-S-BEAM
100
AcDbPolyline
 90
        4
 70
     1
 43
0.0
 10
70560.46587605495
 20
3149.999999999942
 10
73260.46587605495
 20
3149.999999999942
 10
73260.46587605495
 20
2849.999999999927
 10
70560.46587605495
 20
2849.999999999927
  0
LWPOLYLINE
  5
D05B
330
70
100
AcDbEntity
  8
CH-S-BEAM
100
AcDbPolyline
 90
        4
 70
     1
 43
0.0
 10
73560.46587605505
 20
3079.999999999488
 10
77960.46587605486
 20
3079.999999999488
 10
77960.46587605486
 20
2849.999999999477
 10
73560.46587605505
 20
2849.999999999477
  0
LWPOLYLINE
  5
D05C
330
70
100
AcDbEntity
  8
CH-S-BEAM
100
AcDbPolyline
 90
        4
 70
     1
 43
0.0
 10
78860.46587605495
 20
3079.999999999494
 10
81560.46587605493
 20
3079.999999999494
 10
81560.46587605493
 20
2849.999999999485
 10
78860.46587605495
 20
2849.999999999485
  0
LWPOLYLINE
  5
D05D
330
70
100
AcDbEntity
  8
CH-S-BEAM
100
AcDbPolyline
 90
        4
 70
     1
 43
0.0
 10
73560.46587605492
 20
-150.0000000000072
 10
77960.46587605492
 20
-150.0000000001721
 10
77960.46587605492
 20
-450.0000000001788
 10
73560.46587605492
 20
-450.0000000000141
  0
LWPOLYLINE
  5
D05E
330
70
100
AcDbEntity
  8
CH-S-BEAM
100
AcDbPolyline
 90
        4
 70
     1
 43
0.0
 10
78860.46587605492
 20
-150.0000000000072
 10
81560.46587605493
 20
-150.0000000000838
 10
81560.46587605493
 20
-450.0000000000907
 10
78860.46587605492
 20
-450.0000000000141
  0
LWPOLYLINE
  5
D05F
330
70
100
AcDbEntity
  8
CH-S-BEAM
100
AcDbPolyline
 90
        4
 70
     1
 43
0.0
 10
53260.465876055
 20
8149.999999999987
 10
55960.46587605497
 20
8149.999999999987
 10
55960.46587605497
 20
7919.999999999976
 10
53260.465876055
 20
7919.999999999976
  0
LWPOLYLINE
  5
D060
330
70
100
AcDbEntity
  8
CH-S-BEAM
100
AcDbPolyline
 90
        4
 70
     1
 43
0.0
 10
56860.465876055
 20
8149.999999999897
 10
60960.46587605495
 20
8149.999999999904
 10
60960.46587605495
 20
7919.999999999896
 10
56860.465876055
 20
7919.999999999889
  0
LWPOLYLINE
  5
D061
330
70
100
AcDbEntity
  8
CH-S-BEAM
100
AcDbPolyline
 90
        4
 70
     1
 43
0.0
 10
61860.46587605495
 20
8149.999999999966
 10
63960.46587605495
 20
8149.999999999966
 10
63960.46587605495
 20
7849.999999999958
 10
61860.46587605495
 20
7849.999999999958
  0
LWPOLYLINE
  5
D062
330
70
100
AcDbEntity
  8
CH-S-BEAM
100
AcDbPolyline
 90
        4
 70
     1
 43
0.0
 10
64860.46587605494
 20
8149.999999999939
 10
69960.46587605495
 20
8149.999999999936
 10
69960.46587605495
 20
7849.999999999936
 10
64860.46587605494
 20
7849.999999999936
  0
LWPOLYLINE
  5
D063
330
70
100
AcDbEntity
  8
CH-S-BEAM
100
AcDbPolyline
 90
        4
 70
     1
 43
0.0
 10
70860.46587605495
 20
8149.999999999936
 10
72960.46587605497
 20
8149.99999999995
 10
72960.46587605497
 20
7849.999999999936
 10
70860.46587605495
 20
7849.99999999992
  0
LWPOLYLINE
  5
D064
330
70
100
AcDbEntity
  8
CH-S-BEAM
100
AcDbPolyline
 90
        4
 70
     1
 43
0.0
 10
73860.46587605497
 20
8149.999999999478
 10
77960.46587605492
 20
8149.999999999478
 10
77960.46587605492
 20
7919.99999999947
 10
73860.46587605497
 20
7919.99999999947
  0
LWPOLYLINE
  5
D065
330
70
100
AcDbEntity
  8
CH-S-BEAM
100
AcDbPolyline
 90
        4
 70
     1
 43
0.0
 10
78860.46587605501
 20
8149.999999999486
 10
81560.46587605496
 20
8149.999999999486
 10
81560.46587605496
 20
7919.999999999479
 10
78860.46587605501
 20
7919.999999999479
  0
LWPOLYLINE
  5
D066
330
70
100
AcDbEntity
  8
CH-S-BEAM
100
AcDbPolyline
 90
        4
 70
     1
 43
0.0
 10
53260.46587605505
 20
11080.0
 10
55960.46587605503
 20
11080.0
 10
55960.46587605503
 20
10849.99999999999
 10
53260.46587605505
 20
10849.99999999999
  0
LWPOLYLINE
  5
D067
330
70
100
AcDbEntity
  8
CH-S-BEAM
100
AcDbPolyline
 90
        4
 70
     1
 43
0.0
 10
56860.46587605503
 20
11079.99999999991
 10
60960.46587605497
 20
11079.99999999991
 10
60960.46587605497
 20
10849.9999999999
 10
56860.46587605503
 20
10849.9999999999
  0
LWPOLYLINE
  5
D068
330
70
100
AcDbEntity
  8
CH-S-BEAM
100
AcDbPolyline
 90
        4
 70
     1
 43
0.0
 10
61860.46587605495
 20
11079.99999999996
 10
63960.46587605495
 20
11079.99999999995
 10
63960.46587605495
 20
10849.99999999994
 10
61860.46587605495
 20
10849.99999999995
  0
LWPOLYLINE
  5
D069
330
70
100
AcDbEntity
  8
CH-S-BEAM
100
AcDbPolyline
 90
        4
 70
     1
 43
0.0
 10
64860.46587605494
 20
11079.99999999992
 10
69960.46587605495
 20
11079.99999999995
 10
69960.46587605495
 20
10849.99999999995
 10
64860.46587605494
 20
10849.99999999992
  0
LWPOLYLINE
  5
D06A
330
70
100
AcDbEntity
  8
CH-S-BEAM
100
AcDbPolyline
 90
        4
 70
     1
 43
0.0
 10
70860.46587605495
 20
11079.99999999995
 10
72960.46587605497
 20
11079.99999999993
 10
72960.46587605497
 20
10849.99999999992
 10
70860.46587605495
 20
10849.99999999993
  0
LWPOLYLINE
  5
D06B
330
70
100
AcDbEntity
  8
CH-S-BEAM
100
AcDbPolyline
 90
        4
 70
     1
 43
0.0
 10
73860.46587605497
 20
11079.99999999949
 10
77960.46587605497
 20
11079.99999999949
 10
77960.46587605497
 20
10849.99999999948
 10
73860.46587605497
 20
10849.99999999948
  0
LWPOLYLINE
  5
D06C
330
70
100
AcDbEntity
  8
CH-S-BEAM
100
AcDbPolyline
 90
        4
 70
     1
 43
0.0
 10
78860.46587605505
 20
11079.9999999995
 10
81560.46587605501
 20
11079.9999999995
 10
81560.46587605501
 20
10849.99999999949
 10
78860.46587605505
 20
10849.99999999949
  0
LWPOLYLINE
  5
D074
330
70
100
AcDbEntity
  8
CH-S-BEAM
100
AcDbPolyline
 90
        4
 70
     1
 43
0.0
 10
53260.465876055
 20
18079.99999999999
 10
55960.46587605497
 20
18079.99999999999
 10
55960.46587605497
 20
17849.99999999998
 10
53260.465876055
 20
17849.99999999998
  0
LWPOLYLINE
  5
D075
330
70
100
AcDbEntity
  8
CH-S-BEAM
100
AcDbPolyline
 90
        4
 70
     1
 43
0.0
 10
56860.465876055
 20
18079.9999999999
 10
60960.46587605497
 20
18079.9999999999
 10
60960.46587605497
 20
17849.99999999989
 10
56860.465876055
 20
17849.99999999989
  0
LWPOLYLINE
  5
D076
330
70
100
AcDbEntity
  8
CH-S-BEAM
100
AcDbPolyline
 90
        4
 70
     1
 43
0.0
 10
61860.46587605497
 20
18149.99999999995
 10
63960.46587605497
 20
18149.99999999997
 10
63960.46587605497
 20
17849.99999999996
 10
61860.46587605497
 20
17849.99999999995
  0
LWPOLYLINE
  5
D077
330
70
100
AcDbEntity
  8
CH-S-BEAM
100
AcDbPolyline
 90
        4
 70
     1
 43
0.0
 10
64860.46587605497
 20
18149.99999999995
 10
69960.46587605495
 20
18149.99999999994
 10
69960.46587605495
 20
17849.99999999994
 10
64860.46587605497
 20
17849.99999999995
  0
LWPOLYLINE
  5
D078
330
70
100
AcDbEntity
  8
CH-S-BEAM
100
AcDbPolyline
 90
        4
 70
     1
 43
0.0
 10
70860.46587605495
 20
18149.99999999992
 10
72960.46587605497
 20
18149.99999999994
 10
72960.46587605497
 20
17849.99999999992
 10
70860.46587605495
 20
17849.99999999991
  0
LWPOLYLINE
  5
D079
330
70
100
AcDbEntity
  8
CH-S-BEAM
100
AcDbPolyline
 90
        4
 70
     1
 43
0.0
 10
73860.46587605497
 20
18079.99999999948
 10
77960.46587605492
 20
18079.99999999948
 10
77960.46587605492
 20
17849.99999999947
 10
73860.46587605497
 20
17849.99999999947
  0
LWPOLYLINE
  5
D07A
330
70
100
AcDbEntity
  8
CH-S-BEAM
100
AcDbPolyline
 90
        4
 70
     1
 43
0.0
 10
78860.46587605501
 20
18079.99999999949
 10
81560.46587605496
 20
18079.99999999949
 10
81560.46587605496
 20
17849.99999999948
 10
78860.46587605501
 20
17849.99999999948
  0
LWPOLYLINE
  5
D07B
330
70
100
AcDbEntity
  8
CH-S-BEAM
100
AcDbPolyline
 90
        4
 70
     1
 43
0.0
 10
53260.465876055
 20
23150.00000000006
 10
55960.46587605497
 20
23150.00000000006
 10
55960.46587605497
 20
22920.00000000005
 10
53260.465876055
 20
22920.00000000005
  0
LWPOLYLINE
  5
D07C
330
70
100
AcDbEntity
  8
CH-S-BEAM
100
AcDbPolyline
 90
        4
 70
     1
 43
0.0
 10
56860.465876055
 20
23149.99999999997
 10
61260.46587605483
 20
23149.99999999997
 10
61260.46587605483
 20
22919.99999999996
 10
56860.465876055
 20
22919.99999999996
  0
LWPOLYLINE
  5
D07D
330
70
100
AcDbEntity
  8
CH-S-BEAM
100
AcDbPolyline
 90
        4
 70
     1
 43
0.0
 10
61560.46587605501
 20
23149.99999999998
 10
64260.46587605501
 20
23149.99999999998
 10
64260.46587605501
 20
22849.99999999997
 10
61560.46587605501
 20
22849.99999999997
  0
LWPOLYLINE
  5
D07E
330
70
100
AcDbEntity
  8
CH-S-BEAM
100
AcDbPolyline
 90
        4
 70
     1
 43
0.0
 10
64560.46587605483
 20
23149.99999999995
 10
70260.46587605499
 20
23149.99999999995
 10
70260.46587605499
 20
22849.99999999995
 10
64560.46587605483
 20
22849.99999999995
  0
LWPOLYLINE
  5
D07F
330
70
100
AcDbEntity
  8
CH-S-BEAM
100
AcDbPolyline
 90
        4
 70
     1
 43
0.0
 10
70560.46587605501
 20
23149.99999999995
 10
73260.465876055
 20
23149.99999999995
 10
73260.465876055
 20
22849.99999999993
 10
70560.46587605501
 20
22849.99999999993
  0
LWPOLYLINE
  5
D080
330
70
100
AcDbEntity
  8
CH-S-BEAM
100
AcDbPolyline
 90
        4
 70
     1
 43
0.0
 10
73560.46587605511
 20
23149.99999999955
 10
77960.46587605492
 20
23149.99999999955
 10
77960.46587605492
 20
22919.99999999954
 10
73560.46587605511
 20
22919.99999999954
  0
LWPOLYLINE
  5
D081
330
70
100
AcDbEntity
  8
CH-S-BEAM
100
AcDbPolyline
 90
        4
 70
     1
 43
0.0
 10
78860.46587605501
 20
23149.99999999956
 10
81560.46587605496
 20
23149.99999999956
 10
81560.46587605496
 20
22919.99999999955
 10
78860.46587605501
 20
22919.99999999955
  0
LWPOLYLINE
  5
D082
330
70
100
AcDbEntity
  8
CH-S-BEAM
100
AcDbPolyline
 90
        4
 70
     1
 43
0.0
 10
53260.46587605499
 20
26450.0
 10
55960.46587605497
 20
26450.0
 10
55960.46587605497
 20
26149.99999999999
 10
53260.465876055
 20
26149.99999999999
  0
LWPOLYLINE
  5
D083
330
70
100
AcDbEntity
  8
CH-S-BEAM
100
AcDbPolyline
 90
        4
 70
     1
 43
0.0
 10
56860.4658760551
 20
26449.99999999998
 10
61260.46587605491
 20
26449.99999999998
 10
61260.46587605483
 20
26149.9999999999
 10
56860.465876055
 20
26149.9999999999
  0
LWPOLYLINE
  5
D087
330
70
100
AcDbEntity
  8
CH-S-BEAM
100
AcDbPolyline
 90
        4
 70
     1
 43
0.0
 10
73560.46587605511
 20
26449.99999999992
 10
77960.46587605492
 20
26449.99999999992
 10
77960.46587605492
 20
26149.99999999948
 10
73560.46587605511
 20
26149.99999999948
  0
LWPOLYLINE
  5
D088
330
70
100
AcDbEntity
  8
CH-S-BEAM
100
AcDbPolyline
 90
        4
 70
     1
 43
0.0
 10
78860.46587605501
 20
26449.99999999991
 10
81560.46587605496
 20
26449.99999999991
 10
81560.46587605496
 20
26149.99999999949
 10
78860.46587605501
 20
26149.99999999949
  0
LWPOLYLINE
  5
D090
330
70
100
AcDbEntity
  8
CH-S-BEAM
100
AcDbPolyline
 90
        4
 70
     1
 43
0.0
 10
53260.46587605508
 20
15149.99999999998
 10
55960.46587605505
 20
15149.99999999998
 10
55960.46587605505
 20
14919.99999999997
 10
53260.46587605508
 20
14919.99999999997
  0
LWPOLYLINE
  5
D091
330
70
100
AcDbEntity
  8
CH-S-BEAM
100
AcDbPolyline
 90
        4
 70
     1
 43
0.0
 10
56860.46587605508
 20
15149.99999999989
 10
60960.46587605501
 20
15149.99999999989
 10
60960.46587605501
 20
14919.99999999989
 10
56860.46587605508
 20
14919.99999999989
  0
LWPOLYLINE
  5
D092
330
70
100
AcDbEntity
  8
CH-S-BEAM
100
AcDbPolyline
 90
        4
 70
     1
 43
0.0
 10
61860.46587605499
 20
15149.99999999994
 10
63960.46587605497
 20
15149.99999999993
 10
63960.46587605497
 20
14919.99999999993
 10
61860.46587605499
 20
14919.99999999993
  0
LWPOLYLINE
  5
D093
330
70
100
AcDbEntity
  8
CH-S-BEAM
100
AcDbPolyline
 90
        4
 70
     1
 43
0.0
 10
64860.46587605499
 20
15149.9999999999
 10
69960.46587605496
 20
15149.99999999993
 10
69960.46587605496
 20
14919.99999999993
 10
64860.46587605499
 20
14919.9999999999
  0
LWPOLYLINE
  5
D094
330
70
100
AcDbEntity
  8
CH-S-BEAM
100
AcDbPolyline
 90
        4
 70
     1
 43
0.0
 10
70860.46587605497
 20
15149.99999999993
 10
72960.46587605499
 20
15149.99999999991
 10
72960.46587605499
 20
14919.9999999999
 10
70860.46587605497
 20
14919.99999999991
  0
LWPOLYLINE
  5
D095
330
70
100
AcDbEntity
  8
CH-S-BEAM
100
AcDbPolyline
 90
        4
 70
     1
 43
0.0
 10
73860.46587605499
 20
15149.99999999947
 10
77960.46587605499
 20
15149.99999999947
 10
77960.46587605499
 20
14919.99999999946
 10
73860.46587605499
 20
14919.99999999946
  0
LWPOLYLINE
  5
D096
330
70
100
AcDbEntity
  8
CH-S-BEAM
100
AcDbPolyline
 90
        4
 70
     1
 43
0.0
 10
78860.46587605508
 20
15149.99999999948
 10
81560.46587605505
 20
15149.99999999948
 10
81560.46587605505
 20
14919.99999999946
 10
78860.46587605508
 20
14919.99999999946
  0
LWPOLYLINE
  5
D098
330
70
100
AcDbEntity
  8
CH-S-BEAM
100
AcDbPolyline
 90
        4
 70
     1
 43
0.0
 10
81560.46587605496
 20
25549.99999999999
 10
81860.46587605495
 20
25549.99999999999
 10
81860.46587605495
 20
23449.99999999999
 10
81560.46587605496
 20
23449.99999999999
  0
LWPOLYLINE
  5
D099
330
70
100
AcDbEntity
  8
CH-S-BEAM
100
AcDbPolyline
 90
        4
 70
     1
 43
0.0
 10
81560.46587605496
 20
22549.99999999999
 10
81860.46587605495
 20
22549.99999999999
 10
81860.46587605495
 20
18449.99999999998
 10
81560.46587605496
 20
18449.99999999998
  0
LWPOLYLINE
  5
D09A
330
70
100
AcDbEntity
  8
CH-S-BEAM
100
AcDbPolyline
 90
        4
 70
     1
 43
0.0
 10
81560.46587605493
 20
17549.99999999998
 10
81860.46587605495
 20
17549.99999999998
 10
81860.46587605495
 20
15449.99999999998
 10
81560.46587605493
 20
15449.99999999998
  0
LWPOLYLINE
  5
D09B
330
70
100
AcDbEntity
  8
CH-S-BEAM
100
AcDbPolyline
 90
        4
 70
     1
 43
0.0
 10
81560.46587605493
 20
14549.99999999998
 10
81860.46587605495
 20
14549.99999999998
 10
81860.46587605495
 20
11450.0
 10
81560.46587605493
 20
11450.0
  0
LWPOLYLINE
  5
D09C
330
70
100
AcDbEntity
  8
CH-S-BEAM
100
AcDbPolyline
 90
        4
 70
     1
 43
0.0
 10
81560.46587605493
 20
10549.99999999999
 10
81860.46587605495
 20
10549.99999999999
 10
81860.46587605495
 20
8450.0
 10
81560.46587605493
 20
8450.0
  0
LWPOLYLINE
  5
D09D
330
70
100
AcDbEntity
  8
CH-S-BEAM
100
AcDbPolyline
 90
        4
 70
     1
 43
0.0
 10
81560.46587605493
 20
7550.0
 10
81860.46587605495
 20
7550.0
 10
81860.46587605495
 20
3450.0
 10
81560.46587605493
 20
3450.0
  0
LWPOLYLINE
  5
D09E
330
70
100
AcDbEntity
  8
CH-S-BEAM
100
AcDbPolyline
 90
        4
 70
     1
 43
0.0
 10
81560.46587605493
 20
2550.0
 10
81860.46587605495
 20
2550.0
 10
81860.46587605495
 20
449.9999999999927
 10
81560.46587605493
 20
449.9999999999927
  0
LWPOLYLINE
  5
D0A0
330
70
100
AcDbEntity
  8
CH-S-BEAM
100
AcDbPolyline
 90
        4
 70
     1
 43
0.0
 10
78310.46587605512
 20
26149.99999999992
 10
78510.46587605512
 20
26149.99999999992
 10
78510.4658760551
 20
23149.99999999991
 10
78310.46587605508
 20
23149.99999999991
  0
LWPOLYLINE
  5
D0A1
330
70
100
AcDbEntity
  8
CH-S-BEAM
100
AcDbPolyline
 90
        4
 70
     1
 43
0.0
 10
78310.46587605514
 20
22849.99999999992
 10
78510.46587605511
 20
22849.99999999992
 10
78510.46587605508
 20
18149.99999999991
 10
78310.46587605511
 20
18149.99999999991
  0
LWPOLYLINE
  5
D0A2
330
70
100
AcDbEntity
  8
CH-S-BEAM
100
AcDbPolyline
 90
        4
 70
     1
 43
0.0
 10
78310.46587605508
 20
17849.99999999991
 10
78510.4658760551
 20
17849.99999999991
 10
78510.46587605508
 20
15149.99999999991
 10
78310.46587605508
 20
15149.99999999991
  0
LWPOLYLINE
  5
D0A3
330
70
100
AcDbEntity
  8
CH-S-BEAM
100
AcDbPolyline
 90
        4
 70
     1
 43
0.0
 10
78310.46587605508
 20
14849.9999999999
 10
78510.46587605508
 20
14849.9999999999
 10
78510.46587605495
 20
11149.99999999991
 10
78310.46587605495
 20
11149.99999999991
  0
LWPOLYLINE
  5
D0A4
330
70
100
AcDbEntity
  8
CH-S-BEAM
100
AcDbPolyline
 90
        4
 70
     1
 43
0.0
 10
78310.46587605495
 20
10849.99999999991
 10
78510.46587605495
 20
10849.99999999991
 10
78510.46587605508
 20
8149.999999999913
 10
78310.46587605508
 20
8149.999999999913
  0
LWPOLYLINE
  5
D0A5
330
70
100
AcDbEntity
  8
CH-S-BEAM
100
AcDbPolyline
 90
        4
 70
     1
 43
0.0
 10
78310.46587605508
 20
7849.999999999913
 10
78510.46587605508
 20
7849.999999999913
 10
78510.46587605508
 20
3149.999999999913
 10
78310.46587605508
 20
3149.999999999913
  0
LWPOLYLINE
  5
D0A6
330
70
100
AcDbEntity
  8
CH-S-BEAM
100
AcDbPolyline
 90
        4
 70
     1
 43
0.0
 10
78310.46587605508
 20
2849.999999999912
 10
78510.4658760551
 20
2849.999999999912
 10
78510.46587605495
 20
-150.0000000000873
 10
78310.46587605492
 20
-150.0000000000873
  0
LWPOLYLINE
  5
D0A9
330
70
100
AcDbEntity
  8
CH-S-BEAM
100
AcDbPolyline
 90
        4
 70
     1
 43
0.0
 10
73310.46587605512
 20
22849.99999999993
 10
73510.4658760551
 20
22849.99999999993
 10
73510.46587605508
 20
18149.99999999992
 10
73310.46587605508
 20
18149.99999999992
  0
LWPOLYLINE
  5
D0AA
330
70
100
AcDbEntity
  8
CH-S-BEAM
100
AcDbPolyline
 90
        4
 70
     1
 43
0.0
 10
73310.46587605508
 20
17849.99999999992
 10
73510.46587605508
 20
17849.99999999992
 10
73510.46587605508
 20
15149.99999999992
 10
73310.46587605508
 20
15149.99999999992
  0
LWPOLYLINE
  5
D0AB
330
70
100
AcDbEntity
  8
CH-S-BEAM
100
AcDbPolyline
 90
        4
 70
     1
 43
0.0
 10
73310.46587605508
 20
14849.99999999991
 10
73510.46587605508
 20
14849.99999999991
 10
73510.46587605494
 20
11149.99999999992
 10
73310.46587605492
 20
11149.99999999992
  0
LWPOLYLINE
  5
D0AC
330
70
100
AcDbEntity
  8
CH-S-BEAM
100
AcDbPolyline
 90
        4
 70
     1
 43
0.0
 10
73310.46587605492
 20
10849.99999999992
 10
73510.46587605494
 20
10849.99999999992
 10
73510.46587605508
 20
8149.999999999925
 10
73310.46587605508
 20
8149.999999999925
  0
LWPOLYLINE
  5
D0AD
330
70
100
AcDbEntity
  8
CH-S-BEAM
100
AcDbPolyline
 90
        4
 70
     1
 43
0.0
 10
73310.46587605508
 20
7849.999999999926
 10
73510.46587605508
 20
7849.999999999926
 10
73510.46587605508
 20
3149.999999999924
 10
73310.46587605508
 20
3149.999999999924
  0
LWPOLYLINE
  5
D0B1
330
70
100
AcDbEntity
  8
CH-S-BEAM
100
AcDbPolyline
 90
        4
 70
     1
 43
0.0
 10
70310.46587605512
 20
22849.99999999993
 10
70510.46587605508
 20
22849.99999999993
 10
70510.46587605508
 20
18149.99999999992
 10
70310.46587605508
 20
18149.99999999992
  0
LWPOLYLINE
  5
D0B2
330
70
100
AcDbEntity
  8
CH-S-BEAM
100
AcDbPolyline
 90
        4
 70
     1
 43
0.0
 10
70310.46587605508
 20
17849.99999999992
 10
70510.46587605508
 20
17849.99999999992
 10
70510.46587605508
 20
15149.99999999992
 10
70310.46587605508
 20
15149.99999999992
  0
LWPOLYLINE
  5
D0B3
330
70
100
AcDbEntity
  8
CH-S-BEAM
100
AcDbPolyline
 90
        4
 70
     1
 43
0.0
 10
70310.46587605508
 20
14849.99999999992
 10
70510.46587605508
 20
14849.99999999992
 10
70510.46587605492
 20
11149.99999999992
 10
70310.46587605492
 20
11149.99999999992
  0
LWPOLYLINE
  5
D0B4
330
70
100
AcDbEntity
  8
CH-S-BEAM
100
AcDbPolyline
 90
        4
 70
     1
 43
0.0
 10
70310.46587605492
 20
10849.99999999992
 10
70510.46587605492
 20
10849.99999999992
 10
70510.46587605508
 20
8149.999999999929
 10
70310.46587605508
 20
8149.999999999929
  0
LWPOLYLINE
  5
D0B5
330
70
100
AcDbEntity
  8
CH-S-BEAM
100
AcDbPolyline
 90
        4
 70
     1
 43
0.0
 10
70310.46587605508
 20
7849.999999999929
 10
70510.46587605508
 20
7849.999999999929
 10
70510.46587605508
 20
3149.999999999927
 10
70310.46587605508
 20
3149.999999999927
  0
LWPOLYLINE
  5
D0B9
330
70
100
AcDbEntity
  8
CH-S-BEAM
100
AcDbPolyline
 90
        4
 70
     1
 43
0.0
 10
64310.4658760551
 20
22849.99999999993
 10
64510.46587605508
 20
22849.99999999993
 10
64510.46587605503
 20
18149.99999999992
 10
64310.46587605508
 20
18149.99999999992
  0
LWPOLYLINE
  5
D0BA
330
70
100
AcDbEntity
  8
CH-S-BEAM
100
AcDbPolyline
 90
        4
 70
     1
 43
0.0
 10
64310.46587605505
 20
17849.99999999992
 10
64510.46587605506
 20
17849.99999999992
 10
64510.46587605503
 20
15149.99999999992
 10
64310.46587605504
 20
15149.99999999992
  0
LWPOLYLINE
  5
D0BB
330
70
100
AcDbEntity
  8
CH-S-BEAM
100
AcDbPolyline
 90
        4
 70
     1
 43
0.0
 10
64310.46587605504
 20
14849.99999999992
 10
64510.46587605503
 20
14849.99999999992
 10
64510.46587605492
 20
11149.99999999992
 10
64310.46587605491
 20
11149.99999999992
  0
LWPOLYLINE
  5
D0BC
330
70
100
AcDbEntity
  8
CH-S-BEAM
100
AcDbPolyline
 90
        4
 70
     1
 43
0.0
 10
64310.46587605491
 20
10849.99999999992
 10
64510.46587605492
 20
10849.99999999992
 10
64510.46587605503
 20
8149.999999999929
 10
64310.46587605504
 20
8149.999999999929
  0
LWPOLYLINE
  5
D0BD
330
70
100
AcDbEntity
  8
CH-S-BEAM
100
AcDbPolyline
 90
        4
 70
     1
 43
0.0
 10
64310.46587605504
 20
7849.999999999929
 10
64510.46587605503
 20
7849.999999999929
 10
64510.46587605503
 20
3149.999999999927
 10
64310.46587605504
 20
3149.999999999927
  0
LWPOLYLINE
  5
D0C1
330
70
100
AcDbEntity
  8
CH-S-BEAM
100
AcDbPolyline
 90
        4
 70
     1
 43
0.0
 10
61310.46587605508
 20
22849.99999999997
 10
61510.46587605508
 20
22849.99999999997
 10
61510.46587605502
 20
18149.99999999996
 10
61310.46587605508
 20
18149.99999999996
  0
LWPOLYLINE
  5
D0C2
330
70
100
AcDbEntity
  8
CH-S-BEAM
100
AcDbPolyline
 90
        4
 70
     1
 43
0.0
 10
61310.46587605506
 20
17849.99999999996
 10
61510.46587605506
 20
17849.99999999996
 10
61510.46587605502
 20
15149.99999999996
 10
61310.46587605505
 20
15149.99999999996
  0
LWPOLYLINE
  5
D0C3
330
70
100
AcDbEntity
  8
CH-S-BEAM
100
AcDbPolyline
 90
        4
 70
     1
 43
0.0
 10
61310.46587605505
 20
14849.99999999995
 10
61510.46587605502
 20
14849.99999999995
 10
61510.46587605491
 20
11149.99999999995
 10
61310.46587605491
 20
11149.99999999995
  0
LWPOLYLINE
  5
D0C4
330
70
100
AcDbEntity
  8
CH-S-BEAM
100
AcDbPolyline
 90
        4
 70
     1
 43
0.0
 10
61310.46587605491
 20
10849.99999999996
 10
61510.46587605491
 20
10849.99999999996
 10
61510.46587605502
 20
8149.999999999964
 10
61310.46587605505
 20
8149.999999999964
  0
LWPOLYLINE
  5
D0C5
330
70
100
AcDbEntity
  8
CH-S-BEAM
100
AcDbPolyline
 90
        4
 70
     1
 43
0.0
 10
61310.46587605505
 20
7849.999999999965
 10
61510.46587605502
 20
7849.999999999965
 10
61510.46587605502
 20
3149.999999999964
 10
61310.46587605505
 20
3149.999999999964
  0
LWPOLYLINE
  5
D0C8
330
70
100
AcDbEntity
  8
CH-S-BEAM
100
AcDbPolyline
 90
        4
 70
     1
 43
0.0
 10
56310.46587605508
 20
26149.99999999998
 10
56510.46587605508
 20
26149.99999999998
 10
56510.46587605505
 20
23149.99999999998
 10
56310.46587605505
 20
23149.99999999998
  0
LWPOLYLINE
  5
D0C9
330
70
100
AcDbEntity
  8
CH-S-BEAM
100
AcDbPolyline
 90
        4
 70
     1
 43
0.0
 10
56310.46587605508
 20
22849.99999999998
 10
56510.46587605506
 20
22849.99999999998
 10
56510.46587605502
 20
18149.99999999997
 10
56310.46587605506
 20
18149.99999999997
  0
LWPOLYLINE
  5
D0CA
330
70
100
AcDbEntity
  8
CH-S-BEAM
100
AcDbPolyline
 90
        4
 70
     1
 43
0.0
 10
56310.46587605505
 20
17849.99999999997
 10
56510.46587605505
 20
17849.99999999997
 10
56510.46587605502
 20
15149.99999999997
 10
56310.46587605504
 20
15149.99999999997
  0
LWPOLYLINE
  5
D0CB
330
70
100
AcDbEntity
  8
CH-S-BEAM
100
AcDbPolyline
 90
        4
 70
     1
 43
0.0
 10
56310.46587605504
 20
14849.99999999997
 10
56510.46587605502
 20
14849.99999999997
 10
56510.4658760549
 20
11149.99999999997
 10
56310.4658760549
 20
11149.99999999997
  0
LWPOLYLINE
  5
D0CC
330
70
100
AcDbEntity
  8
CH-S-BEAM
100
AcDbPolyline
 90
        4
 70
     1
 43
0.0
 10
56310.4658760549
 20
10849.99999999997
 10
56510.4658760549
 20
10849.99999999997
 10
56510.46587605502
 20
8149.999999999979
 10
56310.46587605504
 20
8149.999999999979
  0
LWPOLYLINE
  5
D0CD
330
70
100
AcDbEntity
  8
CH-S-BEAM
100
AcDbPolyline
 90
        4
 70
     1
 43
0.0
 10
56310.46587605504
 20
7849.999999999979
 10
56510.46587605502
 20
7849.999999999979
 10
56510.46587605502
 20
3149.999999999979
 10
56310.46587605504
 20
3149.999999999979
  0
LWPOLYLINE
  5
D0CE
330
70
100
AcDbEntity
  8
CH-S-BEAM
100
AcDbPolyline
 90
        4
 70
     1
 43
0.0
 10
56310.46587605503
 20
2849.999999999978
 10
56510.46587605505
 20
2849.999999999978
 10
56510.4658760549
 20
-150.0000000000219
 10
56310.46587605487
 20
-150.0000000000218
  0
HATCH
  5
D0D0
330
70
100
AcDbEntity
  8
CH-S-COLUMN-HATCH
100
AcDbHatch
 10
0.0
 20
0.0
 30
0.0
210
0.0
220
0.0
230
1.0
  2
ANSI31
 70
     0
 71
     0
 91
       58
 92
        1
 93
        4
 72
     1
 10
72960.46587605495
 20
8149.999999999771
 11
73860.46587605495
 21
8149.999999999771
 72
     1
 10
73860.46587605495
 20
8149.999999999771
 11
73860.46587605495
 21
7849.999999999771
 72
     1
 10
73860.46587605495
 20
7849.999999999771
 11
72960.46587605495
 21
7849.999999999771
 72
     1
 10
72960.46587605495
 20
7849.999999999771
 11
72960.46587605495
 21
8149.999999999771
 97
        0
 92
        1
 93
        4
 72
     1
 10
69960.46587605492
 20
8149.999999998987
 11
70860.46587605492
 21
8149.999999998987
 72
     1
 10
70860.46587605492
 20
8149.999999998987
 11
70860.46587605492
 21
7849.999999998987
 72
     1
 10
70860.46587605492
 20
7849.999999998987
 11
69960.46587605492
 21
7849.999999998987
 72
     1
 10
69960.46587605492
 20
7849.999999998987
 11
69960.46587605492
 21
8149.999999998987
 97
        0
 92
        1
 93
        4
 72
     1
 10
63960.46587605494
 20
8149.999999999804
 11
64860.46587605494
 21
8149.999999999804
 72
     1
 10
64860.46587605494
 20
8149.999999999804
 11
64860.46587605494
 21
7849.999999999804
 72
     1
 10
64860.46587605494
 20
7849.999999999804
 11
63960.46587605494
 21
7849.999999999804
 72
     1
 10
63960.46587605494
 20
7849.999999999804
 11
63960.46587605494
 21
8149.999999999804
 97
        0
 92
        1
 93
        4
 72
     1
 10
60960.46587605494
 20
8149.999999999804
 11
61860.46587605494
 21
8149.999999999804
 72
     1
 10
61860.46587605494
 20
8149.999999999804
 11
61860.46587605494
 21
7849.999999999804
 72
     1
 10
61860.46587605494
 20
7849.999999999804
 11
60960.46587605494
 21
7849.999999999804
 72
     1
 10
60960.46587605494
 20
7849.999999999804
 11
60960.46587605494
 21
8149.999999999804
 97
        0
 92
        1
 93
        4
 72
     1
 10
72960.46587605495
 20
11149.99999999976
 11
73860.46587605495
 21
11149.99999999976
 72
     1
 10
73860.46587605495
 20
11149.99999999976
 11
73860.46587605495
 21
10849.99999999976
 72
     1
 10
73860.46587605495
 20
10849.99999999976
 11
72960.46587605495
 21
10849.99999999976
 72
     1
 10
72960.46587605495
 20
10849.99999999976
 11
72960.46587605495
 21
11149.99999999976
 97
        0
 92
        1
 93
        4
 72
     1
 10
69960.46587605492
 20
11149.99999999898
 11
70860.46587605492
 21
11149.99999999898
 72
     1
 10
70860.46587605492
 20
11149.99999999898
 11
70860.46587605492
 21
10849.99999999898
 72
     1
 10
70860.46587605492
 20
10849.99999999898
 11
69960.46587605492
 21
10849.99999999898
 72
     1
 10
69960.46587605492
 20
10849.99999999898
 11
69960.46587605492
 21
11149.99999999898
 97
        0
 92
        1
 93
        4
 72
     1
 10
63960.46587605494
 20
11149.9999999998
 11
64860.46587605494
 21
11149.9999999998
 72
     1
 10
64860.46587605494
 20
11149.9999999998
 11
64860.46587605494
 21
10849.99999999979
 72
     1
 10
64860.46587605494
 20
10849.99999999979
 11
63960.46587605494
 21
10849.99999999979
 72
     1
 10
63960.46587605494
 20
10849.99999999979
 11
63960.46587605494
 21
11149.9999999998
 97
        0
 92
        1
 93
        4
 72
     1
 10
60960.46587605494
 20
11149.9999999998
 11
61860.46587605494
 21
11149.9999999998
 72
     1
 10
61860.46587605494
 20
11149.9999999998
 11
61860.46587605494
 21
10849.99999999979
 72
     1
 10
61860.46587605494
 20
10849.99999999979
 11
60960.46587605494
 21
10849.99999999979
 72
     1
 10
60960.46587605494
 20
10849.99999999979
 11
60960.46587605494
 21
11149.9999999998
 97
        0
 92
        1
 93
        4
 72
     1
 10
72960.46587605495
 20
15149.99999999975
 11
73860.46587605495
 21
15149.99999999975
 72
     1
 10
73860.46587605495
 20
15149.99999999975
 11
73860.46587605495
 21
14849.99999999975
 72
     1
 10
73860.46587605495
 20
14849.99999999975
 11
72960.46587605495
 21
14849.99999999975
 72
     1
 10
72960.46587605495
 20
14849.99999999975
 11
72960.46587605495
 21
15149.99999999975
 97
        0
 92
        1
 93
        4
 72
     1
 10
69960.46587605492
 20
15149.99999999897
 11
70860.46587605492
 21
15149.99999999897
 72
     1
 10
70860.46587605492
 20
15149.99999999897
 11
70860.46587605492
 21
14849.99999999897
 72
     1
 10
70860.46587605492
 20
14849.99999999897
 11
69960.46587605492
 21
14849.99999999897
 72
     1
 10
69960.46587605492
 20
14849.99999999897
 11
69960.46587605492
 21
15149.99999999897
 97
        0
 92
        1
 93
        4
 72
     1
 10
63960.46587605494
 20
15149.99999999979
 11
64860.46587605494
 21
15149.99999999979
 72
     1
 10
64860.46587605494
 20
15149.99999999979
 11
64860.46587605494
 21
14849.99999999979
 72
     1
 10
64860.46587605494
 20
14849.99999999979
 11
63960.46587605494
 21
14849.99999999979
 72
     1
 10
63960.46587605494
 20
14849.99999999979
 11
63960.46587605494
 21
15149.99999999979
 97
        0
 92
        1
 93
        4
 72
     1
 10
60960.46587605494
 20
15149.99999999979
 11
61860.46587605494
 21
15149.99999999979
 72
     1
 10
61860.46587605494
 20
15149.99999999979
 11
61860.46587605494
 21
14849.99999999979
 72
     1
 10
61860.46587605494
 20
14849.99999999979
 11
60960.46587605494
 21
14849.99999999979
 72
     1
 10
60960.46587605494
 20
14849.99999999979
 11
60960.46587605494
 21
15149.99999999979
 97
        0
 92
        1
 93
        4
 72
     1
 10
72960.46587605495
 20
18149.99999999976
 11
73860.46587605495
 21
18149.99999999976
 72
     1
 10
73860.46587605495
 20
18149.99999999976
 11
73860.46587605495
 21
17849.99999999975
 72
     1
 10
73860.46587605495
 20
17849.99999999975
 11
72960.46587605495
 21
17849.99999999975
 72
     1
 10
72960.46587605495
 20
17849.99999999975
 11
72960.46587605495
 21
18149.99999999976
 97
        0
 92
        1
 93
        4
 72
     1
 10
69960.46587605492
 20
18149.99999999897
 11
70860.46587605492
 21
18149.99999999897
 72
     1
 10
70860.46587605492
 20
18149.99999999897
 11
70860.46587605492
 21
17849.99999999897
 72
     1
 10
70860.46587605492
 20
17849.99999999897
 11
69960.46587605492
 21
17849.99999999897
 72
     1
 10
69960.46587605492
 20
17849.99999999897
 11
69960.46587605492
 21
18149.99999999897
 97
        0
 92
        1
 93
        4
 72
     1
 10
63960.46587605494
 20
18149.99999999979
 11
64860.46587605494
 21
18149.99999999979
 72
     1
 10
64860.46587605494
 20
18149.99999999979
 11
64860.46587605494
 21
17849.99999999979
 72
     1
 10
64860.46587605494
 20
17849.99999999979
 11
63960.46587605494
 21
17849.99999999979
 72
     1
 10
63960.46587605494
 20
17849.99999999979
 11
63960.46587605494
 21
18149.99999999979
 97
        0
 92
        1
 93
        4
 72
     1
 10
60960.46587605494
 20
18149.99999999979
 11
61860.46587605494
 21
18149.99999999979
 72
     1
 10
61860.46587605494
 20
18149.99999999979
 11
61860.46587605494
 21
17849.99999999979
 72
     1
 10
61860.46587605494
 20
17849.99999999979
 11
60960.46587605494
 21
17849.99999999979
 72
     1
 10
60960.46587605494
 20
17849.99999999979
 11
60960.46587605494
 21
18149.99999999979
 97
        0
 92
        1
 93
        4
 72
     1
 10
73560.46587605487
 20
-150.0000000002587
 11
61260.46587605491
 21
-150.0000000002587
 72
     1
 10
61260.46587605491
 20
-150.0000000002587
 11
61260.46587605491
 21
-450.0000000001933
 72
     1
 10
61260.46587605491
 20
-450.0000000001933
 11
73560.46587605487
 21
-450.0000000001933
 72
     1
 10
73560.46587605487
 20
-450.0000000001933
 11
73560.46587605487
 21
-150.0000000002587
 97
        0
 92
        1
 93
        4
 72
     1
 10
73260.46587605492
 20
3149.999999999749
 11
73560.46587605487
 21
3149.999999999749
 72
     1
 10
73560.46587605487
 20
3149.999999999749
 11
73560.46587605487
 21
-150.0000000002587
 72
     1
 10
73560.46587605487
 20
-150.0000000002587
 11
73260.46587605492
 21
-150.0000000002587
 72
     1
 10
73260.46587605492
 20
-150.0000000002587
 11
73260.46587605492
 21
3149.999999999749
 97
        0
 92
        1
 93
        4
 72
     1
 10
70260.46587605492
 20
3149.999999999763
 11
70560.46587605488
 21
3149.999999999763
 72
     1
 10
70560.46587605488
 20
3149.999999999763
 11
70560.46587605488
 21
-150.0000000002442
 72
     1
 10
70560.46587605488
 20
-150.0000000002442
 11
70260.46587605491
 21
-150.0000000002442
 72
     1
 10
70260.46587605492
 20
-150.0000000002442
 11
70260.46587605492
 21
3149.999999999763
 97
        0
 92
        1
 93
        4
 72
     1
 10
64260.46587605491
 20
3149.999999999784
 11
64560.4658760549
 21
3149.999999999784
 72
     1
 10
64560.4658760549
 20
3149.999999999784
 11
64560.4658760549
 21
-150.0000000002078
 72
     1
 10
64560.4658760549
 20
-150.0000000002077
 11
64260.46587605491
 21
-150.0000000002078
 72
     1
 10
64260.46587605491
 20
-150.0000000002078
 11
64260.46587605491
 21
3149.999999999784
 97
        0
 92
        1
 93
        4
 72
     1
 10
61260.46587605491
 20
3149.999999999784
 11
61560.4658760549
 21
3149.999999999784
 72
     1
 10
61560.4658760549
 20
3149.999999999784
 11
61560.4658760549
 21
-150.0000000001932
 72
     1
 10
61560.4658760549
 20
-150.0000000001931
 11
61260.46587605491
 21
-150.0000000001931
 72
     1
 10
61260.46587605491
 20
-150.0000000001931
 11
61260.46587605491
 21
3149.999999999784
 97
        0
 92
        1
 93
        4
 72
     1
 10
81560.46587605493
 20
449.9999999997411
 11
81860.46587605492
 21
449.9999999997411
 72
     1
 10
81860.46587605492
 20
449.9999999997411
 11
81860.46587605492
 21
-450.0000000002586
 72
     1
 10
81860.46587605492
 20
-450.0000000002587
 11
81560.46587605493
 21
-450.0000000002587
 72
     1
 10
81560.46587605493
 20
-450.0000000002587
 11
81560.46587605493
 21
449.999999999741
 97
        0
 92
        1
 93
        4
 72
     1
 10
81560.46587605493
 20
3449.999999999742
 11
81860.46587605492
 21
3449.999999999742
 72
     1
 10
81860.46587605492
 20
3449.999999999742
 11
81860.46587605492
 21
2549.999999999742
 72
     1
 10
81860.46587605492
 20
2549.999999999742
 11
81560.46587605493
 21
2549.999999999742
 72
     1
 10
81560.46587605493
 20
2549.999999999742
 11
81560.46587605493
 21
3449.999999999742
 97
        0
 92
        1
 93
        4
 72
     1
 10
77960.46587605492
 20
-150.0000000002515
 11
78860.46587605492
 21
-150.0000000002515
 72
     1
 10
78860.46587605492
 20
-150.0000000002515
 11
78860.46587605492
 21
-450.0000000002511
 72
     1
 10
78860.46587605492
 20
-450.0000000002513
 11
77960.46587605492
 21
-450.0000000002513
 72
     1
 10
77960.46587605492
 20
-450.0000000002513
 11
77960.46587605492
 21
-150.0000000002515
 97
        0
 92
        1
 93
        4
 72
     1
 10
77960.46587605492
 20
3149.999999999756
 11
78860.46587605492
 21
3149.999999999756
 72
     1
 10
78860.46587605492
 20
3149.999999999756
 11
78860.46587605492
 21
2849.999999999748
 72
     1
 10
78860.46587605492
 20
2849.999999999748
 11
77960.46587605492
 21
2849.999999999748
 72
     1
 10
77960.46587605492
 20
2849.999999999748
 11
77960.46587605492
 21
3149.999999999756
 97
        0
 92
        1
 93
        4
 72
     1
 10
81560.46587605493
 20
8449.999999999734
 11
81860.46587605495
 21
8449.999999999734
 72
     1
 10
81860.46587605495
 20
8449.999999999734
 11
81860.46587605495
 21
7549.999999999734
 72
     1
 10
81860.46587605495
 20
7549.999999999733
 11
81560.46587605493
 21
7549.999999999733
 72
     1
 10
81560.46587605493
 20
7549.999999999733
 11
81560.46587605493
 21
8449.999999999734
 97
        0
 92
        1
 93
        4
 72
     1
 10
77960.46587605492
 20
8149.999999999748
 11
78860.46587605495
 21
8149.999999999748
 72
     1
 10
78860.46587605495
 20
8149.999999999748
 11
78860.46587605495
 21
7849.999999999749
 72
     1
 10
78860.46587605495
 20
7849.999999999749
 11
77960.46587605492
 21
7849.999999999749
 72
     1
 10
77960.46587605492
 20
7849.999999999749
 11
77960.46587605492
 21
8149.999999999748
 97
        0
 92
        1
 93
        4
 72
     1
 10
81560.46587605493
 20
11449.99999999973
 11
81860.46587605495
 21
11449.99999999973
 72
     1
 10
81860.46587605495
 20
11449.99999999973
 11
81860.46587605495
 21
10549.99999999973
 72
     1
 10
81860.46587605495
 20
10549.99999999973
 11
81560.46587605493
 21
10549.99999999973
 72
     1
 10
81560.46587605493
 20
10549.99999999973
 11
81560.46587605493
 21
11449.99999999973
 97
        0
 92
        1
 93
        4
 72
     1
 10
77960.46587605495
 20
11149.99999999974
 11
78860.46587605495
 21
11149.99999999974
 72
     1
 10
78860.46587605495
 20
11149.99999999974
 11
78860.46587605495
 21
10849.99999999974
 72
     1
 10
78860.46587605495
 20
10849.99999999974
 11
77960.46587605495
 21
10849.99999999974
 72
     1
 10
77960.46587605495
 20
10849.99999999974
 11
77960.46587605495
 21
11149.99999999974
 97
        0
 92
        1
 93
        4
 72
     1
 10
81560.46587605493
 20
15449.99999999973
 11
81860.46587605495
 21
15449.99999999973
 72
     1
 10
81860.46587605495
 20
15449.99999999973
 11
81860.46587605495
 21
14549.99999999973
 72
     1
 10
81860.46587605495
 20
14549.99999999973
 11
81560.46587605493
 21
14549.99999999973
 72
     1
 10
81560.46587605493
 20
14549.99999999973
 11
81560.46587605493
 21
15449.99999999973
 97
        0
 92
        1
 93
        4
 72
     1
 10
77960.46587605495
 20
15149.99999999974
 11
78860.46587605495
 21
15149.99999999974
 72
     1
 10
78860.46587605495
 20
15149.99999999974
 11
78860.46587605495
 21
14849.99999999973
 72
     1
 10
78860.46587605495
 20
14849.99999999973
 11
77960.46587605495
 21
14849.99999999973
 72
     1
 10
77960.46587605495
 20
14849.99999999973
 11
77960.46587605495
 21
15149.99999999974
 97
        0
 92
        1
 93
        4
 72
     1
 10
81560.46587605493
 20
18449.99999999973
 11
81860.46587605495
 21
18449.99999999973
 72
     1
 10
81860.46587605495
 20
18449.99999999973
 11
81860.46587605495
 21
17549.99999999973
 72
     1
 10
81860.46587605495
 20
17549.99999999973
 11
81560.46587605493
 21
17549.99999999973
 72
     1
 10
81560.46587605493
 20
17549.99999999973
 11
81560.46587605493
 21
18449.99999999973
 97
        0
 92
        1
 93
        4
 72
     1
 10
77960.46587605495
 20
18149.99999999974
 11
78860.46587605495
 21
18149.99999999974
 72
     1
 10
78860.46587605495
 20
18149.99999999974
 11
78860.46587605495
 21
17849.99999999974
 72
     1
 10
78860.46587605495
 20
17849.99999999974
 11
77960.46587605495
 21
17849.99999999974
 72
     1
 10
77960.46587605495
 20
17849.99999999974
 11
77960.46587605495
 21
18149.99999999974
 97
        0
 92
        1
 93
        4
 72
     1
 10
81560.46587605493
 20
23449.99999999974
 11
81860.46587605495
 21
23449.99999999974
 72
     1
 10
81860.46587605495
 20
23449.99999999974
 11
81860.46587605495
 21
22549.99999999974
 72
     1
 10
81860.46587605495
 20
22549.99999999974
 11
81560.46587605493
 21
22549.99999999974
 72
     1
 10
81560.46587605493
 20
22549.99999999974
 11
81560.46587605493
 21
23449.99999999974
 97
        0
 92
        1
 93
        4
 72
     1
 10
77960.46587605495
 20
23149.99999999975
 11
78860.46587605495
 21
23149.99999999975
 72
     1
 10
78860.46587605495
 20
23149.99999999975
 11
78860.46587605495
 21
22849.99999999974
 72
     1
 10
78860.46587605495
 20
22849.99999999974
 11
77960.46587605495
 21
22849.99999999974
 72
     1
 10
77960.46587605495
 20
22849.99999999974
 11
77960.46587605495
 21
23149.99999999975
 97
        0
 92
        1
 93
        4
 72
     1
 10
81560.46587605493
 20
26449.99999999974
 11
81860.46587605495
 21
26449.99999999974
 72
     1
 10
81860.46587605495
 20
26449.99999999974
 11
81860.46587605495
 21
25549.99999999974
 72
     1
 10
81860.46587605495
 20
25549.99999999974
 11
81560.46587605493
 21
25549.99999999974
 72
     1
 10
81560.46587605493
 20
25549.99999999974
 11
81560.46587605493
 21
26449.99999999974
 97
        0
 92
        1
 93
        4
 72
     1
 10
77960.46587605495
 20
26449.99999999976
 11
78860.46587605495
 21
26449.99999999976
 72
     1
 10
78860.46587605495
 20
26449.99999999976
 11
78860.46587605495
 21
26149.99999999975
 72
     1
 10
78860.46587605495
 20
26149.99999999975
 11
77960.46587605495
 21
26149.99999999975
 72
     1
 10
77960.46587605495
 20
26149.99999999975
 11
77960.46587605495
 21
26449.99999999976
 97
        0
 92
        1
 93
        4
 72
     1
 10
73560.46587605503
 20
26149.99999999981
 11
61260.465876055
 21
26149.99999999981
 72
     1
 10
61260.465876055
 20
26149.99999999981
 11
61260.465876055
 21
26449.99999999983
 72
     1
 10
61260.465876055
 20
26449.99999999983
 11
73560.46587605503
 21
26449.99999999983
 72
     1
 10
73560.46587605503
 20
26449.99999999983
 11
73560.46587605503
 21
26149.99999999981
 97
        0
 92
        1
 93
        4
 72
     1
 10
73260.46587605496
 20
26149.99999999981
 11
73560.46587605501
 21
26149.99999999981
 72
     1
 10
73560.46587605501
 20
26149.99999999981
 11
73560.46587605501
 21
22849.99999999981
 72
     1
 10
73560.46587605501
 20
22849.99999999981
 11
73260.46587605496
 21
22849.99999999981
 72
     1
 10
73260.46587605496
 20
22849.99999999981
 11
73260.46587605496
 21
26149.99999999981
 97
        0
 92
        1
 93
        4
 72
     1
 10
70260.46587605496
 20
26149.99999999981
 11
70560.46587605496
 21
26149.99999999981
 72
     1
 10
70560.46587605496
 20
26149.99999999981
 11
70560.46587605496
 21
22849.99999999981
 72
     1
 10
70560.46587605496
 20
22849.99999999981
 11
70260.46587605496
 21
22849.99999999981
 72
     1
 10
70260.46587605496
 20
22849.99999999981
 11
70260.46587605496
 21
26149.99999999981
 97
        0
 92
        1
 93
        4
 72
     1
 10
64260.46587605497
 20
26149.99999999982
 11
64560.46587605497
 21
26149.99999999982
 72
     1
 10
64560.46587605499
 20
26149.99999999982
 11
64560.46587605499
 21
22849.99999999983
 72
     1
 10
64560.46587605499
 20
22849.99999999983
 11
64260.46587605499
 21
22849.99999999983
 72
     1
 10
64260.46587605497
 20
22849.99999999983
 11
64260.46587605497
 21
26149.99999999982
 97
        0
 92
        1
 93
        4
 72
     1
 10
61260.46587605499
 20
26149.99999999982
 11
61560.46587605499
 21
26149.99999999982
 72
     1
 10
61560.46587605499
 20
26149.99999999982
 11
61560.46587605499
 21
22849.99999999984
 72
     1
 10
61560.46587605499
 20
22849.99999999984
 11
61260.46587605499
 21
22849.99999999984
 72
     1
 10
61260.46587605499
 20
22849.99999999984
 11
61260.46587605499
 21
26149.99999999982
 97
        0
 92
        1
 93
        4
 72
     1
 10
55960.46587605489
 20
-150.0000000001785
 11
56860.46587605487
 21
-150.0000000001785
 72
     1
 10
56860.46587605487
 20
-150.0000000001785
 11
56860.46587605487
 21
-450.0000000001858
 72
     1
 10
56860.46587605487
 20
-450.0000000001858
 11
55960.46587605489
 21
-450.0000000001858
 72
     1
 10
55960.46587605489
 20
-450.0000000001858
 11
55960.46587605489
 21
-150.0000000001786
 97
        0
 92
        1
 93
        4
 72
     1
 10
52960.46587605488
 20
449.9999999998358
 11
53260.4658760549
 21
449.9999999998356
 72
     1
 10
53260.4658760549
 20
449.9999999998356
 11
53260.4658760549
 21
-450.0000000001711
 72
     1
 10
53260.4658760549
 20
-450.0000000001712
 11
52960.46587605488
 21
-450.0000000001712
 72
     1
 10
52960.46587605488
 20
-450.0000000001712
 11
52960.46587605488
 21
449.9999999998358
 97
        0
 92
        1
 93
        4
 72
     1
 10
55960.46587605489
 20
2849.999999999822
 11
56860.46587605491
 21
2849.999999999822
 72
     1
 10
56860.46587605491
 20
2849.999999999822
 11
56860.46587605491
 21
3149.999999999815
 72
     1
 10
56860.46587605491
 20
3149.999999999815
 11
55960.46587605489
 21
3149.999999999815
 72
     1
 10
55960.46587605489
 20
3149.999999999815
 11
55960.46587605489
 21
2849.999999999822
 97
        0
 92
        1
 93
        4
 72
     1
 10
52960.46587605491
 20
3449.999999999836
 11
53260.46587605492
 21
3449.999999999836
 72
     1
 10
53260.46587605492
 20
3449.999999999836
 11
53260.46587605492
 21
2549.999999999836
 72
     1
 10
53260.46587605492
 20
2549.999999999836
 11
52960.46587605491
 21
2549.999999999836
 72
     1
 10
52960.46587605491
 20
2549.999999999836
 11
52960.46587605491
 21
3449.999999999836
 97
        0
 92
        1
 93
        4
 72
     1
 10
55960.46587605491
 20
8149.999999999822
 11
56860.46587605491
 21
8149.999999999822
 72
     1
 10
56860.46587605491
 20
8149.999999999822
 11
56860.46587605491
 21
7849.999999999815
 72
     1
 10
56860.46587605491
 20
7849.999999999815
 11
55960.46587605491
 21
7849.999999999815
 72
     1
 10
55960.46587605491
 20
7849.999999999815
 11
55960.46587605491
 21
8149.999999999822
 97
        0
 92
        1
 93
        4
 72
     1
 10
52960.46587605491
 20
7549.999999999837
 11
53260.46587605492
 21
7549.999999999837
 72
     1
 10
53260.46587605492
 20
7549.999999999837
 11
53260.46587605492
 21
8449.999999999837
 72
     1
 10
53260.46587605492
 20
8449.999999999837
 11
52960.46587605491
 21
8449.999999999837
 72
     1
 10
52960.46587605491
 20
8449.999999999837
 11
52960.46587605491
 21
7549.999999999837
 97
        0
 92
        1
 93
        4
 72
     1
 10
55960.46587605492
 20
10849.99999999983
 11
56860.46587605492
 21
10849.99999999983
 72
     1
 10
56860.46587605492
 20
10849.99999999983
 11
56860.46587605492
 21
11149.9999999998
 72
     1
 10
56860.46587605492
 20
11149.9999999998
 11
55960.46587605492
 21
11149.9999999998
 72
     1
 10
55960.46587605492
 20
11149.9999999998
 11
55960.46587605492
 21
10849.99999999983
 97
        0
 92
        1
 93
        4
 72
     1
 10
52960.46587605492
 20
11449.99999999983
 11
53260.46587605492
 21
11449.99999999983
 72
     1
 10
53260.46587605492
 20
11449.99999999983
 11
53260.46587605492
 21
10549.99999999983
 72
     1
 10
53260.46587605492
 20
10549.99999999983
 11
52960.46587605492
 21
10549.99999999983
 72
     1
 10
52960.46587605492
 20
10549.99999999983
 11
52960.46587605492
 21
11449.99999999983
 97
        0
 92
        1
 93
        4
 72
     1
 10
55960.46587605493
 20
14849.99999999981
 11
56860.46587605494
 21
14849.99999999981
 72
     1
 10
56860.46587605494
 20
14849.99999999981
 11
56860.46587605494
 21
15149.99999999981
 72
     1
 10
56860.46587605494
 20
15149.99999999981
 11
55960.46587605493
 21
15149.99999999981
 72
     1
 10
55960.46587605493
 20
15149.99999999981
 11
55960.46587605493
 21
14849.99999999981
 97
        0
 92
        1
 93
        4
 72
     1
 10
52960.46587605492
 20
15449.99999999981
 11
53260.46587605492
 21
15449.99999999981
 72
     1
 10
53260.46587605492
 20
15449.99999999981
 11
53260.46587605492
 21
14549.99999999981
 72
     1
 10
53260.46587605492
 20
14549.99999999981
 11
52960.46587605492
 21
14549.99999999981
 72
     1
 10
52960.46587605492
 20
14549.99999999981
 11
52960.46587605492
 21
15449.99999999981
 97
        0
 92
        1
 93
        4
 72
     1
 10
55960.46587605493
 20
17849.99999999982
 11
56860.46587605494
 21
17849.99999999982
 72
     1
 10
56860.46587605494
 20
17849.99999999982
 11
56860.46587605494
 21
18149.9999999998
 72
     1
 10
56860.46587605494
 20
18149.9999999998
 11
55960.46587605493
 21
18149.9999999998
 72
     1
 10
55960.46587605493
 20
18149.9999999998
 11
55960.46587605493
 21
17849.99999999982
 97
        0
 92
        1
 93
        4
 72
     1
 10
52960.46587605492
 20
18449.99999999982
 11
53260.46587605492
 21
18449.99999999982
 72
     1
 10
53260.46587605492
 20
18449.99999999982
 11
53260.46587605492
 21
17549.99999999982
 72
     1
 10
53260.46587605492
 20
17549.99999999982
 11
52960.46587605492
 21
17549.99999999982
 72
     1
 10
52960.46587605492
 20
17549.99999999982
 11
52960.46587605492
 21
18449.99999999982
 97
        0
 92
        1
 93
        4
 72
     1
 10
55960.46587605494
 20
22849.99999999983
 11
56860.46587605494
 21
22849.99999999983
 72
     1
 10
56860.46587605494
 20
22849.99999999983
 11
56860.46587605494
 21
23149.99999999983
 72
     1
 10
56860.46587605494
 20
23149.99999999983
 11
55960.46587605494
 21
23149.99999999983
 72
     1
 10
55960.46587605494
 20
23149.99999999983
 11
55960.46587605494
 21
22849.99999999983
 97
        0
 92
        1
 93
        4
 72
     1
 10
52960.46587605494
 20
22549.99999999983
 11
53260.46587605494
 21
22549.99999999983
 72
     1
 10
53260.46587605494
 20
22549.99999999983
 11
53260.46587605494
 21
23449.99999999982
 72
     1
 10
53260.46587605494
 20
23449.99999999982
 11
52960.46587605494
 21
23449.99999999982
 72
     1
 10
52960.46587605494
 20
23449.99999999982
 11
52960.46587605494
 21
22549.99999999983
 97
        0
 92
        1
 93
        4
 72
     1
 10
55960.46587605494
 20
26149.99999999982
 11
56860.46587605494
 21
26149.99999999982
 72
     1
 10
56860.46587605494
 20
26149.99999999982
 11
56860.46587605494
 21
26449.99999999983
 72
     1
 10
56860.46587605494
 20
26449.99999999983
 11
55960.46587605494
 21
26449.99999999983
 72
     1
 10
55960.46587605494
 20
26449.99999999983
 11
55960.46587605494
 21
26149.99999999982
 97
        0
 92
        1
 93
        4
 72
     1
 10
52960.46587605494
 20
25549.99999999983
 11
53260.46587605494
 21
25549.99999999983
 72
     1
 10
53260.46587605494
 20
25549.99999999983
 11
53260.46587605494
 21
26449.99999999983
 72
     1
 10
53260.46587605494
 20
26449.99999999983
 11
52960.46587605494
 21
26449.99999999983
 72
     1
 10
52960.46587605494
 20
26449.99999999983
 11
52960.46587605494
 21
25549.99999999983
 97
        0
 75
     1
 76
     1
 52
0.0
 41
10.0
 77
     0
 78
     1
 53
45.0
 43
0.0
 44
0.0
 45
-22.45064030267288
 46
22.45064030267288
 79
     0
 98
        2
 10
0.0
 20
0.0
 10
55127.12271436141
 20
-0.0000000001641638
1001
GradientColor1ACI
1070
     5
1001
GradientColor2ACI
1070
     2
1001
ACAD
1010
0.0
1020
0.0
1030
0.0
  0
LWPOLYLINE
  5
D0D1
330
70
100
AcDbEntity
  8
CH-S-COLUMN
100
AcDbPolyline
 90
        4
 70
     1
 43
0.0
 10
52960.46587605494
 20
25549.99999999983
 10
53260.46587605494
 20
25549.99999999983
 10
53260.46587605494
 20
26449.99999999983
 10
52960.46587605494
 20
26449.99999999983
  0
LWPOLYLINE
  5
D0D2
330
70
100
AcDbEntity
  8
CH-S-COLUMN
100
AcDbPolyline
 90
        4
 70
     1
 43
0.0
 10
55960.46587605494
 20
26149.99999999982
 10
56860.46587605494
 20
26149.99999999982
 10
56860.46587605494
 20
26449.99999999983
 10
55960.46587605494
 20
26449.99999999983
  0
LWPOLYLINE
  5
D0D3
330
70
100
AcDbEntity
  8
CH-S-COLUMN
100
AcDbPolyline
 90
        4
 70
     1
 43
0.0
 10
52960.46587605494
 20
22549.99999999983
 10
53260.46587605494
 20
22549.99999999983
 10
53260.46587605494
 20
23449.99999999982
 10
52960.46587605494
 20
23449.99999999982
  0
LWPOLYLINE
  5
D0D4
330
70
100
AcDbEntity
  8
CH-S-COLUMN
100
AcDbPolyline
 90
        4
 70
     1
 43
0.0
 10
55960.46587605494
 20
22849.99999999983
 10
56860.46587605494
 20
22849.99999999983
 10
56860.46587605494
 20
23149.99999999983
 10
55960.46587605494
 20
23149.99999999983
  0
LWPOLYLINE
  5
D0D5
330
70
100
AcDbEntity
  8
CH-S-COLUMN
100
AcDbPolyline
 90
        4
 70
     1
 43
0.0
 10
52960.46587605492
 20
18449.99999999982
 10
53260.46587605492
 20
18449.99999999982
 10
53260.46587605492
 20
17549.99999999982
 10
52960.46587605492
 20
17549.99999999982
  0
LWPOLYLINE
  5
D0D6
330
70
100
AcDbEntity
  8
CH-S-COLUMN
100
AcDbPolyline
 90
        4
 70
     1
 43
0.0
 10
55960.46587605493
 20
17849.99999999982
 10
56860.46587605494
 20
17849.99999999982
 10
56860.46587605494
 20
18149.9999999998
 10
55960.46587605493
 20
18149.9999999998
  0
LWPOLYLINE
  5
D0D7
330
70
100
AcDbEntity
  8
CH-S-COLUMN
100
AcDbPolyline
 90
        4
 70
     1
 43
0.0
 10
52960.46587605492
 20
15449.99999999981
 10
53260.46587605492
 20
15449.99999999981
 10
53260.46587605492
 20
14549.99999999981
 10
52960.46587605492
 20
14549.99999999981
  0
LWPOLYLINE
  5
D0D8
330
70
100
AcDbEntity
  8
CH-S-COLUMN
100
AcDbPolyline
 90
        4
 70
     1
 43
0.0
 10
55960.46587605493
 20
14849.99999999981
 10
56860.46587605494
 20
14849.99999999981
 10
56860.46587605494
 20
15149.99999999981
 10
55960.46587605493
 20
15149.99999999981
  0
LWPOLYLINE
  5
D0D9
330
70
100
AcDbEntity
  8
CH-S-COLUMN
100
AcDbPolyline
 90
        4
 70
     1
 43
0.0
 10
52960.46587605492
 20
11449.99999999983
 10
53260.46587605492
 20
11449.99999999983
 10
53260.46587605492
 20
10549.99999999983
 10
52960.46587605492
 20
10549.99999999983
  0
LWPOLYLINE
  5
D0DA
330
70
100
AcDbEntity
  8
CH-S-COLUMN
100
AcDbPolyline
 90
        4
 70
     1
 43
0.0
 10
55960.46587605492
 20
10849.99999999983
 10
56860.46587605492
 20
10849.99999999983
 10
56860.46587605492
 20
11149.9999999998
 10
55960.46587605492
 20
11149.9999999998
  0
LWPOLYLINE
  5
D0DB
330
70
100
AcDbEntity
  8
CH-S-COLUMN
100
AcDbPolyline
 90
        4
 70
     1
 43
0.0
 10
52960.46587605491
 20
7549.999999999837
 10
53260.46587605492
 20
7549.999999999837
 10
53260.46587605492
 20
8449.999999999837
 10
52960.46587605491
 20
8449.999999999837
  0
LWPOLYLINE
  5
D0DC
330
70
100
AcDbEntity
  8
CH-S-COLUMN
100
AcDbPolyline
 90
        4
 70
     1
 43
0.0
 10
55960.46587605491
 20
8149.999999999822
 10
56860.46587605491
 20
8149.999999999822
 10
56860.46587605491
 20
7849.999999999815
 10
55960.46587605491
 20
7849.999999999815
  0
LWPOLYLINE
  5
D0DD
330
70
100
AcDbEntity
  8
CH-S-COLUMN
100
AcDbPolyline
 90
        4
 70
     1
 43
0.0
 10
52960.46587605491
 20
3449.999999999836
 10
53260.46587605492
 20
3449.999999999836
 10
53260.46587605492
 20
2549.999999999836
 10
52960.46587605491
 20
2549.999999999836
  0
LWPOLYLINE
  5
D0DE
330
70
100
AcDbEntity
  8
CH-S-COLUMN
100
AcDbPolyline
 90
        4
 70
     1
 43
0.0
 10
55960.46587605489
 20
2849.999999999822
 10
56860.46587605491
 20
2849.999999999822
 10
56860.46587605491
 20
3149.999999999815
 10
55960.46587605489
 20
3149.999999999815
  0
LWPOLYLINE
  5
D0DF
330
70
100
AcDbEntity
  8
CH-S-COLUMN
100
AcDbPolyline
 90
        4
 70
     1
 43
0.0
 10
52960.46587605488
 20
449.9999999998358
 10
53260.4658760549
 20
449.9999999998356
 10
53260.4658760549
 20
-450.0000000001712
 10
52960.46587605488
 20
-450.0000000001712
  0
LWPOLYLINE
  5
D0E0
330
70
100
AcDbEntity
  8
CH-S-COLUMN
100
AcDbPolyline
 90
        4
 70
     1
 43
0.0
 10
55960.46587605489
 20
-150.0000000001785
 10
56860.46587605487
 20
-150.0000000001785
 10
56860.46587605487
 20
-450.0000000001858
 10
55960.46587605489
 20
-450.0000000001858
  0
LWPOLYLINE
  5
D0E9
330
70
100
AcDbEntity
  8
CH-S-COLUMN
100
AcDbPolyline
 90
        4
 70
     1
 43
0.0
 10
61260.46587605499
 20
26149.99999999982
 10
61560.46587605499
 20
26149.99999999982
 10
61560.46587605499
 20
22849.99999999984
 10
61260.46587605499
 20
22849.99999999984
  0
LWPOLYLINE
  5
D0EA
330
70
100
AcDbEntity
  8
CH-S-COLUMN
100
AcDbPolyline
 90
        4
 70
     1
 43
0.0
 10
64260.46587605497
 20
26149.99999999982
 10
64560.46587605499
 20
26149.99999999982
 10
64560.46587605499
 20
22849.99999999983
 10
64260.46587605497
 20
22849.99999999983
  0
LWPOLYLINE
  5
D0EB
330
70
100
AcDbEntity
  8
CH-S-COLUMN
100
AcDbPolyline
 90
        4
 70
     1
 43
0.0
 10
70260.46587605496
 20
26149.99999999981
 10
70560.46587605496
 20
26149.99999999981
 10
70560.46587605496
 20
22849.99999999981
 10
70260.46587605496
 20
22849.99999999981
  0
LWPOLYLINE
  5
D0EC
330
70
100
AcDbEntity
  8
CH-S-COLUMN
100
AcDbPolyline
 90
        4
 70
     1
 43
0.0
 10
73260.46587605496
 20
26149.99999999981
 10
73560.46587605501
 20
26149.99999999981
 10
73560.46587605501
 20
22849.99999999981
 10
73260.46587605496
 20
22849.99999999981
  0
LWPOLYLINE
  5
D0ED
330
70
100
AcDbEntity
  8
CH-S-COLUMN
100
AcDbPolyline
 90
        4
 70
     1
 43
0.0
 10
73560.46587605503
 20
26149.99999999981
 10
61260.465876055
 20
26149.99999999981
 10
61260.465876055
 20
26449.99999999983
 10
73560.46587605503
 20
26449.99999999983
  0
LWPOLYLINE
  5
D0EE
330
70
100
AcDbEntity
  8
CH-S-COLUMN
100
AcDbPolyline
 90
        4
 70
     1
 43
0.0
 10
77960.46587605495
 20
26449.99999999976
 10
78860.46587605495
 20
26449.99999999976
 10
78860.46587605495
 20
26149.99999999975
 10
77960.46587605495
 20
26149.99999999975
  0
LWPOLYLINE
  5
D0EF
330
70
100
AcDbEntity
  8
CH-S-COLUMN
100
AcDbPolyline
 90
        4
 70
     1
 43
0.0
 10
81560.46587605493
 20
26449.99999999974
 10
81860.46587605495
 20
26449.99999999974
 10
81860.46587605495
 20
25549.99999999974
 10
81560.46587605493
 20
25549.99999999974
  0
LWPOLYLINE
  5
D0F0
330
70
100
AcDbEntity
  8
CH-S-COLUMN
100
AcDbPolyline
 90
        4
 70
     1
 43
0.0
 10
77960.46587605495
 20
23149.99999999975
 10
78860.46587605495
 20
23149.99999999975
 10
78860.46587605495
 20
22849.99999999974
 10
77960.46587605495
 20
22849.99999999974
  0
LWPOLYLINE
  5
D0F1
330
70
100
AcDbEntity
  8
CH-S-COLUMN
100
AcDbPolyline
 90
        4
 70
     1
 43
0.0
 10
81560.46587605493
 20
23449.99999999974
 10
81860.46587605495
 20
23449.99999999974
 10
81860.46587605495
 20
22549.99999999974
 10
81560.46587605493
 20
22549.99999999974
  0
LWPOLYLINE
  5
D0F2
330
70
100
AcDbEntity
  8
CH-S-COLUMN
100
AcDbPolyline
 90
        4
 70
     1
 43
0.0
 10
77960.46587605495
 20
18149.99999999974
 10
78860.46587605495
 20
18149.99999999974
 10
78860.46587605495
 20
17849.99999999974
 10
77960.46587605495
 20
17849.99999999974
  0
LWPOLYLINE
  5
D0F3
330
70
100
AcDbEntity
  8
CH-S-COLUMN
100
AcDbPolyline
 90
        4
 70
     1
 43
0.0
 10
81560.46587605493
 20
18449.99999999973
 10
81860.46587605495
 20
18449.99999999973
 10
81860.46587605495
 20
17549.99999999973
 10
81560.46587605493
 20
17549.99999999973
  0
LWPOLYLINE
  5
D0F4
330
70
100
AcDbEntity
  8
CH-S-COLUMN
100
AcDbPolyline
 90
        4
 70
     1
 43
0.0
 10
77960.46587605495
 20
15149.99999999974
 10
78860.46587605495
 20
15149.99999999974
 10
78860.46587605495
 20
14849.99999999973
 10
77960.46587605495
 20
14849.99999999973
  0
LWPOLYLINE
  5
D0F5
330
70
100
AcDbEntity
  8
CH-S-COLUMN
100
AcDbPolyline
 90
        4
 70
     1
 43
0.0
 10
81560.46587605493
 20
15449.99999999973
 10
81860.46587605495
 20
15449.99999999973
 10
81860.46587605495
 20
14549.99999999973
 10
81560.46587605493
 20
14549.99999999973
  0
LWPOLYLINE
  5
D0F6
330
70
100
AcDbEntity
  8
CH-S-COLUMN
100
AcDbPolyline
 90
        4
 70
     1
 43
0.0
 10
77960.46587605495
 20
11149.99999999974
 10
78860.46587605495
 20
11149.99999999974
 10
78860.46587605495
 20
10849.99999999974
 10
77960.46587605495
 20
10849.99999999974
  0
LWPOLYLINE
  5
D0F7
330
70
100
AcDbEntity
  8
CH-S-COLUMN
100
AcDbPolyline
 90
        4
 70
     1
 43
0.0
 10
81560.46587605493
 20
11449.99999999973
 10
81860.46587605495
 20
11449.99999999973
 10
81860.46587605495
 20
10549.99999999973
 10
81560.46587605493
 20
10549.99999999973
  0
LWPOLYLINE
  5
D0F8
330
70
100
AcDbEntity
  8
CH-S-COLUMN
100
AcDbPolyline
 90
        4
 70
     1
 43
0.0
 10
77960.46587605492
 20
8149.999999999748
 10
78860.46587605495
 20
8149.999999999748
 10
78860.46587605495
 20
7849.999999999749
 10
77960.46587605492
 20
7849.999999999749
  0
LWPOLYLINE
  5
D0F9
330
70
100
AcDbEntity
  8
CH-S-COLUMN
100
AcDbPolyline
 90
        4
 70
     1
 43
0.0
 10
81560.46587605493
 20
8449.999999999734
 10
81860.46587605495
 20
8449.999999999734
 10
81860.46587605495
 20
7549.999999999733
 10
81560.46587605493
 20
7549.999999999733
  0
LWPOLYLINE
  5
D0FA
330
70
100
AcDbEntity
  8
CH-S-COLUMN
100
AcDbPolyline
 90
        4
 70
     1
 43
0.0
 10
77960.46587605492
 20
3149.999999999756
 10
78860.46587605492
 20
3149.999999999756
 10
78860.46587605492
 20
2849.999999999748
 10
77960.46587605492
 20
2849.999999999748
  0
LWPOLYLINE
  5
D0FB
330
70
100
AcDbEntity
  8
CH-S-COLUMN
100
AcDbPolyline
 90
        4
 70
     1
 43
0.0
 10
77960.46587605492
 20
-150.0000000002515
 10
78860.46587605492
 20
-150.0000000002515
 10
78860.46587605492
 20
-450.0000000002513
 10
77960.46587605492
 20
-450.0000000002513
  0
LWPOLYLINE
  5
D0FC
330
70
100
AcDbEntity
  8
CH-S-COLUMN
100
AcDbPolyline
 90
        4
 70
     1
 43
0.0
 10
81560.46587605493
 20
3449.999999999742
 10
81860.46587605492
 20
3449.999999999742
 10
81860.46587605492
 20
2549.999999999742
 10
81560.46587605493
 20
2549.999999999742
  0
LWPOLYLINE
  5
D0FD
330
70
100
AcDbEntity
  8
CH-S-COLUMN
100
AcDbPolyline
 90
        4
 70
     1
 43
0.0
 10
81560.46587605493
 20
449.9999999997411
 10
81860.46587605492
 20
449.9999999997411
 10
81860.46587605492
 20
-450.0000000002587
 10
81560.46587605493
 20
-450.0000000002587
  0
LWPOLYLINE
  5
D0FE
330
70
100
AcDbEntity
  8
CH-S-COLUMN
100
AcDbPolyline
 90
        4
 70
     1
 43
0.0
 10
61260.46587605491
 20
3149.999999999784
 10
61560.4658760549
 20
3149.999999999784
 10
61560.4658760549
 20
-150.0000000001931
 10
61260.46587605491
 20
-150.0000000001931
  0
LWPOLYLINE
  5
D0FF
330
70
100
AcDbEntity
  8
CH-S-COLUMN
100
AcDbPolyline
 90
        4
 70
     1
 43
0.0
 10
64260.46587605491
 20
3149.999999999784
 10
64560.4658760549
 20
3149.999999999784
 10
64560.4658760549
 20
-150.0000000002077
 10
64260.46587605491
 20
-150.0000000002078
  0
LWPOLYLINE
  5
D100
330
70
100
AcDbEntity
  8
CH-S-COLUMN
100
AcDbPolyline
 90
        4
 70
     1
 43
0.0
 10
70260.46587605492
 20
3149.999999999763
 10
70560.46587605488
 20
3149.999999999763
 10
70560.46587605488
 20
-150.0000000002442
 10
70260.46587605492
 20
-150.0000000002442
  0
LWPOLYLINE
  5
D101
330
70
100
AcDbEntity
  8
CH-S-COLUMN
100
AcDbPolyline
 90
        4
 70
     1
 43
0.0
 10
73260.46587605492
 20
3149.999999999749
 10
73560.46587605487
 20
3149.999999999749
 10
73560.46587605487
 20
-150.0000000002587
 10
73260.46587605492
 20
-150.0000000002587
  0
LWPOLYLINE
  5
D102
330
70
100
AcDbEntity
  8
CH-S-COLUMN
100
AcDbPolyline
 90
        4
 70
     1
 43
0.0
 10
73560.46587605487
 20
-150.0000000002587
 10
61260.46587605491
 20
-150.0000000002587
 10
61260.46587605491
 20
-450.0000000001933
 10
73560.46587605487
 20
-450.0000000001933
  0
LWPOLYLINE
  5
D103
330
70
100
AcDbEntity
  8
CH-S-COLUMN
100
AcDbPolyline
 90
        4
 70
     1
 43
0.0
 10
60960.46587605494
 20
18149.99999999979
 10
61860.46587605494
 20
18149.99999999979
 10
61860.46587605494
 20
17849.99999999979
 10
60960.46587605494
 20
17849.99999999979
  0
LWPOLYLINE
  5
D104
330
70
100
AcDbEntity
  8
CH-S-COLUMN
100
AcDbPolyline
 90
        4
 70
     1
 43
0.0
 10
63960.46587605494
 20
18149.99999999979
 10
64860.46587605494
 20
18149.99999999979
 10
64860.46587605494
 20
17849.99999999979
 10
63960.46587605494
 20
17849.99999999979
  0
LWPOLYLINE
  5
D105
330
70
100
AcDbEntity
  8
CH-S-COLUMN
100
AcDbPolyline
 90
        4
 70
     1
 43
0.0
 10
69960.46587605492
 20
18149.99999999897
 10
70860.46587605492
 20
18149.99999999897
 10
70860.46587605492
 20
17849.99999999897
 10
69960.46587605492
 20
17849.99999999897
  0
LWPOLYLINE
  5
D106
330
70
100
AcDbEntity
  8
CH-S-COLUMN
100
AcDbPolyline
 90
        4
 70
     1
 43
0.0
 10
72960.46587605495
 20
18149.99999999976
 10
73860.46587605495
 20
18149.99999999976
 10
73860.46587605495
 20
17849.99999999975
 10
72960.46587605495
 20
17849.99999999975
  0
LWPOLYLINE
  5
D107
330
70
100
AcDbEntity
  8
CH-S-COLUMN
100
AcDbPolyline
 90
        4
 70
     1
 43
0.0
 10
60960.46587605494
 20
15149.99999999979
 10
61860.46587605494
 20
15149.99999999979
 10
61860.46587605494
 20
14849.99999999979
 10
60960.46587605494
 20
14849.99999999979
  0
LWPOLYLINE
  5
D108
330
70
100
AcDbEntity
  8
CH-S-COLUMN
100
AcDbPolyline
 90
        4
 70
     1
 43
0.0
 10
63960.46587605494
 20
15149.99999999979
 10
64860.46587605494
 20
15149.99999999979
 10
64860.46587605494
 20
14849.99999999979
 10
63960.46587605494
 20
14849.99999999979
  0
LWPOLYLINE
  5
D109
330
70
100
AcDbEntity
  8
CH-S-COLUMN
100
AcDbPolyline
 90
        4
 70
     1
 43
0.0
 10
69960.46587605492
 20
15149.99999999897
 10
70860.46587605492
 20
15149.99999999897
 10
70860.46587605492
 20
14849.99999999897
 10
69960.46587605492
 20
14849.99999999897
  0
LWPOLYLINE
  5
D10A
330
70
100
AcDbEntity
  8
CH-S-COLUMN
100
AcDbPolyline
 90
        4
 70
     1
 43
0.0
 10
72960.46587605495
 20
15149.99999999975
 10
73860.46587605495
 20
15149.99999999975
 10
73860.46587605495
 20
14849.99999999975
 10
72960.46587605495
 20
14849.99999999975
  0
LWPOLYLINE
  5
D10B
330
70
100
AcDbEntity
  8
CH-S-COLUMN
100
AcDbPolyline
 90
        4
 70
     1
 43
0.0
 10
60960.46587605494
 20
11149.9999999998
 10
61860.46587605494
 20
11149.9999999998
 10
61860.46587605494
 20
10849.99999999979
 10
60960.46587605494
 20
10849.99999999979
  0
LWPOLYLINE
  5
D10C
330
70
100
AcDbEntity
  8
CH-S-COLUMN
100
AcDbPolyline
 90
        4
 70
     1
 43
0.0
 10
63960.46587605494
 20
11149.9999999998
 10
64860.46587605494
 20
11149.9999999998
 10
64860.46587605494
 20
10849.99999999979
 10
63960.46587605494
 20
10849.99999999979
  0
LWPOLYLINE
  5
D10D
330
70
100
AcDbEntity
  8
CH-S-COLUMN
100
AcDbPolyline
 90
        4
 70
     1
 43
0.0
 10
69960.46587605492
 20
11149.99999999898
 10
70860.46587605492
 20
11149.99999999898
 10
70860.46587605492
 20
10849.99999999898
 10
69960.46587605492
 20
10849.99999999898
  0
LWPOLYLINE
  5
D10E
330
70
100
AcDbEntity
  8
CH-S-COLUMN
100
AcDbPolyline
 90
        4
 70
     1
 43
0.0
 10
72960.46587605495
 20
11149.99999999976
 10
73860.46587605495
 20
11149.99999999976
 10
73860.46587605495
 20
10849.99999999976
 10
72960.46587605495
 20
10849.99999999976
  0
LWPOLYLINE
  5
D10F
330
70
100
AcDbEntity
  8
CH-S-COLUMN
100
AcDbPolyline
 90
        4
 70
     1
 43
0.0
 10
60960.46587605494
 20
8149.999999999804
 10
61860.46587605494
 20
8149.999999999804
 10
61860.46587605494
 20
7849.999999999804
 10
60960.46587605494
 20
7849.999999999804
  0
LWPOLYLINE
  5
D110
330
70
100
AcDbEntity
  8
CH-S-COLUMN
100
AcDbPolyline
 90
        4
 70
     1
 43
0.0
 10
63960.46587605494
 20
8149.999999999804
 10
64860.46587605494
 20
8149.999999999804
 10
64860.46587605494
 20
7849.999999999804
 10
63960.46587605494
 20
7849.999999999804
  0
LWPOLYLINE
  5
D111
330
70
100
AcDbEntity
  8
CH-S-COLUMN
100
AcDbPolyline
 90
        4
 70
     1
 43
0.0
 10
69960.46587605492
 20
8149.999999998987
 10
70860.46587605492
 20
8149.999999998987
 10
70860.46587605492
 20
7849.999999998987
 10
69960.46587605492
 20
7849.999999998987
  0
LWPOLYLINE
  5
D112
330
70
100
AcDbEntity
  8
CH-S-COLUMN
100
AcDbPolyline
 90
        4
 70
     1
 43
0.0
 10
72960.46587605495
 20
8149.999999999771
 10
73860.46587605495
 20
8149.999999999771
 10
73860.46587605495
 20
7849.999999999771
 10
72960.46587605495
 20
7849.999999999771
  0
LINE
  5
D11C
330
70
100
AcDbEntity
  8
CH-STAIRS
  6
Overhead
100
AcDbLine
 10
66360.46587605495
 20
26149.99999999993
 30
0.0
 11
66360.46587605495
 21
24749.99999999993
 31
0.0
1001
REVIT
1002
{
1070
     1
1000
358943
1002
}
1002
{
1070
     5
1000
141748
1002
}
1002
{
1070
     2
1000
-2000120
1002
}
1002
{
1070
     3
1000
-2000936
1002
}
  0
LINE
  5
D11D
330
70
100
AcDbEntity
  8
CH-STAIRS
  6
Overhead
100
AcDbLine
 10
66660.46587605495
 20
26149.99999999993
 30
0.0
 11
66660.46587605495
 21
24749.99999999993
 31
0.0
1001
REVIT
1002
{
1070
     1
1000
358943
1002
}
1002
{
1070
     5
1000
141748
1002
}
1002
{
1070
     2
1000
-2000120
1002
}
1002
{
1070
     3
1000
-2000936
1002
}
  0
LINE
  5
D11E
330
70
100
AcDbEntity
  8
CH-STAIRS
  6
Overhead
100
AcDbLine
 10
66960.46587605495
 20
26149.99999999993
 30
0.0
 11
66960.46587605495
 21
24749.99999999993
 31
0.0
1001
REVIT
1002
{
1070
     1
1000
358943
1002
}
1002
{
1070
     5
1000
141748
1002
}
1002
{
1070
     2
1000
-2000120
1002
}
1002
{
1070
     3
1000
-2000936
1002
}
  0
LINE
  5
D11F
330
70
100
AcDbEntity
  8
CH-STAIRS
  6
Overhead
100
AcDbLine
 10
67260.46587605495
 20
26149.99999999993
 30
0.0
 11
67260.46587605495
 21
24749.99999999993
 31
0.0
1001
REVIT
1002
{
1070
     1
1000
358943
1002
}
1002
{
1070
     5
1000
141748
1002
}
1002
{
1070
     2
1000
-2000120
1002
}
1002
{
1070
     3
1000
-2000936
1002
}
  0
LINE
  5
D120
330
70
100
AcDbEntity
  8
CH-STAIRS
  6
Overhead
100
AcDbLine
 10
67560.46587605495
 20
26149.99999999993
 30
0.0
 11
67560.46587605495
 21
24749.99999999993
 31
0.0
1001
REVIT
1002
{
1070
     1
1000
358943
1002
}
1002
{
1070
     5
1000
141748
1002
}
1002
{
1070
     2
1000
-2000120
1002
}
1002
{
1070
     3
1000
-2000936
1002
}
  0
LINE
  5
D121
330
70
100
AcDbEntity
  8
CH-STAIRS
  6
Overhead
100
AcDbLine
 10
67860.46587605495
 20
26149.99999999993
 30
0.0
 11
67860.46587605495
 21
24749.99999999993
 31
0.0
1001
REVIT
1002
{
1070
     1
1000
358943
1002
}
1002
{
1070
     5
1000
141748
1002
}
1002
{
1070
     2
1000
-2000120
1002
}
1002
{
1070
     3
1000
-2000936
1002
}
  0
LINE
  5
D122
330
70
100
AcDbEntity
  8
CH-STAIRS
  6
Overhead
100
AcDbLine
 10
68160.46587605494
 20
26149.99999999993
 30
0.0
 11
68160.46587605494
 21
24749.99999999994
 31
0.0
1001
REVIT
1002
{
1070
     1
1000
358943
1002
}
1002
{
1070
     5
1000
141748
1002
}
1002
{
1070
     2
1000
-2000120
1002
}
1002
{
1070
     3
1000
-2000936
1002
}
  0
LINE
  5
D123
330
70
100
AcDbEntity
  8
CH-STAIRS
  6
Overhead
100
AcDbLine
 10
68460.46587605495
 20
26149.99999999993
 30
0.0
 11
68460.46587605495
 21
24749.99999999994
 31
0.0
1001
REVIT
1002
{
1070
     1
1000
358943
1002
}
1002
{
1070
     5
1000
141748
1002
}
1002
{
1070
     2
1000
-2000120
1002
}
1002
{
1070
     3
1000
-2000936
1002
}
  0
LINE
  5
D124
330
70
100
AcDbEntity
  8
CH-STAIRS
  6
Overhead
100
AcDbLine
 10
68460.46587605495
 20
23149.99999999994
 30
0.0
 11
68460.46587605495
 21
24549.99999999994
 31
0.0
1001
REVIT
1002
{
1070
     1
1000
358943
1002
}
1002
{
1070
     5
1000
141748
1002
}
1002
{
1070
     2
1000
-2000120
1002
}
1002
{
1070
     3
1000
-2000936
1002
}
  0
LINE
  5
D125
330
70
100
AcDbEntity
  8
CH-STAIRS
  6
Overhead
100
AcDbLine
 10
68160.46587605494
 20
23149.99999999994
 30
0.0
 11
68160.46587605494
 21
24549.99999999994
 31
0.0
1001
REVIT
1002
{
1070
     1
1000
358943
1002
}
1002
{
1070
     5
1000
141748
1002
}
1002
{
1070
     2
1000
-2000120
1002
}
1002
{
1070
     3
1000
-2000936
1002
}
  0
LINE
  5
D126
330
70
100
AcDbEntity
  8
CH-STAIRS
  6
Overhead
100
AcDbLine
 10
67860.46587605495
 20
23149.99999999994
 30
0.0
 11
67860.46587605496
 21
24549.99999999993
 31
0.0
1001
REVIT
1002
{
1070
     1
1000
358943
1002
}
1002
{
1070
     5
1000
141748
1002
}
1002
{
1070
     2
1000
-2000120
1002
}
1002
{
1070
     3
1000
-2000936
1002
}
  0
LINE
  5
D127
330
70
100
AcDbEntity
  8
CH-STAIRS
  6
Overhead
100
AcDbLine
 10
67560.46587605495
 20
23149.99999999994
 30
0.0
 11
67560.46587605497
 21
24549.99999999993
 31
0.0
1001
REVIT
1002
{
1070
     1
1000
358943
1002
}
1002
{
1070
     5
1000
141748
1002
}
1002
{
1070
     2
1000
-2000120
1002
}
1002
{
1070
     3
1000
-2000936
1002
}
  0
LINE
  5
D128
330
70
100
AcDbEntity
  8
CH-STAIRS
  6
Overhead
100
AcDbLine
 10
67260.46587605495
 20
23149.99999999994
 30
0.0
 11
67260.46587605496
 21
24549.99999999993
 31
0.0
1001
REVIT
1002
{
1070
     1
1000
358943
1002
}
1002
{
1070
     5
1000
141748
1002
}
1002
{
1070
     2
1000
-2000120
1002
}
1002
{
1070
     3
1000
-2000936
1002
}
  0
LINE
  5
D129
330
70
100
AcDbEntity
  8
CH-STAIRS
  6
Overhead
100
AcDbLine
 10
66960.46587605495
 20
23149.99999999994
 30
0.0
 11
66960.46587605496
 21
24549.99999999993
 31
0.0
1001
REVIT
1002
{
1070
     1
1000
358943
1002
}
1002
{
1070
     5
1000
141748
1002
}
1002
{
1070
     2
1000
-2000120
1002
}
1002
{
1070
     3
1000
-2000936
1002
}
  0
LINE
  5
D12A
330
70
100
AcDbEntity
  8
CH-STAIRS
  6
Overhead
100
AcDbLine
 10
66660.46587605495
 20
23149.99999999994
 30
0.0
 11
66660.46587605496
 21
24549.99999999993
 31
0.0
1001
REVIT
1002
{
1070
     1
1000
358943
1002
}
1002
{
1070
     5
1000
141748
1002
}
1002
{
1070
     2
1000
-2000120
1002
}
1002
{
1070
     3
1000
-2000936
1002
}
  0
LINE
  5
D12B
330
70
100
AcDbEntity
  8
CH-STAIRS
  6
Overhead
100
AcDbLine
 10
66360.46587605495
 20
23149.99999999994
 30
0.0
 11
66360.46587605497
 21
24549.99999999993
 31
0.0
1001
REVIT
1002
{
1070
     1
1000
358943
1002
}
1002
{
1070
     5
1000
141748
1002
}
1002
{
1070
     2
1000
-2000120
1002
}
1002
{
1070
     3
1000
-2000936
1002
}
  0
LINE
  5
D12C
330
70
100
AcDbEntity
  8
CH-STAIRS-MARK
100
AcDbLine
 10
67860.46587605495
 20
23899.99999999993
 30
0.0
 11
68760.46587605495
 21
23899.99999999993
 31
0.0
1001
REVIT
1002
{
1070
     1
1000
359785
1002
}
1002
{
1070
     5
1000
141729
1002
}
1002
{
1070
     2
1000
-2000938
1002
}
1002
{
1070
     3
1000
-2000131
1002
}
  0
LINE
  5
D12D
330
70
100
AcDbEntity
  8
CH-STAIRS-MARK
100
AcDbLine
 10
67860.46587605495
 20
23899.99999999993
 30
0.0
 11
67922.96587605495
 21
23837.49999999993
 31
0.0
1001
REVIT
1002
{
1070
     1
1000
359785
1002
}
1002
{
1070
     5
1000
141729
1002
}
1002
{
1070
     2
1000
-2000938
1002
}
1002
{
1070
     3
1000
-2000131
1002
}
  0
LINE
  5
D12E
330
70
100
AcDbEntity
  8
CH-STAIRS-MARK
100
AcDbLine
 10
67860.46587605495
 20
23899.99999999993
 30
0.0
 11
67922.96587605495
 21
23962.49999999993
 31
0.0
1001
REVIT
1002
{
1070
     1
1000
359785
1002
}
1002
{
1070
     5
1000
141729
1002
}
1002
{
1070
     2
1000
-2000938
1002
}
1002
{
1070
     3
1000
-2000131
1002
}
  0
LWPOLYLINE
  5
D12F
330
70
100
AcDbEntity
  8
CH-STAIRS
100
AcDbPolyline
 90
        4
 70
     1
 43
0.0
 10
66060.46587605495
 20
24549.99999999993
 10
68760.46587605496
 20
24549.99999999993
 10
68760.46587605496
 20
24749.99999999994
 10
66060.46587605495
 20
24749.99999999994
  0
LINE
  5
D130
330
70
100
AcDbEntity
  8
CH-CUTOUT
100
AcDbLine
 10
66060.46587605496
 20
24749.99999999993
 30
0.0
 11
68760.46587605496
 21
24549.99999999993
 31
0.0
  0
LINE
  5
D131
330
70
100
AcDbEntity
  8
CH-CUTOUT
100
AcDbLine
 10
68760.46587605496
 20
24749.99999999994
 30
0.0
 11
66060.46587605495
 21
24549.99999999993
 31
0.0
  0
LWPOLYLINE
  5
D132
330
70
100
AcDbEntity
  8
CH-STAIRS
100
AcDbPolyline
 90
        4
 70
     1
 43
0.0
 10
66060.46587605495
 20
23149.99999999993
 10
68760.46587605495
 20
23149.99999999993
 10
68760.46587605495
 20
24549.99999999994
 10
66060.46587605495
 20
24549.99999999994
  0
LWPOLYLINE
  5
D133
330
70
100
AcDbEntity
  8
CH-STAIRS
100
AcDbPolyline
 90
        4
 70
     1
 43
0.0
 10
66060.46587605496
 20
24749.99999999994
 10
68760.46587605495
 20
24749.99999999994
 10
68760.46587605495
 20
26149.99999999995
 10
66060.46587605496
 20
26149.99999999995
  0
LWPOLYLINE
  5
D134
330
70
100
AcDbEntity
  8
CH-STAIRS
100
AcDbPolyline
 90
        4
 70
     1
 43
0.0
 10
64560.46587605495
 20
23149.99999999992
 10
66060.46587605496
 20
23149.99999999992
 10
66060.46587605496
 20
26149.99999999993
 10
64560.46587605495
 20
26149.99999999993
  0
LWPOLYLINE
  5
D135
330
70
100
AcDbEntity
  8
CH-STAIRS
100
AcDbPolyline
 90
        4
 70
     1
 43
0.0
 10
68760.46587605495
 20
23149.99999999994
 10
70260.46587605492
 20
23149.99999999994
 10
70260.46587605492
 20
26149.99999999996
 10
68760.46587605495
 20
26149.99999999996
  0
LWPOLYLINE
  5
D738
330
70
100
AcDbEntity
  8
CH-S-SLAB
100
AcDbPolyline
 90
        7
 70
     1
 43
0.0
 10
56310.46587605492
 20
27338.5791926298
 42
-0.2260742266605728
 10
56066.77269893318
 20
27549.99999999999
 10
53370.27349719035
 20
27549.99999999999
 42
-0.1316524975874971
 10
53260.46587605499
 20
27440.19237886453
 10
53260.46587605499
 20
26450.0
 10
55960.46587605497
 20
26450.0
 10
56310.46587605492
 20
26449.99999999993
  0
LWPOLYLINE
  5
D741
330
70
100
AcDbEntity
  8
CH-S-SLAB
100
AcDbPolyline
 90
        8
 70
     1
 43
0.0
 10
61310.46587605494
 20
27261.2517806302
 42
-0.2571712263241181
 10
60986.20180734299
 20
27549.9999999999
 10
56754.15905317668
 20
27549.9999999999
 42
-0.2260742266605165
 10
56510.46587605494
 20
27338.5791926298
 10
56510.46587605494
 20
26449.99999999983
 10
56860.46587605494
 20
26449.99999999983
 10
61260.46587605491
 20
26449.99999999998
 10
61310.46587605494
 20
26449.99999999998
  0
LWPOLYLINE
  5
D748
330
70
100
AcDbEntity
  8
CH-S-SLAB
100
AcDbPolyline
 90
        6
 70
     1
 43
0.0
 10
64310.46587605494
 20
27261.25178063019
 42
-0.2571712263241655
 10
63986.20180734296
 20
27549.99999999997
 10
61834.72994476692
 20
27549.99999999997
 42
-0.2571712263241592
 10
61510.46587605494
 20
27261.2517806302
 10
61510.46587605494
 20
26449.99999999983
 10
64310.46587605494
 20
26449.99999999983
  0
LWPOLYLINE
  5
D750
330
70
100
AcDbEntity
  8
CH-S-SLAB
100
AcDbPolyline
 90
        7
 70
     1
 43
0.0
 10
70310.46587605495
 20
27249.99999999977
 10
70035.46587605494
 20
27249.99999999977
 10
70035.46587605494
 20
27550.02480468744
 10
64834.73003696571
 20
27550.00026077778
 42
-0.2571713901518773
 10
64510.46587605495
 20
27261.2517806302
 10
64510.46587605495
 20
26449.99999999983
 10
70310.46587605496
 20
26449.99999999983
  0
LWPOLYLINE
  5
D758
330
70
100
AcDbEntity
  8
CH-S-SLAB
100
AcDbPolyline
 90
        7
 70
     1
 43
0.0
 10
73310.46587605496
 20
27269.66991410983
 10
73030.13579016488
 20
27549.99999999993
 10
70785.46587605494
 20
27549.99999999993
 10
70785.46587605494
 20
27249.99999999977
 10
70510.46587605497
 20
27249.99999999977
 10
70510.46587605497
 20
26449.99999999983
 10
73310.46587605496
 20
26449.99999999983
  0
LWPOLYLINE
  5
D761
330
70
100
AcDbEntity
  8
CH-S-SLAB
100
AcDbPolyline
 90
        8
 70
     1
 43
0.0
 10
78310.46587605496
 20
27375.73593128789
 10
78136.20180734317
 20
27549.9999999997
 10
73896.86197912258
 20
27549.9999999995
 10
73510.46587605496
 20
27163.60389693192
 10
73510.46587605496
 20
26449.99999999983
 10
73560.46587605503
 20
26449.99999999983
 10
77960.46587605492
 20
26449.99999999992
 10
78310.46587605496
 20
26449.99999999986
  0
LWPOLYLINE
  5
D769
330
70
100
AcDbEntity
  8
CH-S-SLAB
100
AcDbPolyline
 90
        7
 70
     1
 43
0.0
 10
81560.46587605496
 20
27425.7359312878
 10
81436.20180734307
 20
27549.9999999997
 10
78790.79596194463
 20
27549.9999999995
 10
78510.46587605499
 20
27269.6699141099
 10
78510.46587605499
 20
26449.99999999976
 10
78860.46587605495
 20
26449.99999999976
 10
81560.46587605496
 20
26449.99999999991
  0
LWPOLYLINE
  5
D772
330
70
100
AcDbEntity
  8
CH-S-SLAB
100
AcDbPolyline
 90
        8
 70
     1
 43
0.0
 10
81560.46587605496
 20
25549.99999999999
 10
81560.46587605496
 20
26149.99999999949
 10
78860.46587605501
 20
26149.99999999949
 10
78510.46587605512
 20
26149.99999999959
 10
78510.4658760551
 20
23149.99999999975
 10
78860.46587605495
 20
23149.99999999975
 10
81560.46587605493
 20
23149.99999999956
 10
81560.46587605493
 20
23449.99999999974
  0
LWPOLYLINE
  5
D779
330
70
100
AcDbEntity
  8
CH-S-SLAB
100
AcDbPolyline
 90
        6
 70
     1
 43
0.0
 10
78310.46587605512
 20
26149.99999999975
 10
77960.46587605495
 20
26149.99999999975
 10
73560.46587605501
 20
26149.99999999948
 10
73560.46587605501
 20
23149.99999999955
 10
77960.46587605492
 20
23149.99999999955
 10
78310.46587605508
 20
23149.99999999963
  0
LWPOLYLINE
  5
D780
330
70
100
AcDbEntity
  8
CH-S-SLAB
100
AcDbPolyline
 90
        6
 70
     1
 43
0.0
 10
61260.46587605499
 20
26149.9999999999
 10
56860.465876055
 20
26149.9999999999
 10
56510.46587605508
 20
26149.99999999987
 10
56510.46587605505
 20
23149.99999999983
 10
56860.46587605494
 20
23149.99999999983
 10
61260.46587605499
 20
23149.99999999997
  0
LWPOLYLINE
  5
D789
330
70
100
AcDbEntity
  8
CH-S-SLAB
100
AcDbPolyline
 90
        8
 70
     1
 43
0.0
 10
56310.46587605508
 20
26149.99999999982
 10
55960.46587605494
 20
26149.99999999982
 10
53260.46587605494
 20
26149.99999999999
 10
53260.46587605494
 20
25549.99999999983
 10
53260.46587605498
 20
23449.99999999999
 10
53260.46587605495
 20
23150.00000000006
 10
55960.46587605497
 20
23150.00000000006
 10
56310.46587605505
 20
23149.99999999997
  0
LWPOLYLINE
  5
D792
330
70
100
AcDbEntity
  8
CH-S-SLAB
100
AcDbPolyline
 90
        8
 70
     1
 43
0.0
 10
56310.46587605503
 20
2849.999999999822
 10
55960.46587605489
 20
2849.999999999822
 10
53260.46587605492
 20
2849.999999999985
 10
53260.46587605492
 20
2549.999999999836
 10
53260.46587605495
 20
449.9999999999927
 10
53260.46587605491
 20
-150.0000000000075
 10
55960.46587605493
 20
-150.0000000000073
 10
56310.46587605487
 20
-150.0000000000737
  0
LWPOLYLINE
  5
D799
330
70
100
AcDbEntity
  8
CH-S-SLAB
100
AcDbPolyline
 90
        6
 70
     1
 43
0.0
 10
61260.46587605491
 20
2849.999999999898
 10
56860.46587605494
 20
2849.999999999898
 10
56510.46587605505
 20
2849.999999999867
 10
56510.4658760549
 20
-150.0000000001787
 10
56860.46587605487
 20
-150.0000000001787
 10
61260.46587605491
 20
-150.0000000000148
  0
LWPOLYLINE
  5
D7A0
330
70
100
AcDbEntity
  8
CH-S-SLAB
100
AcDbPolyline
 90
        6
 70
     1
 43
0.0
 10
78310.46587605508
 20
2849.999999999748
 10
77960.46587605492
 20
2849.999999999748
 10
73560.46587605487
 20
2849.999999999478
 10
73560.46587605487
 20
-150.0000000000075
 10
77960.46587605492
 20
-150.0000000001721
 10
78310.46587605492
 20
-150.0000000002028
  0
LWPOLYLINE
  5
D7A9
330
70
100
AcDbEntity
  8
CH-S-SLAB
100
AcDbPolyline
 90
        8
 70
     1
 43
0.0
 10
81560.46587605493
 20
2550.0
 10
81560.46587605493
 20
2849.999999999485
 10
78860.46587605495
 20
2849.999999999485
 10
78510.4658760551
 20
2849.999999999587
 10
78510.46587605495
 20
-150.0000000002515
 10
78860.46587605492
 20
-150.0000000002515
 10
81560.46587605493
 20
-150.0000000000834
 10
81560.46587605493
 20
449.9999999997411
  0
LWPOLYLINE
  5
D7B4
330
70
100
AcDbEntity
  8
CH-S-SLAB
100
AcDbPolyline
 90
       10
 70
     1
 43
0.0
 10
81560.46587605493
 20
7550.0
 10
81560.46587605493
 20
7919.999999999479
 10
78860.46587605495
 20
7919.999999999479
 10
78860.46587605495
 20
7849.999999999749
 10
78510.46587605508
 20
7849.999999999749
 10
78510.46587605508
 20
3149.999999999756
 10
78860.46587605492
 20
3149.999999999756
 10
78860.46587605492
 20
3079.999999999494
 10
81560.46587605493
 20
3079.999999999494
 10
81560.46587605493
 20
3449.999999999742
  0
LWPOLYLINE
  5
D7C1
330
70
100
AcDbEntity
  8
CH-S-SLAB
100
AcDbPolyline
 90
       12
 70
     1
 43
0.0
 10
78310.46587605508
 20
7849.999999999749
 10
77960.46587605492
 20
7849.999999999749
 10
77960.46587605492
 20
7919.99999999947
 10
73860.46587605495
 20
7919.99999999947
 10
73860.46587605495
 20
7849.999999999771
 10
73510.46587605508
 20
7849.999999999771
 10
73510.46587605508
 20
3149.999999999749
 10
73560.46587605487
 20
3149.999999999749
 10
73560.46587605487
 20
3079.999999999488
 10
77960.46587605492
 20
3079.999999999488
 10
77960.46587605492
 20
3149.999999999756
 10
78310.46587605508
 20
3149.999999999756
  0
LWPOLYLINE
  5
D7CA
330
70
100
AcDbEntity
  8
CH-S-SLAB
100
AcDbPolyline
 90
        8
 70
     1
 43
0.0
 10
73310.46587605508
 20
7849.999999999771
 10
72960.46587605495
 20
7849.999999999771
 10
70860.46587605495
 20
7849.99999999992
 10
70510.46587605508
 20
7849.999999999557
 10
70510.46587605508
 20
3149.999999999763
 10
70560.46587605488
 20
3149.999999999763
 10
73260.46587605495
 20
3149.999999999942
 10
73310.46587605508
 20
3149.999999999911
  0
LWPOLYLINE
  5
D7D3
330
70
100
AcDbEntity
  8
CH-S-SLAB
100
AcDbPolyline
 90
        8
 70
     1
 43
0.0
 10
70310.46587605508
 20
7849.999999998987
 10
69960.46587605492
 20
7849.999999998987
 10
64860.46587605494
 20
7849.999999999936
 10
64510.46587605503
 20
7849.999999999885
 10
64510.46587605503
 20
3149.999999999784
 10
64560.4658760549
 20
3149.999999999784
 10
70260.46587605494
 20
3149.999999999943
 10
70310.46587605508
 20
3149.999999999913
  0
LWPOLYLINE
  5
D7DC
330
70
100
AcDbEntity
  8
CH-S-SLAB
100
AcDbPolyline
 90
        8
 70
     1
 43
0.0
 10
64310.46587605504
 20
7849.999999999804
 10
63960.46587605494
 20
7849.999999999804
 10
61860.46587605495
 20
7849.999999999958
 10
61510.46587605502
 20
7849.999999999898
 10
61510.46587605502
 20
3149.999999999784
 10
61560.4658760549
 20
3149.999999999784
 10
64260.46587605495
 20
3149.999999999971
 10
64310.46587605504
 20
3149.99999999994
  0
LWPOLYLINE
  5
D7E9
330
70
100
AcDbEntity
  8
CH-S-SLAB
100
AcDbPolyline
 90
       12
 70
     1
 43
0.0
 10
61310.46587605505
 20
7849.999999999804
 10
60960.46587605494
 20
7849.999999999804
 10
60960.46587605494
 20
7919.999999999896
 10
56860.46587605491
 20
7919.999999999889
 10
56860.46587605491
 20
7849.999999999815
 10
56510.46587605502
 20
7849.999999999815
 10
56510.46587605502
 20
3149.999999999815
 10
56860.46587605491
 20
3149.999999999815
 10
56860.46587605491
 20
3079.999999999906
 10
61260.46587605491
 20
3079.999999999906
 10
61260.46587605491
 20
3149.999999999785
 10
61310.46587605505
 20
3149.999999999785
  0
LWPOLYLINE
  5
D7F4
330
70
100
AcDbEntity
  8
CH-S-SLAB
100
AcDbPolyline
 90
       10
 70
     1
 43
0.0
 10
56310.46587605504
 20
7849.999999999815
 10
55960.46587605491
 20
7849.999999999815
 10
55960.46587605491
 20
7919.999999999979
 10
53260.46587605492
 20
7919.999999999976
 10
53260.46587605492
 20
7549.999999999837
 10
53260.46587605495
 20
3450.0
 10
53260.46587605492
 20
3079.999999999993
 10
55960.46587605489
 20
3079.999999999993
 10
55960.46587605489
 20
3149.999999999816
 10
56310.46587605504
 20
3149.999999999815
  0
LWPOLYLINE
  5
D7FD
330
70
100
AcDbEntity
  8
CH-S-SLAB
100
AcDbPolyline
 90
        8
 70
     1
 43
0.0
 10
56310.4658760549
 20
10849.99999999983
 10
55960.46587605492
 20
10849.99999999983
 10
53260.46587605492
 20
10849.99999999999
 10
53260.46587605492
 20
10549.99999999983
 10
53260.46587605495
 20
8450.0
 10
53260.46587605494
 20
8149.999999999987
 10
55960.46587605497
 20
8149.999999999987
 10
56310.46587605504
 20
8149.999999999922
  0
LWPOLYLINE
  5
D806
330
70
100
AcDbEntity
  8
CH-S-SLAB
100
AcDbPolyline
 90
        8
 70
     1
 43
0.0
 10
61310.46587605491
 20
10849.99999999979
 10
60960.46587605494
 20
10849.99999999979
 10
56860.46587605503
 20
10849.9999999999
 10
56510.4658760549
 20
10849.99999999987
 10
56510.46587605502
 20
8149.999999999822
 10
56860.46587605491
 20
8149.999999999822
 10
60960.46587605495
 20
8149.999999999904
 10
61310.46587605505
 20
8149.999999999865
  0
LWPOLYLINE
  5
D80F
330
70
100
AcDbEntity
  8
CH-S-SLAB
100
AcDbPolyline
 90
        8
 70
     1
 43
0.0
 10
64310.46587605491
 20
10849.99999999979
 10
63960.46587605494
 20
10849.99999999979
 10
61860.46587605495
 20
10849.99999999995
 10
61510.46587605491
 20
10849.99999999989
 10
61510.46587605502
 20
8149.999999999804
 10
61860.46587605494
 20
8149.999999999804
 10
63960.46587605495
 20
8149.999999999966
 10
64310.46587605504
 20
8149.999999999904
  0
LWPOLYLINE
  5
D818
330
70
100
AcDbEntity
  8
CH-S-SLAB
100
AcDbPolyline
 90
        8
 70
     1
 43
0.0
 10
70310.46587605492
 20
10849.99999999898
 10
69960.46587605492
 20
10849.99999999898
 10
64860.46587605494
 20
10849.99999999992
 10
64510.46587605492
 20
10849.99999999987
 10
64510.46587605503
 20
8149.999999999804
 10
64860.46587605494
 20
8149.999999999804
 10
69960.46587605495
 20
8149.999999999936
 10
70310.46587605508
 20
8149.999999999565
  0
LWPOLYLINE
  5
D821
330
70
100
AcDbEntity
  8
CH-S-SLAB
100
AcDbPolyline
 90
        8
 70
     1
 43
0.0
 10
73310.46587605492
 20
10849.99999999976
 10
72960.46587605495
 20
10849.99999999976
 10
70860.46587605495
 20
10849.99999999993
 10
70510.46587605492
 20
10849.99999999956
 10
70510.46587605508
 20
8149.999999998987
 10
70860.46587605492
 20
8149.999999998987
 10
72960.46587605497
 20
8149.99999999995
 10
73310.46587605508
 20
8149.999999999883
  0
LWPOLYLINE
  5
D82A
330
70
100
AcDbEntity
  8
CH-S-SLAB
100
AcDbPolyline
 90
        8
 70
     1
 43
0.0
 10
78310.46587605495
 20
10849.99999999974
 10
77960.46587605495
 20
10849.99999999974
 10
73860.46587605497
 20
10849.99999999948
 10
73510.46587605494
 20
10849.99999999959
 10
73510.46587605508
 20
8149.999999999771
 10
73860.46587605495
 20
8149.999999999771
 10
77960.46587605492
 20
8149.999999999478
 10
78310.46587605508
 20
8149.999999999584
  0
LWPOLYLINE
  5
D833
330
70
100
AcDbEntity
  8
CH-S-SLAB
100
AcDbPolyline
 90
        8
 70
     1
 43
0.0
 10
81560.46587605493
 20
10549.99999999999
 10
81560.46587605493
 20
10849.99999999949
 10
78860.46587605505
 20
10849.99999999949
 10
78510.46587605495
 20
10849.99999999959
 10
78510.46587605508
 20
8149.999999999748
 10
78860.46587605495
 20
8149.999999999748
 10
81560.46587605493
 20
8149.999999999486
 10
81560.46587605493
 20
8449.999999999734
  0
LWPOLYLINE
  5
D83E
330
70
100
AcDbEntity
  8
CH-S-SLAB
100
AcDbPolyline
 90
       10
 70
     1
 43
0.0
 10
81560.46587605493
 20
14549.99999999998
 10
81560.46587605493
 20
14919.99999999946
 10
78860.46587605495
 20
14919.99999999946
 10
78860.46587605495
 20
14849.99999999973
 10
78510.46587605508
 20
14849.99999999973
 10
78510.46587605495
 20
11149.99999999974
 10
78860.46587605495
 20
11149.99999999974
 10
78860.46587605495
 20
11079.9999999995
 10
81560.46587605493
 20
11079.9999999995
 10
81560.46587605493
 20
11449.99999999973
  0
LWPOLYLINE
  5
D84B
330
70
100
AcDbEntity
  8
CH-S-SLAB
100
AcDbPolyline
 90
       12
 70
     1
 43
0.0
 10
78310.46587605508
 20
14849.99999999973
 10
77960.46587605495
 20
14849.99999999973
 10
77960.46587605495
 20
14919.99999999946
 10
73860.46587605495
 20
14919.99999999946
 10
73860.46587605495
 20
14849.99999999975
 10
73510.46587605508
 20
14849.99999999975
 10
73510.46587605494
 20
11149.99999999976
 10
73860.46587605495
 20
11149.99999999976
 10
73860.46587605495
 20
11079.99999999949
 10
77960.46587605495
 20
11079.99999999949
 10
77960.46587605495
 20
11149.99999999974
 10
78310.46587605495
 20
11149.99999999974
  0
LWPOLYLINE
  5
D858
330
70
100
AcDbEntity
  8
CH-S-SLAB
100
AcDbPolyline
 90
       12
 70
     1
 43
0.0
 10
73310.46587605508
 20
14849.99999999975
 10
72960.46587605495
 20
14849.99999999975
 10
72960.46587605495
 20
14919.9999999999
 10
70860.46587605492
 20
14919.99999999991
 10
70860.46587605492
 20
14849.99999999897
 10
70510.46587605508
 20
14849.99999999897
 10
70510.46587605492
 20
11149.99999999898
 10
70860.46587605492
 20
11149.99999999898
 10
70860.46587605492
 20
11079.99999999995
 10
72960.46587605495
 20
11079.99999999993
 10
72960.46587605495
 20
11149.99999999976
 10
73310.46587605492
 20
11149.99999999976
  0
LWPOLYLINE
  5
D865
330
70
100
AcDbEntity
  8
CH-S-SLAB
100
AcDbPolyline
 90
       12
 70
     1
 43
0.0
 10
70310.46587605508
 20
14849.99999999897
 10
69960.46587605492
 20
14849.99999999897
 10
69960.46587605492
 20
14919.99999999993
 10
64860.46587605494
 20
14919.9999999999
 10
64860.46587605494
 20
14849.99999999979
 10
64510.46587605503
 20
14849.99999999979
 10
64510.46587605492
 20
11149.9999999998
 10
64860.46587605494
 20
11149.9999999998
 10
64860.46587605494
 20
11079.99999999992
 10
69960.46587605492
 20
11079.99999999995
 10
69960.46587605492
 20
11149.99999999898
 10
70310.46587605492
 20
11149.99999999898
  0
LWPOLYLINE
  5
D872
330
70
100
AcDbEntity
  8
CH-S-SLAB
100
AcDbPolyline
 90
       12
 70
     1
 43
0.0
 10
64310.46587605504
 20
14849.99999999979
 10
63960.46587605494
 20
14849.99999999979
 10
63960.46587605494
 20
14919.99999999993
 10
61860.46587605494
 20
14919.99999999993
 10
61860.46587605494
 20
14849.99999999979
 10
61510.46587605502
 20
14849.99999999979
 10
61510.46587605491
 20
11149.9999999998
 10
61860.46587605494
 20
11149.9999999998
 10
61860.46587605494
 20
11079.99999999996
 10
63960.46587605494
 20
11079.99999999995
 10
63960.46587605494
 20
11149.9999999998
 10
64310.46587605491
 20
11149.9999999998
  0
LWPOLYLINE
  5
D87F
330
70
100
AcDbEntity
  8
CH-S-SLAB
100
AcDbPolyline
 90
       12
 70
     1
 43
0.0
 10
61310.46587605505
 20
14849.99999999979
 10
60960.46587605494
 20
14849.99999999979
 10
60960.46587605494
 20
14919.99999999989
 10
56860.46587605494
 20
14919.99999999989
 10
56860.46587605494
 20
14849.99999999981
 10
56510.46587605502
 20
14849.99999999981
 10
56510.4658760549
 20
11149.9999999998
 10
56860.46587605492
 20
11149.9999999998
 10
56860.46587605492
 20
11079.99999999991
 10
60960.46587605494
 20
11079.99999999991
 10
60960.46587605494
 20
11149.9999999998
 10
61310.46587605491
 20
11149.9999999998
  0
LWPOLYLINE
  5
D88A
330
70
100
AcDbEntity
  8
CH-S-SLAB
100
AcDbPolyline
 90
       10
 70
     1
 43
0.0
 10
56310.46587605504
 20
14849.99999999981
 10
55960.46587605493
 20
14849.99999999981
 10
55960.46587605493
 20
14919.99999999997
 10
53260.46587605492
 20
14919.99999999997
 10
53260.46587605492
 20
14549.99999999981
 10
53260.46587605495
 20
11450.0
 10
53260.46587605492
 20
11080.0
 10
55960.46587605492
 20
11080.0
 10
55960.46587605492
 20
11149.9999999998
 10
56310.4658760549
 20
11149.9999999998
  0
LWPOLYLINE
  5
D893
330
70
100
AcDbEntity
  8
CH-S-SLAB
100
AcDbPolyline
 90
        8
 70
     1
 43
0.0
 10
56310.46587605505
 20
17849.99999999982
 10
55960.46587605493
 20
17849.99999999982
 10
53260.46587605492
 20
17849.99999999998
 10
53260.46587605492
 20
17549.99999999982
 10
53260.46587605495
 20
15449.99999999998
 10
53260.46587605494
 20
15149.99999999998
 10
55960.46587605505
 20
15149.99999999998
 10
56310.46587605504
 20
15149.99999999992
  0
LWPOLYLINE
  5
D89C
330
70
100
AcDbEntity
  8
CH-S-SLAB
100
AcDbPolyline
 90
        8
 70
     1
 43
0.0
 10
61310.46587605506
 20
17849.99999999979
 10
60960.46587605494
 20
17849.99999999979
 10
56860.465876055
 20
17849.99999999989
 10
56510.46587605505
 20
17849.99999999986
 10
56510.46587605502
 20
15149.99999999981
 10
56860.46587605494
 20
15149.99999999981
 10
60960.46587605501
 20
15149.99999999989
 10
61310.46587605505
 20
15149.99999999985
  0
LWPOLYLINE
  5
D8A5
330
70
100
AcDbEntity
  8
CH-S-SLAB
100
AcDbPolyline
 90
        8
 70
     1
 43
0.0
 10
64310.46587605505
 20
17849.99999999979
 10
63960.46587605494
 20
17849.99999999979
 10
61860.46587605497
 20
17849.99999999995
 10
61510.46587605506
 20
17849.99999999989
 10
61510.46587605502
 20
15149.99999999979
 10
61860.46587605494
 20
15149.99999999979
 10
63960.46587605497
 20
15149.99999999993
 10
64310.46587605504
 20
15149.99999999988
  0
LWPOLYLINE
  5
D8AE
330
70
100
AcDbEntity
  8
CH-S-SLAB
100
AcDbPolyline
 90
        8
 70
     1
 43
0.0
 10
70310.46587605508
 20
17849.99999999897
 10
69960.46587605492
 20
17849.99999999897
 10
64860.46587605497
 20
17849.99999999995
 10
64510.46587605506
 20
17849.99999999989
 10
64510.46587605503
 20
15149.99999999979
 10
64860.46587605494
 20
15149.99999999979
 10
69960.46587605496
 20
15149.99999999993
 10
70310.46587605508
 20
15149.99999999955
  0
LWPOLYLINE
  5
D8B7
330
70
100
AcDbEntity
  8
CH-S-SLAB
100
AcDbPolyline
 90
        8
 70
     1
 43
0.0
 10
73310.46587605508
 20
17849.99999999975
 10
72960.46587605495
 20
17849.99999999975
 10
70860.46587605495
 20
17849.99999999991
 10
70510.46587605508
 20
17849.99999999954
 10
70510.46587605508
 20
15149.99999999897
 10
70860.46587605492
 20
15149.99999999897
 10
72960.46587605499
 20
15149.99999999991
 10
73310.46587605508
 20
15149.99999999985
  0
LWPOLYLINE
  5
D8C0
330
70
100
AcDbEntity
  8
CH-S-SLAB
100
AcDbPolyline
 90
        8
 70
     1
 43
0.0
 10
78310.46587605508
 20
17849.99999999974
 10
77960.46587605495
 20
17849.99999999974
 10
73860.46587605497
 20
17849.99999999947
 10
73510.46587605508
 20
17849.99999999958
 10
73510.46587605508
 20
15149.99999999975
 10
73860.46587605495
 20
15149.99999999975
 10
77960.46587605499
 20
15149.99999999947
 10
78310.46587605508
 20
15149.99999999958
  0
LWPOLYLINE
  5
D8C9
330
70
100
AcDbEntity
  8
CH-S-SLAB
100
AcDbPolyline
 90
        8
 70
     1
 43
0.0
 10
81560.46587605493
 20
17549.99999999998
 10
81560.46587605493
 20
17849.99999999948
 10
78860.46587605501
 20
17849.99999999948
 10
78510.4658760551
 20
17849.99999999958
 10
78510.46587605508
 20
15149.99999999974
 10
78860.46587605495
 20
15149.99999999974
 10
81560.46587605493
 20
15149.99999999948
 10
81560.46587605493
 20
15449.99999999973
  0
LWPOLYLINE
  5
D8D4
330
70
100
AcDbEntity
  8
CH-S-SLAB
100
AcDbPolyline
 90
       10
 70
     1
 43
0.0
 10
81560.46587605496
 20
22549.99999999999
 10
81560.46587605496
 20
22919.99999999955
 10
78860.46587605495
 20
22919.99999999955
 10
78860.46587605495
 20
22849.99999999974
 10
78510.46587605511
 20
22849.99999999974
 10
78510.46587605508
 20
18149.99999999974
 10
78860.46587605495
 20
18149.99999999974
 10
78860.46587605495
 20
18079.99999999949
 10
81560.46587605493
 20
18079.99999999949
 10
81560.46587605493
 20
18449.99999999973
  0
LWPOLYLINE
  5
D8E1
330
70
100
AcDbEntity
  8
CH-S-SLAB
100
AcDbPolyline
 90
       12
 70
     1
 43
0.0
 10
78310.46587605514
 20
22849.99999999974
 10
77960.46587605495
 20
22849.99999999974
 10
77960.46587605495
 20
22919.99999999954
 10
73560.46587605501
 20
22919.99999999954
 10
73560.46587605501
 20
22849.99999999981
 10
73510.4658760551
 20
22849.99999999981
 10
73510.46587605508
 20
18149.99999999976
 10
73860.46587605495
 20
18149.99999999976
 10
73860.46587605495
 20
18079.99999999948
 10
77960.46587605495
 20
18079.99999999948
 10
77960.46587605495
 20
18149.99999999974
 10
78310.46587605511
 20
18149.99999999974
  0
LWPOLYLINE
  5
D8EA
330
70
100
AcDbEntity
  8
CH-S-SLAB
100
AcDbPolyline
 90
        8
 70
     1
 43
0.0
 10
73310.46587605512
 20
22849.99999999981
 10
73260.46587605496
 20
22849.99999999981
 10
70560.46587605501
 20
22849.99999999993
 10
70510.46587605508
 20
22849.99999999991
 10
70510.46587605508
 20
18149.99999999897
 10
70860.46587605492
 20
18149.99999999897
 10
72960.46587605497
 20
18149.99999999994
 10
73310.46587605508
 20
18149.99999999987
  0
LWPOLYLINE
  5
D8F3
330
70
100
AcDbEntity
  8
CH-S-SLAB
100
AcDbPolyline
 90
        8
 70
     1
 43
0.0
 10
70310.46587605512
 20
22849.99999999981
 10
70260.46587605496
 20
22849.99999999981
 10
64560.46587605483
 20
22849.99999999995
 10
64510.46587605508
 20
22849.99999999993
 10
64510.46587605503
 20
18149.99999999979
 10
64860.46587605494
 20
18149.99999999979
 10
69960.46587605495
 20
18149.99999999994
 10
70310.46587605508
 20
18149.99999999956
  0
LWPOLYLINE
  5
D8FC
330
70
100
AcDbEntity
  8
CH-S-SLAB
100
AcDbPolyline
 90
        8
 70
     1
 43
0.0
 10
64310.4658760551
 20
22849.99999999983
 10
64260.46587605497
 20
22849.99999999983
 10
61560.46587605501
 20
22849.99999999997
 10
61510.46587605508
 20
22849.99999999995
 10
61510.46587605502
 20
18149.99999999979
 10
61860.46587605494
 20
18149.99999999979
 10
63960.46587605497
 20
18149.99999999997
 10
64310.46587605508
 20
18149.9999999999
  0
LWPOLYLINE
  5
D909
330
70
100
AcDbEntity
  8
CH-S-SLAB
100
AcDbPolyline
 90
       12
 70
     1
 43
0.0
 10
61310.46587605508
 20
22849.99999999984
 10
61260.46587605499
 20
22849.99999999984
 10
61260.46587605499
 20
22919.99999999996
 10
56860.46587605494
 20
22919.99999999996
 10
56860.46587605494
 20
22849.99999999983
 10
56510.46587605506
 20
22849.99999999983
 10
56510.46587605502
 20
18149.9999999998
 10
56860.46587605494
 20
18149.9999999998
 10
56860.46587605494
 20
18079.9999999999
 10
60960.46587605494
 20
18079.9999999999
 10
60960.46587605494
 20
18149.99999999979
 10
61310.46587605508
 20
18149.99999999979
  0
LWPOLYLINE
  5
D914
330
70
100
AcDbEntity
  8
CH-S-SLAB
100
AcDbPolyline
 90
       10
 70
     1
 43
0.0
 10
56310.46587605508
 20
22849.99999999983
 10
55960.46587605494
 20
22849.99999999983
 10
55960.46587605494
 20
22920.00000000005
 10
53260.46587605494
 20
22920.00000000005
 10
53260.46587605494
 20
22549.99999999983
 10
53260.46587605495
 20
18449.99999999998
 10
53260.46587605492
 20
18079.99999999999
 10
55960.46587605493
 20
18079.99999999999
 10
55960.46587605493
 20
18149.9999999998
 10
56310.46587605506
 20
18149.9999999998
  0
HATCH
  5
D918
330
70
100
AcDbEntity
  8
CH-S-SLAB-SUNK
100
AcDbHatch
 10
0.0
 20
0.0
 30
0.0
210
0.0
220
0.0
230
1.0
  2
ANGLE
 70
     0
 71
     0
 91
        1
 92
        1
 93
        8
 72
     1
 10
64310.46587605491
 20
10849.99999999979
 11
63960.46587605494
 21
10849.99999999979
 72
     1
 10
63960.46587605494
 20
10849.99999999979
 11
61860.46587605495
 21
10849.99999999995
 72
     1
 10
61860.46587605495
 20
10849.99999999995
 11
61510.46587605491
 21
10849.99999999989
 72
     1
 10
61510.46587605491
 20
10849.99999999989
 11
61510.46587605502
 21
8149.999999999804
 72
     1
 10
61510.46587605502
 20
8149.999999999804
 11
61860.46587605494
 21
8149.999999999804
 72
     1
 10
61860.46587605494
 20
8149.999999999804
 11
63960.46587605495
 21
8149.999999999966
 72
     1
 10
63960.46587605495
 20
8149.999999999966
 11
64310.46587605504
 21
8149.999999999904
 72
     1
 10
64310.46587605504
 20
8149.999999999904
 11
64310.46587605491
 21
10849.99999999979
 97
        0
 75
     1
 76
     1
 52
0.0
 41
10.0
 77
     0
 78
     2
 53
0.0
 43
0.0
 44
0.0
 45
0.0
 46
69.85000000000001
 79
     2
 49
50.8
 49
-19.05
 53
90.0
 43
0.0
 44
0.0
 45
-69.85000000000001
 46
0.0000000000000043
 79
     2
 49
50.8
 49
-19.05
 98
        1
 10
0.0
 20
0.0
1001
GradientColor1ACI
1070
     5
1001
GradientColor2ACI
1070
     2
1001
ACAD
1010
0.0
1020
0.0
1030
0.0
  0
HATCH
  5
D91A
330
70
100
AcDbEntity
  8
CH-S-SLAB-SUNK
100
AcDbHatch
 10
0.0
 20
0.0
 30
0.0
210
0.0
220
0.0
230
1.0
  2
ANGLE
 70
     0
 71
     0
 91
        1
 92
        1
 93
       12
 72
     1
 10
64310.46587605504
 20
14849.99999999979
 11
63960.46587605494
 21
14849.99999999979
 72
     1
 10
63960.46587605494
 20
14849.99999999979
 11
63960.46587605494
 21
14919.99999999993
 72
     1
 10
63960.46587605494
 20
14919.99999999993
 11
61860.46587605494
 21
14919.99999999993
 72
     1
 10
61860.46587605494
 20
14919.99999999993
 11
61860.46587605494
 21
14849.99999999979
 72
     1
 10
61860.46587605494
 20
14849.99999999979
 11
61510.46587605502
 21
14849.99999999979
 72
     1
 10
61510.46587605502
 20
14849.99999999979
 11
61510.46587605491
 21
11149.9999999998
 72
     1
 10
61510.46587605491
 20
11149.9999999998
 11
61860.46587605494
 21
11149.9999999998
 72
     1
 10
61860.46587605494
 20
11149.9999999998
 11
61860.46587605494
 21
11079.99999999996
 72
     1
 10
61860.46587605494
 20
11079.99999999996
 11
63960.46587605494
 21
11079.99999999995
 72
     1
 10
63960.46587605494
 20
11079.99999999995
 11
63960.46587605494
 21
11149.9999999998
 72
     1
 10
63960.46587605494
 20
11149.9999999998
 11
64310.46587605491
 21
11149.9999999998
 72
     1
 10
64310.46587605491
 20
11149.9999999998
 11
64310.46587605504
 21
14849.99999999979
 97
        0
 75
     1
 76
     1
 52
0.0
 41
10.0
 77
     0
 78
     2
 53
0.0
 43
0.0
 44
0.0
 45
0.0
 46
69.85000000000001
 79
     2
 49
50.8
 49
-19.05
 53
90.0
 43
0.0
 44
0.0
 45
-69.85000000000001
 46
0.0000000000000043
 79
     2
 49
50.8
 49
-19.05
 98
        1
 10
0.0
 20
0.0
1001
GradientColor1ACI
1070
     5
1001
GradientColor2ACI
1070
     2
1001
ACAD
1010
0.0
1020
0.0
1030
0.0
  0
HATCH
  5
D91C
330
70
100
AcDbEntity
  8
CH-S-SLAB-SUNK
100
AcDbHatch
 10
0.0
 20
0.0
 30
0.0
210
0.0
220
0.0
230
1.0
  2
ANGLE
 70
     0
 71
     0
 91
        1
 92
        1
 93
        8
 72
     1
 10
64310.46587605505
 20
17849.99999999979
 11
63960.46587605494
 21
17849.99999999979
 72
     1
 10
63960.46587605494
 20
17849.99999999979
 11
61860.46587605497
 21
17849.99999999995
 72
     1
 10
61860.46587605497
 20
17849.99999999995
 11
61510.46587605506
 21
17849.99999999989
 72
     1
 10
61510.46587605506
 20
17849.99999999989
 11
61510.46587605502
 21
15149.99999999979
 72
     1
 10
61510.46587605502
 20
15149.99999999979
 11
61860.46587605494
 21
15149.99999999979
 72
     1
 10
61860.46587605494
 20
15149.99999999979
 11
63960.46587605497
 21
15149.99999999993
 72
     1
 10
63960.46587605497
 20
15149.99999999993
 11
64310.46587605504
 21
15149.99999999988
 72
     1
 10
64310.46587605504
 20
15149.99999999988
 11
64310.46587605505
 21
17849.99999999979
 97
        0
 75
     1
 76
     1
 52
0.0
 41
10.0
 77
     0
 78
     2
 53
0.0
 43
0.0
 44
0.0
 45
0.0
 46
69.85000000000001
 79
     2
 49
50.8
 49
-19.05
 53
90.0
 43
0.0
 44
0.0
 45
-69.85000000000001
 46
0.0000000000000043
 79
     2
 49
50.8
 49
-19.05
 98
        1
 10
0.0
 20
0.0
1001
GradientColor1ACI
1070
     5
1001
GradientColor2ACI
1070
     2
1001
ACAD
1010
0.0
1020
0.0
1030
0.0
  0
HATCH
  5
D91F
330
70
100
AcDbEntity
  8
CH-S-SLAB-SUNK
100
AcDbHatch
 10
0.0
 20
0.0
 30
0.0
210
0.0
220
0.0
230
1.0
  2
ANGLE
 70
     0
 71
     0
 91
        1
 92
        1
 93
        8
 72
     1
 10
73310.46587605508
 20
17849.99999999975
 11
72960.46587605495
 21
17849.99999999975
 72
     1
 10
72960.46587605495
 20
17849.99999999975
 11
70860.46587605495
 21
17849.99999999991
 72
     1
 10
70860.46587605495
 20
17849.99999999991
 11
70510.46587605508
 21
17849.99999999954
 72
     1
 10
70510.46587605508
 20
17849.99999999954
 11
70510.46587605508
 21
15149.99999999897
 72
     1
 10
70510.46587605508
 20
15149.99999999897
 11
70860.46587605492
 21
15149.99999999897
 72
     1
 10
70860.46587605492
 20
15149.99999999897
 11
72960.46587605499
 21
15149.99999999991
 72
     1
 10
72960.46587605499
 20
15149.99999999991
 11
73310.46587605508
 21
15149.99999999985
 72
     1
 10
73310.46587605508
 20
15149.99999999985
 11
73310.46587605508
 21
17849.99999999975
 97
        0
 75
     1
 76
     1
 52
0.0
 41
10.0
 77
     0
 78
     2
 53
0.0
 43
0.0
 44
0.0
 45
0.0
 46
69.85000000000001
 79
     2
 49
50.8
 49
-19.05
 53
90.0
 43
0.0
 44
0.0
 45
-69.85000000000001
 46
0.0000000000000043
 79
     2
 49
50.8
 49
-19.05
 98
        1
 10
0.0
 20
0.0
1001
GradientColor1ACI
1070
     5
1001
GradientColor2ACI
1070
     2
1001
ACAD
1010
0.0
1020
0.0
1030
0.0
  0
HATCH
  5
D921
330
70
100
AcDbEntity
  8
CH-S-SLAB-SUNK
100
AcDbHatch
 10
0.0
 20
0.0
 30
0.0
210
0.0
220
0.0
230
1.0
  2
ANGLE
 70
     0
 71
     0
 91
        1
 92
        1
 93
       12
 72
     1
 10
73310.46587605508
 20
14849.99999999975
 11
72960.46587605495
 21
14849.99999999975
 72
     1
 10
72960.46587605495
 20
14849.99999999975
 11
72960.46587605495
 21
14919.9999999999
 72
     1
 10
72960.46587605495
 20
14919.9999999999
 11
70860.46587605492
 21
14919.99999999991
 72
     1
 10
70860.46587605492
 20
14919.99999999991
 11
70860.46587605492
 21
14849.99999999897
 72
     1
 10
70860.46587605492
 20
14849.99999999897
 11
70510.46587605508
 21
14849.99999999897
 72
     1
 10
70510.46587605508
 20
14849.99999999897
 11
70510.46587605492
 21
11149.99999999898
 72
     1
 10
70510.46587605492
 20
11149.99999999898
 11
70860.46587605492
 21
11149.99999999898
 72
     1
 10
70860.46587605492
 20
11149.99999999898
 11
70860.46587605492
 21
11079.99999999995
 72
     1
 10
70860.46587605492
 20
11079.99999999995
 11
72960.46587605495
 21
11079.99999999993
 72
     1
 10
72960.46587605495
 20
11079.99999999993
 11
72960.46587605495
 21
11149.99999999976
 72
     1
 10
72960.46587605495
 20
11149.99999999976
 11
73310.46587605492
 21
11149.99999999976
 72
     1
 10
73310.46587605492
 20
11149.99999999976
 11
73310.46587605508
 21
14849.99999999975
 97
        0
 75
     1
 76
     1
 52
0.0
 41
10.0
 77
     0
 78
     2
 53
0.0
 43
0.0
 44
0.0
 45
0.0
 46
69.85000000000001
 79
     2
 49
50.8
 49
-19.05
 53
90.0
 43
0.0
 44
0.0
 45
-69.85000000000001
 46
0.0000000000000043
 79
     2
 49
50.8
 49
-19.05
 98
        1
 10
0.0
 20
0.0
1001
GradientColor1ACI
1070
     5
1001
GradientColor2ACI
1070
     2
1001
ACAD
1010
0.0
1020
0.0
1030
0.0
  0
HATCH
  5
D923
330
70
100
AcDbEntity
  8
CH-S-SLAB-SUNK
100
AcDbHatch
 10
0.0
 20
0.0
 30
0.0
210
0.0
220
0.0
230
1.0
  2
ANGLE
 70
     0
 71
     0
 91
        1
 92
        1
 93
        8
 72
     1
 10
73310.46587605492
 20
10849.99999999976
 11
72960.46587605495
 21
10849.99999999976
 72
     1
 10
72960.46587605495
 20
10849.99999999976
 11
70860.46587605495
 21
10849.99999999993
 72
     1
 10
70860.46587605495
 20
10849.99999999993
 11
70510.46587605492
 21
10849.99999999956
 72
     1
 10
70510.46587605492
 20
10849.99999999956
 11
70510.46587605508
 21
8149.999999998987
 72
     1
 10
70510.46587605508
 20
8149.999999998987
 11
70860.46587605492
 21
8149.999999998987
 72
     1
 10
70860.46587605492
 20
8149.999999998987
 11
72960.46587605497
 21
8149.99999999995
 72
     1
 10
72960.46587605497
 20
8149.99999999995
 11
73310.46587605508
 21
8149.999999999883
 72
     1
 10
73310.46587605508
 20
8149.999999999883
 11
73310.46587605492
 21
10849.99999999976
 97
        0
 75
     1
 76
     1
 52
0.0
 41
10.0
 77
     0
 78
     2
 53
0.0
 43
0.0
 44
0.0
 45
0.0
 46
69.85000000000001
 79
     2
 49
50.8
 49
-19.05
 53
90.0
 43
0.0
 44
0.0
 45
-69.85000000000001
 46
0.0000000000000043
 79
     2
 49
50.8
 49
-19.05
 98
        1
 10
0.0
 20
0.0
1001
GradientColor1ACI
1070
     5
1001
GradientColor2ACI
1070
     2
1001
ACAD
1010
0.0
1020
0.0
1030
0.0
  0
HATCH
  5
D925
330
70
100
AcDbEntity
  8
CH-S-SLAB-SUNK
100
AcDbHatch
 10
0.0
 20
0.0
 30
0.0
210
0.0
220
0.0
230
1.0
  2
HEX
 70
     0
 71
     0
 91
        1
 92
        1
 93
        8
 72
     1
 10
70310.46587605508
 20
17849.99999999897
 11
69960.46587605492
 21
17849.99999999897
 72
     1
 10
69960.46587605492
 20
17849.99999999897
 11
64860.46587605497
 21
17849.99999999995
 72
     1
 10
64860.46587605497
 20
17849.99999999995
 11
64510.46587605506
 21
17849.99999999989
 72
     1
 10
64510.46587605506
 20
17849.99999999989
 11
64510.46587605503
 21
15149.99999999979
 72
     1
 10
64510.46587605503
 20
15149.99999999979
 11
64860.46587605494
 21
15149.99999999979
 72
     1
 10
64860.46587605494
 20
15149.99999999979
 11
69960.46587605496
 21
15149.99999999993
 72
     1
 10
69960.46587605496
 20
15149.99999999993
 11
70310.46587605508
 21
15149.99999999955
 72
     1
 10
70310.46587605508
 20
15149.99999999955
 11
70310.46587605508
 21
17849.99999999897
 97
        0
 75
     1
 76
     1
 52
0.0
 41
10.0
 77
     0
 78
     3
 53
0.0
 43
0.0
 44
0.0
 45
0.0
 46
54.99261315399999
 79
     2
 49
31.75
 49
-63.5
 53
120.0
 43
0.0
 44
0.0
 45
-47.62500001185428
 46
-27.49630657699999
 79
     2
 49
31.75
 49
-63.49999999999999
 53
60.0
 43
31.75
 44
0.0
 45
-47.62500001185427
 46
27.496306577
 79
     2
 49
31.75
 49
-63.5
 98
        1
 10
0.0
 20
0.0
1001
GradientColor1ACI
1070
     5
1001
GradientColor2ACI
1070
     2
1001
ACAD
1010
0.0
1020
0.0
1030
0.0
  0
HATCH
  5
D927
330
70
100
AcDbEntity
  8
CH-S-SLAB-SUNK
100
AcDbHatch
 10
0.0
 20
0.0
 30
0.0
210
0.0
220
0.0
230
1.0
  2
HEX
 70
     0
 71
     0
 91
        1
 92
        1
 93
       12
 72
     1
 10
70310.46587605508
 20
14849.99999999897
 11
69960.46587605492
 21
14849.99999999897
 72
     1
 10
69960.46587605492
 20
14849.99999999897
 11
69960.46587605492
 21
14919.99999999993
 72
     1
 10
69960.46587605492
 20
14919.99999999993
 11
64860.46587605494
 21
14919.9999999999
 72
     1
 10
64860.46587605494
 20
14919.9999999999
 11
64860.46587605494
 21
14849.99999999979
 72
     1
 10
64860.46587605494
 20
14849.99999999979
 11
64510.46587605503
 21
14849.99999999979
 72
     1
 10
64510.46587605503
 20
14849.99999999979
 11
64510.46587605492
 21
11149.9999999998
 72
     1
 10
64510.46587605492
 20
11149.9999999998
 11
64860.46587605494
 21
11149.9999999998
 72
     1
 10
64860.46587605494
 20
11149.9999999998
 11
64860.46587605494
 21
11079.99999999992
 72
     1
 10
64860.46587605494
 20
11079.99999999992
 11
69960.46587605492
 21
11079.99999999995
 72
     1
 10
69960.46587605492
 20
11079.99999999995
 11
69960.46587605492
 21
11149.99999999898
 72
     1
 10
69960.46587605492
 20
11149.99999999898
 11
70310.46587605492
 21
11149.99999999898
 72
     1
 10
70310.46587605492
 20
11149.99999999898
 11
70310.46587605508
 21
14849.99999999897
 97
        0
 75
     1
 76
     1
 52
0.0
 41
10.0
 77
     0
 78
     3
 53
0.0
 43
0.0
 44
0.0
 45
0.0
 46
54.99261315399999
 79
     2
 49
31.75
 49
-63.5
 53
120.0
 43
0.0
 44
0.0
 45
-47.62500001185428
 46
-27.49630657699999
 79
     2
 49
31.75
 49
-63.49999999999999
 53
60.0
 43
31.75
 44
0.0
 45
-47.62500001185427
 46
27.496306577
 79
     2
 49
31.75
 49
-63.5
 98
        1
 10
0.0
 20
0.0
1001
GradientColor1ACI
1070
     5
1001
GradientColor2ACI
1070
     2
1001
ACAD
1010
0.0
1020
0.0
1030
0.0
  0
HATCH
  5
D929
330
70
100
AcDbEntity
  8
CH-S-SLAB-SUNK
100
AcDbHatch
 10
0.0
 20
0.0
 30
0.0
210
0.0
220
0.0
230
1.0
  2
HEX
 70
     0
 71
     0
 91
        1
 92
        1
 93
        8
 72
     1
 10
70310.46587605492
 20
10849.99999999898
 11
69960.46587605492
 21
10849.99999999898
 72
     1
 10
69960.46587605492
 20
10849.99999999898
 11
64860.46587605494
 21
10849.99999999992
 72
     1
 10
64860.46587605494
 20
10849.99999999992
 11
64510.46587605492
 21
10849.99999999987
 72
     1
 10
64510.46587605492
 20
10849.99999999987
 11
64510.46587605503
 21
8149.999999999804
 72
     1
 10
64510.46587605503
 20
8149.999999999804
 11
64860.46587605494
 21
8149.999999999804
 72
     1
 10
64860.46587605494
 20
8149.999999999804
 11
69960.46587605495
 21
8149.999999999936
 72
     1
 10
69960.46587605495
 20
8149.999999999936
 11
70310.46587605508
 21
8149.999999999565
 72
     1
 10
70310.46587605508
 20
8149.999999999565
 11
70310.46587605492
 21
10849.99999999898
 97
        0
 75
     1
 76
     1
 52
0.0
 41
10.0
 77
     0
 78
     3
 53
0.0
 43
0.0
 44
0.0
 45
0.0
 46
54.99261315399999
 79
     2
 49
31.75
 49
-63.5
 53
120.0
 43
0.0
 44
0.0
 45
-47.62500001185428
 46
-27.49630657699999
 79
     2
 49
31.75
 49
-63.49999999999999
 53
60.0
 43
31.75
 44
0.0
 45
-47.62500001185427
 46
27.496306577
 79
     2
 49
31.75
 49
-63.5
 98
        1
 10
0.0
 20
0.0
1001
GradientColor1ACI
1070
     5
1001
GradientColor2ACI
1070
     2
1001
ACAD
1010
0.0
1020
0.0
1030
0.0
  0
HATCH
  5
D92B
330
70
100
AcDbEntity
  8
CH-S-SLAB-SUNK
100
AcDbHatch
 10
0.0
 20
0.0
 30
0.0
210
0.0
220
0.0
230
1.0
  2
HEX
 70
     0
 71
     0
 91
        1
 92
        1
 93
       10
 72
     1
 10
56310.46587605504
 20
14849.99999999981
 11
55960.46587605493
 21
14849.99999999981
 72
     1
 10
55960.46587605493
 20
14849.99999999981
 11
55960.46587605493
 21
14919.99999999997
 72
     1
 10
55960.46587605493
 20
14919.99999999997
 11
53260.46587605492
 21
14919.99999999997
 72
     1
 10
53260.46587605492
 20
14919.99999999997
 11
53260.46587605492
 21
14549.99999999981
 72
     1
 10
53260.46587605492
 20
14549.99999999981
 11
53260.46587605495
 21
11450.0
 72
     1
 10
53260.46587605495
 20
11450.0
 11
53260.46587605492
 21
11080.0
 72
     1
 10
53260.46587605492
 20
11080.0
 11
55960.46587605492
 21
11080.0
 72
     1
 10
55960.46587605492
 20
11080.0
 11
55960.46587605492
 21
11149.9999999998
 72
     1
 10
55960.46587605492
 20
11149.9999999998
 11
56310.4658760549
 21
11149.9999999998
 72
     1
 10
56310.4658760549
 20
11149.9999999998
 11
56310.46587605504
 21
14849.99999999981
 97
        0
 75
     1
 76
     1
 52
0.0
 41
10.0
 77
     0
 78
     3
 53
0.0
 43
0.0
 44
0.0
 45
0.0
 46
54.99261315399999
 79
     2
 49
31.75
 49
-63.5
 53
120.0
 43
0.0
 44
0.0
 45
-47.62500001185428
 46
-27.49630657699999
 79
     2
 49
31.75
 49
-63.49999999999999
 53
60.0
 43
31.75
 44
0.0
 45
-47.62500001185427
 46
27.496306577
 79
     2
 49
31.75
 49
-63.5
 98
        1
 10
0.0
 20
0.0
1001
GradientColor1ACI
1070
     5
1001
GradientColor2ACI
1070
     2
1001
ACAD
1010
0.0
1020
0.0
1030
0.0
  0
HATCH
  5
D92D
330
70
100
AcDbEntity
  8
CH-S-SLAB-SUNK
100
AcDbHatch
 10
0.0
 20
0.0
 30
0.0
210
0.0
220
0.0
230
1.0
  2
HEX
 70
     0
 71
     0
 91
        1
 92
        1
 93
       10
 72
     1
 10
81560.46587605493
 20
14549.99999999998
 11
81560.46587605493
 21
14919.99999999946
 72
     1
 10
81560.46587605493
 20
14919.99999999946
 11
78860.46587605495
 21
14919.99999999946
 72
     1
 10
78860.46587605495
 20
14919.99999999946
 11
78860.46587605495
 21
14849.99999999973
 72
     1
 10
78860.46587605495
 20
14849.99999999973
 11
78510.46587605508
 21
14849.99999999973
 72
     1
 10
78510.46587605508
 20
14849.99999999973
 11
78510.46587605495
 21
11149.99999999974
 72
     1
 10
78510.46587605495
 20
11149.99999999974
 11
78860.46587605495
 21
11149.99999999974
 72
     1
 10
78860.46587605495
 20
11149.99999999974
 11
78860.46587605495
 21
11079.9999999995
 72
     1
 10
78860.46587605495
 20
11079.9999999995
 11
81560.46587605493
 21
11079.9999999995
 72
     1
 10
81560.46587605493
 20
11079.9999999995
 11
81560.46587605493
 21
11449.99999999973
 72
     1
 10
81560.46587605493
 20
11449.99999999973
 11
81560.46587605493
 21
14549.99999999998
 97
        0
 75
     1
 76
     1
 52
0.0
 41
10.0
 77
     0
 78
     3
 53
0.0
 43
0.0
 44
0.0
 45
0.0
 46
54.99261315399999
 79
     2
 49
31.75
 49
-63.5
 53
120.0
 43
0.0
 44
0.0
 45
-47.62500001185428
 46
-27.49630657699999
 79
     2
 49
31.75
 49
-63.49999999999999
 53
60.0
 43
31.75
 44
0.0
 45
-47.62500001185427
 46
27.496306577
 79
     2
 49
31.75
 49
-63.5
 98
        1
 10
0.0
 20
0.0
1001
GradientColor1ACI
1070
     5
1001
GradientColor2ACI
1070
     2
1001
ACAD
1010
0.0
1020
0.0
1030
0.0
  0
HATCH
  5
D92F
330
70
100
AcDbEntity
  8
CH-S-SLAB-SUNK
100
AcDbHatch
 10
0.0
 20
0.0
 30
0.0
210
0.0
220
0.0
230
1.0
  2
ANGLE
 70
     0
 71
     0
 91
        1
 92
        1
 93
        8
 72
     1
 10
56310.46587605505
 20
17849.99999999982
 11
55960.46587605493
 21
17849.99999999982
 72
     1
 10
55960.46587605493
 20
17849.99999999982
 11
53260.46587605492
 21
17849.99999999998
 72
     1
 10
53260.46587605492
 20
17849.99999999998
 11
53260.46587605492
 21
17549.99999999982
 72
     1
 10
53260.46587605492
 20
17549.99999999982
 11
53260.46587605495
 21
15449.99999999998
 72
     1
 10
53260.46587605495
 20
15449.99999999998
 11
53260.46587605494
 21
15149.99999999998
 72
     1
 10
53260.46587605494
 20
15149.99999999998
 11
55960.46587605505
 21
15149.99999999998
 72
     1
 10
55960.46587605505
 20
15149.99999999998
 11
56310.46587605504
 21
15149.99999999992
 72
     1
 10
56310.46587605504
 20
15149.99999999992
 11
56310.46587605505
 21
17849.99999999982
 97
        0
 75
     1
 76
     1
 52
0.0
 41
10.0
 77
     0
 78
     2
 53
0.0
 43
0.0
 44
0.0
 45
0.0
 46
69.85000000000001
 79
     2
 49
50.8
 49
-19.05
 53
90.0
 43
0.0
 44
0.0
 45
-69.85000000000001
 46
0.0000000000000043
 79
     2
 49
50.8
 49
-19.05
 98
        1
 10
0.0
 20
0.0
1001
GradientColor1ACI
1070
     5
1001
GradientColor2ACI
1070
     2
1001
ACAD
1010
0.0
1020
0.0
1030
0.0
  0
HATCH
  5
D931
330
70
100
AcDbEntity
  8
CH-S-SLAB-SUNK
100
AcDbHatch
 10
0.0
 20
0.0
 30
0.0
210
0.0
220
0.0
230
1.0
  2
ANGLE
 70
     0
 71
     0
 91
        1
 92
        1
 93
        8
 72
     1
 10
56310.4658760549
 20
10849.99999999983
 11
55960.46587605492
 21
10849.99999999983
 72
     1
 10
55960.46587605492
 20
10849.99999999983
 11
53260.46587605492
 21
10849.99999999999
 72
     1
 10
53260.46587605492
 20
10849.99999999999
 11
53260.46587605492
 21
10549.99999999983
 72
     1
 10
53260.46587605492
 20
10549.99999999983
 11
53260.46587605495
 21
8450.0
 72
     1
 10
53260.46587605495
 20
8450.0
 11
53260.46587605494
 21
8149.999999999987
 72
     1
 10
53260.46587605494
 20
8149.999999999987
 11
55960.46587605497
 21
8149.999999999987
 72
     1
 10
55960.46587605497
 20
8149.999999999987
 11
56310.46587605504
 21
8149.999999999922
 72
     1
 10
56310.46587605504
 20
8149.999999999922
 11
56310.4658760549
 21
10849.99999999983
 97
        0
 75
     1
 76
     1
 52
0.0
 41
10.0
 77
     0
 78
     2
 53
0.0
 43
0.0
 44
0.0
 45
0.0
 46
69.85000000000001
 79
     2
 49
50.8
 49
-19.05
 53
90.0
 43
0.0
 44
0.0
 45
-69.85000000000001
 46
0.0000000000000043
 79
     2
 49
50.8
 49
-19.05
 98
        1
 10
0.0
 20
0.0
1001
GradientColor1ACI
1070
     5
1001
GradientColor2ACI
1070
     2
1001
ACAD
1010
0.0
1020
0.0
1030
0.0
  0
HATCH
  5
D933
330
70
100
AcDbEntity
  8
CH-S-SLAB-SUNK
100
AcDbHatch
 10
0.0
 20
0.0
 30
0.0
210
0.0
220
0.0
230
1.0
  2
ANGLE
 70
     0
 71
     0
 91
        1
 92
        1
 93
        8
 72
     1
 10
81560.46587605493
 20
17549.99999999998
 11
81560.46587605493
 21
17849.99999999948
 72
     1
 10
81560.46587605493
 20
17849.99999999948
 11
78860.46587605501
 21
17849.99999999948
 72
     1
 10
78860.46587605501
 20
17849.99999999948
 11
78510.4658760551
 21
17849.99999999958
 72
     1
 10
78510.4658760551
 20
17849.99999999958
 11
78510.46587605508
 21
15149.99999999974
 72
     1
 10
78510.46587605508
 20
15149.99999999974
 11
78860.46587605495
 21
15149.99999999974
 72
     1
 10
78860.46587605495
 20
15149.99999999974
 11
81560.46587605493
 21
15149.99999999948
 72
     1
 10
81560.46587605493
 20
15149.99999999948
 11
81560.46587605493
 21
15449.99999999973
 72
     1
 10
81560.46587605493
 20
15449.99999999973
 11
81560.46587605493
 21
17549.99999999998
 97
        0
 75
     1
 76
     1
 52
0.0
 41
10.0
 77
     0
 78
     2
 53
0.0
 43
0.0
 44
0.0
 45
0.0
 46
69.85000000000001
 79
     2
 49
50.8
 49
-19.05
 53
90.0
 43
0.0
 44
0.0
 45
-69.85000000000001
 46
0.0000000000000043
 79
     2
 49
50.8
 49
-19.05
 98
        1
 10
0.0
 20
0.0
1001
GradientColor1ACI
1070
     5
1001
GradientColor2ACI
1070
     2
1001
ACAD
1010
0.0
1020
0.0
1030
0.0
  0
HATCH
  5
D936
330
70
100
AcDbEntity
  8
CH-S-SLAB-SUNK
100
AcDbHatch
 10
0.0
 20
0.0
 30
0.0
210
0.0
220
0.0
230
1.0
  2
ANGLE
 70
     0
 71
     0
 91
        1
 92
        1
 93
        8
 72
     1
 10
81560.46587605493
 20
10549.99999999999
 11
81560.46587605493
 21
10849.99999999949
 72
     1
 10
81560.46587605493
 20
10849.99999999949
 11
78860.46587605505
 21
10849.99999999949
 72
     1
 10
78860.46587605505
 20
10849.99999999949
 11
78510.46587605495
 21
10849.99999999959
 72
     1
 10
78510.46587605495
 20
10849.99999999959
 11
78510.46587605508
 21
8149.999999999748
 72
     1
 10
78510.46587605508
 20
8149.999999999748
 11
78860.46587605495
 21
8149.999999999748
 72
     1
 10
78860.46587605495
 20
8149.999999999748
 11
81560.46587605493
 21
8149.999999999486
 72
     1
 10
81560.46587605493
 20
8149.999999999486
 11
81560.46587605493
 21
8449.999999999734
 72
     1
 10
81560.46587605493
 20
8449.999999999734
 11
81560.46587605493
 21
10549.99999999999
 97
        0
 75
     1
 76
     1
 52
0.0
 41
10.0
 77
     0
 78
     2
 53
0.0
 43
0.0
 44
0.0
 45
0.0
 46
69.85000000000001
 79
     2
 49
50.8
 49
-19.05
 53
90.0
 43
0.0
 44
0.0
 45
-69.85000000000001
 46
0.0000000000000043
 79
     2
 49
50.8
 49
-19.05
 98
        1
 10
0.0
 20
0.0
1001
GradientColor1ACI
1070
     5
1001
GradientColor2ACI
1070
     2
1001
ACAD
1010
0.0
1020
0.0
1030
0.0
  0
HATCH
  5
DA3D
330
70
100
AcDbEntity
  8
CH-S-SLAB-SUNK
100
AcDbHatch
 10
0.0
 20
0.0
 30
0.0
210
0.0
220
0.0
230
1.0
  2
ANSI33
 70
     0
 71
     0
 91
        1
 92
        1
 93
        7
 72
     2
 10
56410.46587605495
 20
27699.99999999981
 40
374.999999999994
 50
105.4660099534231
 51
156.4218215218268
 73
     0
 72
     1
 10
56066.77269893318
 20
27549.99999999999
 11
53370.27349719035
 21
27549.99999999999
 72
     2
 10
53110.46587605494
 20
27699.99999999982
 40
299.9999999999929
 50
29.9999999999639
 51
59.99999999998664
 73
     0
 72
     1
 10
53260.46587605499
 20
27440.19237886453
 11
53260.46587605499
 21
26450.0
 72
     1
 10
53260.46587605499
 20
26450.0
 11
55960.46587605497
 21
26450.0
 72
     1
 10
55960.46587605497
 20
26450.0
 11
56310.46587605492
 21
26449.99999999993
 72
     1
 10
56310.46587605492
 20
26449.99999999993
 11
56310.46587605492
 21
27338.5791926298
 97
        0
 75
     1
 76
     1
 52
0.0
 41
10.0
 77
     0
 78
     2
 53
45.0
 43
0.0
 44
0.0
 45
-44.90128060534576
 46
44.90128060534576
 79
     0
 53
45.0
 43
44.9013
 44
0.0
 45
-44.90128060534576
 46
44.90128060534576
 79
     2
 49
31.75
 49
-15.875
 98
        1
 10
0.0
 20
0.0
1001
GradientColor1ACI
1070
     5
1001
GradientColor2ACI
1070
     2
1001
ACAD
1010
0.0
1020
0.0
1030
0.0
  0
HATCH
  5
DA3F
330
70
100
AcDbEntity
  8
CH-S-SLAB-SUNK
100
AcDbHatch
 10
0.0
 20
0.0
 30
0.0
210
0.0
220
0.0
230
1.0
  2
ANSI33
 70
     0
 71
     0
 91
        1
 92
        1
 93
        8
 72
     2
 10
61410.46587605496
 20
27699.9999999998
 40
449.9999999999951
 50
102.8395884069062
 51
160.5287793655235
 73
     0
 72
     1
 10
60986.20180734299
 20
27549.9999999999
 11
56754.15905317668
 21
27549.9999999999
 72
     2
 10
56410.46587605495
 20
27699.99999999981
 40
374.9999999999949
 50
23.57817847818763
 51
74.53399004657922
 73
     0
 72
     1
 10
56510.46587605494
 20
27338.5791926298
 11
56510.46587605494
 21
26449.99999999983
 72
     1
 10
56510.46587605494
 20
26449.99999999983
 11
56860.46587605494
 21
26449.99999999983
 72
     1
 10
56860.46587605494
 20
26449.99999999983
 11
61260.46587605491
 21
26449.99999999998
 72
     1
 10
61260.46587605491
 20
26449.99999999998
 11
61310.46587605494
 21
26449.99999999998
 72
     1
 10
61310.46587605494
 20
26449.99999999998
 11
61310.46587605494
 21
27261.2517806302
 97
        0
 75
     1
 76
     1
 52
0.0
 41
10.0
 77
     0
 78
     2
 53
45.0
 43
0.0
 44
0.0
 45
-44.90128060534576
 46
44.90128060534576
 79
     0
 53
45.0
 43
44.9013
 44
0.0
 45
-44.90128060534576
 46
44.90128060534576
 79
     2
 49
31.75
 49
-15.875
 98
        1
 10
0.0
 20
0.0
1001
GradientColor1ACI
1070
     5
1001
GradientColor2ACI
1070
     2
1001
ACAD
1010
0.0
1020
0.0
1030
0.0
  0
HATCH
  5
DA41
330
70
100
AcDbEntity
  8
CH-S-SLAB-SUNK
100
AcDbHatch
 10
0.0
 20
0.0
 30
0.0
210
0.0
220
0.0
230
1.0
  2
ANSI33
 70
     0
 71
     0
 91
        1
 92
        1
 93
        6
 72
     2
 10
64410.46587605494
 20
27699.9999999998
 40
449.999999999999
 50
102.8395884069042
 51
160.5287793655322
 73
     0
 72
     1
 10
63986.20180734296
 20
27549.99999999997
 11
61834.72994476692
 21
27549.99999999997
 72
     2
 10
61410.46587605495
 20
27699.9999999998
 40
449.9999999999887
 50
19.47122063446761
 51
77.16041159309465
 73
     0
 72
     1
 10
61510.46587605494
 20
27261.2517806302
 11
61510.46587605494
 21
26449.99999999983
 72
     1
 10
61510.46587605494
 20
26449.99999999983
 11
64310.46587605494
 21
26449.99999999983
 72
     1
 10
64310.46587605494
 20
26449.99999999983
 11
64310.46587605494
 21
27261.25178063019
 97
        0
 75
     1
 76
     1
 52
0.0
 41
10.0
 77
     0
 78
     2
 53
45.0
 43
0.0
 44
0.0
 45
-44.90128060534576
 46
44.90128060534576
 79
     0
 53
45.0
 43
44.9013
 44
0.0
 45
-44.90128060534576
 46
44.90128060534576
 79
     2
 49
31.75
 49
-15.875
 98
        1
 10
0.0
 20
0.0
1001
GradientColor1ACI
1070
     5
1001
GradientColor2ACI
1070
     2
1001
ACAD
1010
0.0
1020
0.0
1030
0.0
  0
HATCH
  5
DA43
330
70
100
AcDbEntity
  8
CH-S-SLAB-SUNK
100
AcDbHatch
 10
0.0
 20
0.0
 30
0.0
210
0.0
220
0.0
230
1.0
  2
ANSI33
 70
     0
 71
     0
 91
        1
 92
        1
 93
        7
 72
     1
 10
70310.46587605495
 20
27249.99999999977
 11
70035.46587605494
 21
27249.99999999977
 72
     1
 10
70035.46587605494
 20
27249.99999999977
 11
70035.46587605494
 21
27550.02480468744
 72
     1
 10
70035.46587605494
 20
27550.02480468744
 11
64834.73003696571
 21
27550.00026077778
 72
     2
 10
64410.46587605494
 20
27699.9999999998
 40
450.0000000000039
 50
19.47118541709397
 51
77.16041159309298
 73
     0
 72
     1
 10
64510.46587605495
 20
27261.2517806302
 11
64510.46587605495
 21
26449.99999999983
 72
     1
 10
64510.46587605495
 20
26449.99999999983
 11
70310.46587605496
 21
26449.99999999983
 72
     1
 10
70310.46587605496
 20
26449.99999999983
 11
70310.46587605495
 21
27249.99999999977
 97
        0
 75
     1
 76
     1
 52
0.0
 41
10.0
 77
     0
 78
     2
 53
45.0
 43
0.0
 44
0.0
 45
-44.90128060534576
 46
44.90128060534576
 79
     0
 53
45.0
 43
44.9013
 44
0.0
 45
-44.90128060534576
 46
44.90128060534576
 79
     2
 49
31.75
 49
-15.875
 98
        1
 10
0.0
 20
0.0
1001
GradientColor1ACI
1070
     5
1001
GradientColor2ACI
1070
     2
1001
ACAD
1010
0.0
1020
0.0
1030
0.0
  0
HATCH
  5
DA45
330
70
100
AcDbEntity
  8
CH-S-SLAB-SUNK
100
AcDbHatch
 10
0.0
 20
0.0
 30
0.0
210
0.0
220
0.0
230
1.0
  2
ANSI33
 70
     0
 71
     0
 91
        1
 92
        1
 93
        7
 72
     1
 10
73310.46587605496
 20
27269.66991410983
 11
73030.13579016488
 21
27549.99999999993
 72
     1
 10
73030.13579016488
 20
27549.99999999993
 11
70785.46587605494
 21
27549.99999999993
 72
     1
 10
70785.46587605494
 20
27549.99999999993
 11
70785.46587605494
 21
27249.99999999977
 72
     1
 10
70785.46587605494
 20
27249.99999999977
 11
70510.46587605497
 21
27249.99999999977
 72
     1
 10
70510.46587605497
 20
27249.99999999977
 11
70510.46587605497
 21
26449.99999999983
 72
     1
 10
70510.46587605497
 20
26449.99999999983
 11
73310.46587605496
 21
26449.99999999983
 72
     1
 10
73310.46587605496
 20
26449.99999999983
 11
73310.46587605496
 21
27269.66991410983
 97
        0
 75
     1
 76
     1
 52
0.0
 41
10.0
 77
     0
 78
     2
 53
45.0
 43
0.0
 44
0.0
 45
-44.90128060534576
 46
44.90128060534576
 79
     0
 53
45.0
 43
44.9013
 44
0.0
 45
-44.90128060534576
 46
44.90128060534576
 79
     2
 49
31.75
 49
-15.875
 98
        1
 10
0.0
 20
0.0
1001
GradientColor1ACI
1070
     5
1001
GradientColor2ACI
1070
     2
1001
ACAD
1010
0.0
1020
0.0
1030
0.0
  0
HATCH
  5
DA47
330
70
100
AcDbEntity
  8
CH-S-SLAB-SUNK
100
AcDbHatch
 10
0.0
 20
0.0
 30
0.0
210
0.0
220
0.0
230
1.0
  2
ANSI33
 70
     0
 71
     0
 91
        1
 92
        1
 93
        8
 72
     1
 10
78310.46587605496
 20
27375.73593128789
 11
78136.20180734317
 21
27549.9999999997
 72
     1
 10
78136.20180734317
 20
27549.9999999997
 11
73896.86197912258
 21
27549.9999999995
 72
     1
 10
73896.86197912258
 20
27549.9999999995
 11
73510.46587605496
 21
27163.60389693192
 72
     1
 10
73510.46587605496
 20
27163.60389693192
 11
73510.46587605496
 21
26449.99999999983
 72
     1
 10
73510.46587605496
 20
26449.99999999983
 11
73560.46587605503
 21
26449.99999999983
 72
     1
 10
73560.46587605503
 20
26449.99999999983
 11
77960.46587605492
 21
26449.99999999992
 72
     1
 10
77960.46587605492
 20
26449.99999999992
 11
78310.46587605496
 21
26449.99999999986
 72
     1
 10
78310.46587605496
 20
26449.99999999986
 11
78310.46587605496
 21
27375.73593128789
 97
        0
 75
     1
 76
     1
 52
0.0
 41
10.0
 77
     0
 78
     2
 53
45.0
 43
0.0
 44
0.0
 45
-44.90128060534576
 46
44.90128060534576
 79
     0
 53
45.0
 43
44.9013
 44
0.0
 45
-44.90128060534576
 46
44.90128060534576
 79
     2
 49
31.75
 49
-15.875
 98
        1
 10
0.0
 20
0.0
1001
GradientColor1ACI
1070
     5
1001
GradientColor2ACI
1070
     2
1001
ACAD
1010
0.0
1020
0.0
1030
0.0
  0
HATCH
  5
DA49
330
70
100
AcDbEntity
  8
CH-S-SLAB-SUNK
100
AcDbHatch
 10
0.0
 20
0.0
 30
0.0
210
0.0
220
0.0
230
1.0
  2
ANSI33
 70
     0
 71
     0
 91
        1
 92
        1
 93
        7
 72
     1
 10
81560.46587605496
 20
27425.7359312878
 11
81436.20180734307
 21
27549.9999999997
 72
     1
 10
81436.20180734307
 20
27549.9999999997
 11
78790.79596194463
 21
27549.9999999995
 72
     1
 10
78790.79596194463
 20
27549.9999999995
 11
78510.46587605499
 21
27269.6699141099
 72
     1
 10
78510.46587605499
 20
27269.6699141099
 11
78510.46587605499
 21
26449.99999999976
 72
     1
 10
78510.46587605499
 20
26449.99999999976
 11
78860.46587605495
 21
26449.99999999976
 72
     1
 10
78860.46587605495
 20
26449.99999999976
 11
81560.46587605496
 21
26449.99999999991
 72
     1
 10
81560.46587605496
 20
26449.99999999991
 11
81560.46587605496
 21
27425.7359312878
 97
        0
 75
     1
 76
     1
 52
0.0
 41
10.0
 77
     0
 78
     2
 53
45.0
 43
0.0
 44
0.0
 45
-44.90128060534576
 46
44.90128060534576
 79
     0
 53
45.0
 43
44.9013
 44
0.0
 45
-44.90128060534576
 46
44.90128060534576
 79
     2
 49
31.75
 49
-15.875
 98
        1
 10
0.0
 20
0.0
1001
GradientColor1ACI
1070
     5
1001
GradientColor2ACI
1070
     2
1001
ACAD
1010
0.0
1020
0.0
1030
0.0
  0
MTEXT
  5
DA77
330
70
100
AcDbEntity
  8
CH-STAIRS-MARK
100
AcDbMText
 10
66866.19028495121
 20
25624.10833739656
 30
0.0
 40
50.0
 41
1410.969999999999
 46
0.0
 71
     1
 72
     5
  1
ST1_200 THK.
  7
JetBrains Mono
 73
     2
 44
1.0
1001
REVIT
1002
{
1070
     1
1000
366712
1002
}
1002
{
1070
     5
1000
366229
1002
}
1002
{
1070
     2
1000
-2005018
1002
}
  0
MTEXT
  5
DA78
330
70
100
AcDbEntity
  8
CH-STAIRS-MARK
100
AcDbMText
 10
66846.86138127695
 20
1925.969945503642
 30
0.0
 40
50.0
 41
1410.969999999999
 46
0.0
 71
     1
 72
     5
  1
ST1_200 THK.
  7
JetBrains Mono
 73
     2
 44
1.0
1001
REVIT
1002
{
1070
     1
1000
366712
1002
}
1002
{
1070
     5
1000
366229
1002
}
1002
{
1070
     2
1000
-2005018
1002
}
  0
HATCH
  5
DAA6
330
70
100
AcDbEntity
  8
CH-HATCH
100
AcDbHatch
 10
0.0
 20
0.0
 30
0.0
210
0.0
220
0.0
230
1.0
  2
ANGLE
 70
     0
 71
     0
 91
        1
 92
        1
 93
        4
 72
     1
 10
84361.40078208776
 20
-6817.452829169109
 11
85061.40078208776
 21
-6817.452829169109
 72
     1
 10
85061.40078208776
 20
-6817.452829169109
 11
85061.40078208776
 21
-7117.452829169109
 72
     1
 10
85061.40078208776
 20
-7117.452829169109
 11
84361.40078208776
 21
-7117.452829169109
 72
     1
 10
84361.40078208776
 20
-7117.452829169109
 11
84361.40078208776
 21
-6817.452829169109
 97
        0
 75
     1
 76
     1
 52
0.0
 41
10.0
 77
     0
 78
     2
 53
0.0
 43
0.0
 44
0.0
 45
0.0
 46
69.85000000000001
 79
     2
 49
50.8
 49
-19.05
 53
90.0
 43
0.0
 44
0.0
 45
-69.85000000000001
 46
0.0000000000000043
 79
     2
 49
50.8
 49
-19.05
 98
        1
 10
56074.83977546261
 20
-3000.0
1001
GradientColor1ACI
1070
     5
1001
GradientColor2ACI
1070
     2
1001
ACAD
1010
0.0
1020
0.0
1030
0.0
  0
LWPOLYLINE
  5
DAA7
330
70
100
AcDbEntity
  8
CH-LEGEND
100
AcDbPolyline
 90
        4
 70
     1
 43
0.0
 10
84361.40078208776
 20
-6817.452829169109
 10
85061.40078208776
 20
-6817.452829169109
 10
85061.40078208776
 20
-7117.452829169109
 10
84361.40078208776
 20
-7117.452829169109
  0
HATCH
  5
DAA8
330
70
100
AcDbEntity
  8
CH-S-COLUMN-HATCH
100
AcDbHatch
 10
0.0
 20
0.0
 30
0.0
210
0.0
220
0.0
230
1.0
  2
ANSI31
 70
     0
 71
     0
 91
        1
 92
        1
 93
        4
 72
     1
 10
84361.40078208776
 20
-7817.452829169109
 11
85061.40078208776
 21
-7817.452829169109
 72
     1
 10
85061.40078208776
 20
-7817.452829169109
 11
85061.40078208776
 21
-8117.452829169108
 72
     1
 10
85061.40078208776
 20
-8117.452829169108
 11
84361.40078208776
 21
-8117.452829169108
 72
     1
 10
84361.40078208776
 20
-8117.452829169108
 11
84361.40078208776
 21
-7817.452829169109
 97
        0
 75
     1
 76
     1
 52
0.0
 41
10.0
 77
     0
 78
     1
 53
45.0
 43
0.0
 44
0.0
 45
-22.45064030267288
 46
22.45064030267288
 79
     0
 98
        1
 10
56074.83977546261
 20
-3500.0
1001
GradientColor1ACI
1070
     5
1001
GradientColor2ACI
1070
     2
1001
ACAD
1010
0.0
1020
0.0
1030
0.0
  0
LWPOLYLINE
  5
DAA9
330
70
100
AcDbEntity
  8
CH-LEGEND
100
AcDbPolyline
 90
        4
 70
     1
 43
0.0
 10
84361.40078208776
 20
-7817.452829169109
 10
85061.40078208776
 20
-7817.452829169109
 10
85061.40078208776
 20
-8117.452829169108
 10
84361.40078208776
 20
-8117.452829169108
  0
HATCH
  5
DAAA
330
70
100
AcDbEntity
  8
CH-HATCH
100
AcDbHatch
 10
0.0
 20
0.0
 30
0.0
210
0.0
220
0.0
230
1.0
  2
ANSI33
 70
     0
 71
     0
 91
        1
 92
        1
 93
        4
 72
     1
 10
84361.40078208776
 20
-8317.452829169109
 11
85061.40078208776
 21
-8317.452829169109
 72
     1
 10
85061.40078208776
 20
-8317.452829169109
 11
85061.40078208776
 21
-8617.452829169108
 72
     1
 10
85061.40078208776
 20
-8617.452829169108
 11
84361.40078208776
 21
-8617.452829169108
 72
     1
 10
84361.40078208776
 20
-8617.452829169108
 11
84361.40078208776
 21
-8317.452829169109
 97
        0
 75
     1
 76
     1
 52
0.0
 41
10.0
 77
     0
 78
     2
 53
45.0
 43
0.0
 44
0.0
 45
-44.90128060534576
 46
44.90128060534576
 79
     0
 53
45.0
 43
44.9013
 44
0.0
 45
-44.90128060534576
 46
44.90128060534576
 79
     2
 49
31.75
 49
-15.875
 98
        1
 10
56074.83977546261
 20
-3500.0
1001
GradientColor1ACI
1070
     5
1001
GradientColor2ACI
1070
     2
1001
ACAD
1010
0.0
1020
0.0
1030
0.0
  0
LWPOLYLINE
  5
DAAB
330
70
100
AcDbEntity
  8
CH-LEGEND
100
AcDbPolyline
 90
        4
 70
     1
 43
0.0
 10
84361.40078208776
 20
-8317.452829169109
 10
85061.40078208776
 20
-8317.452829169109
 10
85061.40078208776
 20
-8617.452829169108
 10
84361.40078208776
 20
-8617.452829169108
  0
HATCH
  5
DAAC
330
70
100
AcDbEntity
  8
CH-HATCH
100
AcDbHatch
 10
0.0
 20
0.0
 30
0.0
210
0.0
220
0.0
230
1.0
  2
ANSI37
 70
     0
 71
     0
 91
        1
 92
        1
 93
        4
 72
     1
 10
84361.40078208776
 20
-8817.452829169109
 11
85061.40078208776
 21
-8817.452829169109
 72
     1
 10
85061.40078208776
 20
-8817.452829169109
 11
85061.40078208776
 21
-9117.452829169108
 72
     1
 10
85061.40078208776
 20
-9117.452829169108
 11
84361.40078208776
 21
-9117.452829169108
 72
     1
 10
84361.40078208776
 20
-9117.452829169108
 11
84361.40078208776
 21
-8817.452829169109
 97
        0
 75
     1
 76
     1
 52
0.0
 41
10.0
 77
     0
 78
     2
 53
45.0
 43
0.0
 44
0.0
 45
-22.45064030267288
 46
22.45064030267288
 79
     0
 53
135.0
 43
0.0
 44
0.0
 45
-22.45064030267288
 46
-22.45064030267288
 79
     0
 98
        1
 10
56074.83977546261
 20
-3500.0
1001
GradientColor1ACI
1070
     5
1001
GradientColor2ACI
1070
     2
1001
ACAD
1010
0.0
1020
0.0
1030
0.0
  0
LWPOLYLINE
  5
DAAD
330
70
100
AcDbEntity
  8
CH-LEGEND
100
AcDbPolyline
 90
        4
 70
     1
 43
0.0
 10
84361.40078208776
 20
-8817.452829169109
 10
85061.40078208776
 20
-8817.452829169109
 10
85061.40078208776
 20
-9117.452829169108
 10
84361.40078208776
 20
-9117.452829169108
  0
HATCH
  5
DAAE
330
70
100
AcDbEntity
  8
CH-HATCH
100
AcDbHatch
 10
0.0
 20
0.0
 30
0.0
210
0.0
220
0.0
230
1.0
  2
HEX
 70
     0
 71
     0
 91
        1
 92
        1
 93
        4
 72
     1
 10
84361.40078208776
 20
-7317.452829169109
 11
85061.40078208776
 21
-7317.452829169109
 72
     1
 10
85061.40078208776
 20
-7317.452829169109
 11
85061.40078208776
 21
-7617.452829169109
 72
     1
 10
85061.40078208776
 20
-7617.452829169109
 11
84361.40078208776
 21
-7617.452829169109
 72
     1
 10
84361.40078208776
 20
-7617.452829169109
 11
84361.40078208776
 21
-7317.452829169109
 97
        0
 75
     1
 76
     1
 52
0.0
 41
10.0
 77
     0
 78
     3
 53
0.0
 43
0.0
 44
0.0
 45
0.0
 46
54.99261315399999
 79
     2
 49
31.75
 49
-63.5
 53
120.0
 43
0.0
 44
0.0
 45
-47.62500001185428
 46
-27.49630657699999
 79
     2
 49
31.75
 49
-63.49999999999999
 53
60.0
 43
31.75
 44
0.0
 45
-47.62500001185427
 46
27.496306577
 79
     2
 49
31.75
 49
-63.5
 98
        1
 10
56074.83977546261
 20
-1500.0
1001
GradientColor1ACI
1070
     5
1001
GradientColor2ACI
1070
     2
1001
ACAD
1010
0.0
1020
0.0
1030
0.0
  0
LWPOLYLINE
  5
DAAF
330
70
100
AcDbEntity
  8
CH-LEGEND
100
AcDbPolyline
 90
        4
 70
     1
 43
0.0
 10
84361.40078208776
 20
-7317.452829169109
 10
85061.40078208776
 20
-7317.452829169109
 10
85061.40078208776
 20
-7617.452829169109
 10
84361.40078208776
 20
-7617.452829169109
  0
MTEXT
  5
DAD1
330
70
100
AcDbEntity
  8
CH-LEGEND
100
AcDbMText
 10
85384.71831394053
 20
-6988.613174201936
 30
0.0
 40
100.0
 41
4623.548096472661
 46
0.0
 71
     4
 72
     5
  1
INDICATES SLAB/BEAM SUNK BY 75MM. 
  7
JetBrains Mono
 73
     2
 44
1.0
1001
REVIT
1002
{
1070
     1
1000
366712
1002
}
1002
{
1070
     5
1000
366229
1002
}
1002
{
1070
     2
1000
-2005018
1002
}
  0
MTEXT
  5
DAD2
330
70
100
AcDbEntity
  8
CH-LEGEND
100
AcDbMText
 10
85384.71831394053
 20
-7971.761523476205
 30
0.0
 40
100.0
 41
4623.548096472661
 46
0.0
 71
     4
 72
     5
  1
INDICATES COLUMN STOP AT LEVEL
  7
JetBrains Mono
 73
     2
 44
1.0
1001
REVIT
1002
{
1070
     1
1000
366712
1002
}
1002
{
1070
     5
1000
366229
1002
}
1002
{
1070
     2
1000
-2005018
1002
}
  0
MTEXT
  5
DAD3
330
70
100
AcDbEntity
  8
CH-LEGEND
100
AcDbMText
 10
85384.71831394053
 20
-8488.230418929976
 30
0.0
 40
100.0
 41
4623.548096472661
 46
0.0
 71
     4
 72
     5
  1
INDICATES SLAB AT BEAM BOTTOM
  7
JetBrains Mono
 73
     2
 44
1.0
1001
REVIT
1002
{
1070
     1
1000
366712
1002
}
1002
{
1070
     5
1000
366229
1002
}
1002
{
1070
     2
1000
-2005018
1002
}
  0
MTEXT
  5
DAD4
330
70
100
AcDbEntity
  8
CH-LEGEND
100
AcDbMText
 10
85384.71831394053
 20
-8983.192429038593
 30
0.0
 40
100.0
 41
4623.548096472661
 46
0.0
 71
     4
 72
     5
  1
INDICATES RAFT SUNK/FOLD
  7
JetBrains Mono
 73
     2
 44
1.0
1001
REVIT
1002
{
1070
     1
1000
366712
1002
}
1002
{
1070
     5
1000
366229
1002
}
1002
{
1070
     2
1000
-2005018
1002
}
  0
MTEXT
  5
DAD5
330
70
100
AcDbEntity
  8
CH-LEGEND
100
AcDbMText
 10
85384.71831394053
 20
-7543.381989132702
 30
0.0
 40
100.0
 41
4623.548096472661
 46
0.0
 71
     4
 72
     5
  1
INDICATES SLAB/BEAM SUNK BY 150MM. 
  7
JetBrains Mono
 73
     2
 44
1.0
1001
REVIT
1002
{
1070
     1
1000
366712
1002
}
1002
{
1070
     5
1000
366229
1002
}
1002
{
1070
     2
1000
-2005018
1002
}
  0
MTEXT
  5
DAE9
330
70
100
AcDbEntity
  8
CH-TEXT
100
AcDbMText
 10
61075.57007089792
 20
-7522.182524138449
 30
0.0
 40
200.0
 41
12298.77065598359
 46
0.0
 71
     4
 72
     5
  1
1) ALL BEAMS ARE 750MM IN DEPTH U.N.O.
  7
JetBrains Mono
 73
     2
 44
1.0
1001
REVIT
1002
{
1070
     1
1000
366712
1002
}
1002
{
1070
     5
1000
366229
1002
}
1002
{
1070
     2
1000
-2005018
1002
}
  0
MTEXT
  5
DAEA
330
70
100
AcDbEntity
  8
CH-TEXT
100
AcDbMText
 10
61075.57007089792
 20
-8122.182524138446
 30
0.0
 40
200.0
 41
12298.77065598359
 46
0.0
 71
     4
 72
     5
  1
2) ALL SLAB ARE 125MM  U.N.O.
  7
JetBrains Mono
 73
     2
 44
1.0
1001
REVIT
1002
{
1070
     1
1000
366712
1002
}
1002
{
1070
     5
1000
366229
1002
}
1002
{
1070
     2
1000
-2005018
1002
}
  0
LWPOLYLINE
  5
DDEE
330
70
100
AcDbEntity
  8
0-Boundary
100
AcDbPolyline
 90
        4
 70
     1
 43
0.0
 10
-66596.30186221181
 20
35181.30266530842
 10
-19257.49228906855
 20
35181.30266530842
 10
-19257.49228906855
 20
-12551.84565144902
 10
-66596.30186221181
 20
-12551.84565144902
  0
MTEXT
  5
DDEF
330
70
100
AcDbEntity
  8
CH-TEXT
100
AcDbMText
 10
-42453.84329227309
 20
-6781.805013331839
 30
0.0
 40
500.0
 41
12298.77065598359
 46
0.0
 71
     5
 72
     5
  1
ELEVATION - LEVEL
  7
JetBrains Mono
 73
     2
 44
1.0
1001
REVIT
1002
{
1070
     1
1000
366712
1002
}
1002
{
1070
     5
1000
366229
1002
}
1002
{
1070
     2
1000
-2005018
1002
}
  0
MTEXT
  5
DDF0
330
70
100
AcDbEntity
  8
CH-LEVEL-MARK
100
AcDbMText
 10
-58896.26314915791
 20
-49.48393119982576
 30
0.0
 40
200.0
 41
4000.0
 46
0.0
 71
     1
 72
     5
  1
00 FOUNDATION LVL.\P-2.00m 
  7
JetBrains Mono
 73
     2
 44
1.0
 90
        3
 63
     9
421
 13158600
 45
1.25
441
        0
1001
REVIT
1002
{
1070
     1
1000
354108
1002
}
1002
{
1070
     5
1000
341
1002
}
1002
{
1070
     2
1000
-2006040
1002
}
  0
LINE
  5
DDF1
102
{ACAD_REACTORS
330
DE02
102
}
330
70
100
AcDbEntity
  8
CH-LEVEL
  6
Grid Line
 48
50.0
100
AcDbLine
 10
-24604.80146734363
 20
-300.0000000000982
 30
0.0
 11
-58543.05290811168
 21
-299.9999999999891
 31
0.0
1001
REVIT
1002
{
1070
     1
1000
354108
1002
}
1002
{
1070
     5
1000
341
1002
}
1002
{
1070
     2
1000
-2000220
1002
}
  0
MTEXT
  5
DDF2
330
70
100
AcDbEntity
  8
CH-LEVEL-MARK
100
AcDbMText
 10
-58896.26314915787
 20
2450.516068800175
 30
0.0
 40
200.0
 41
4000.0
 46
0.0
 71
     1
 72
     5
  1
01 GROUND FLOOR LVL.\P+0.50m
  7
JetBrains Mono
 73
     2
 44
1.0
 90
        3
 63
     9
421
 13158600
 45
1.25
441
        0
1001
REVIT
1002
{
1070
     1
1000
354147
1002
}
1002
{
1070
     5
1000
341
1002
}
1002
{
1070
     2
1000
-2006040
1002
}
  0
LINE
  5
DDF3
102
{ACAD_REACTORS
330
DE02
330
DE05
102
}
330
70
100
AcDbEntity
  8
CH-LEVEL
  6
Grid Line
 48
50.0
100
AcDbLine
 10
-24604.80146734363
 20
2199.999999999902
 30
0.0
 11
-58543.05290811168
 21
2200.000000000011
 31
0.0
1001
REVIT
1002
{
1070
     1
1000
354147
1002
}
1002
{
1070
     5
1000
341
1002
}
1002
{
1070
     2
1000
-2000220
1002
}
  0
MTEXT
  5
DDF4
330
70
100
AcDbEntity
  8
CH-LEVEL-MARK
100
AcDbMText
 10
-58896.26314915785
 20
6450.516068800166
 30
0.0
 40
200.0
 41
4000.0
 46
0.0
 71
     1
 72
     5
  1
02 1ST FLOOR LVL.\P+4.50m
  7
JetBrains Mono
 73
     2
 44
1.0
 90
        3
 63
     9
421
 13158600
 45
1.25
441
        0
1001
REVIT
1002
{
1070
     1
1000
354155
1002
}
1002
{
1070
     5
1000
341
1002
}
1002
{
1070
     2
1000
-2006040
1002
}
  0
LINE
  5
DDF5
102
{ACAD_REACTORS
330
DE05
330
DE08
102
}
330
70
100
AcDbEntity
  8
CH-LEVEL
  6
Grid Line
 48
50.0
100
AcDbLine
 10
-24604.8014673436
 20
6199.999999999904
 30
0.0
 11
-58543.05290811168
 21
6200.000000000011
 31
0.0
1001
REVIT
1002
{
1070
     1
1000
354155
1002
}
1002
{
1070
     5
1000
341
1002
}
1002
{
1070
     2
1000
-2000220
1002
}
  0
MTEXT
  5
DDF6
330
70
100
AcDbEntity
  8
CH-LEVEL-MARK
100
AcDbMText
 10
-58896.26314915784
 20
9450.51606880016
 30
0.0
 40
200.0
 41
4000.0
 46
0.0
 71
     1
 72
     5
  1
03 2ND FLOOR LVL.\P+7.50m
  7
JetBrains Mono
 73
     2
 44
1.0
 90
        3
 63
     9
421
 13158600
 45
1.25
441
        0
1001
REVIT
1002
{
1070
     1
1000
354163
1002
}
1002
{
1070
     5
1000
341
1002
}
1002
{
1070
     2
1000
-2006040
1002
}
  0
LINE
  5
DDF7
102
{ACAD_REACTORS
330
DE08
330
DE0B
102
}
330
70
100
AcDbEntity
  8
CH-LEVEL
  6
Grid Line
 48
50.0
100
AcDbLine
 10
-24604.80146734357
 20
9199.999999999894
 30
0.0
 11
-58543.05290811161
 21
9200.000000000004
 31
0.0
1001
REVIT
1002
{
1070
     1
1000
354163
1002
}
1002
{
1070
     5
1000
341
1002
}
1002
{
1070
     2
1000
-2000220
1002
}
  0
MTEXT
  5
DDF8
330
70
100
AcDbEntity
  8
CH-LEVEL-MARK
100
AcDbMText
 10
-58896.26314915781
 20
22300.51606880015
 30
0.0
 40
200.0
 41
4000.0
 46
0.0
 71
     1
 72
     5
  1
07 TERRACE LVL.\P+20.35m
  7
JetBrains Mono
 73
     2
 44
1.0
 90
        3
 63
     9
421
 13158600
 45
1.25
441
        0
1001
REVIT
1002
{
1070
     1
1000
354245
1002
}
1002
{
1070
     5
1000
341
1002
}
1002
{
1070
     2
1000
-2006040
1002
}
  0
LINE
  5
DDF9
102
{ACAD_REACTORS
330
DE14
102
}
330
70
100
AcDbEntity
  8
CH-LEVEL
  6
Grid Line
 48
50.0
100
AcDbLine
 10
-24604.80146734354
 20
22049.99999999991
 30
0.0
 11
-58543.05290811159
 21
22049.99999999999
 31
0.0
1001
REVIT
1002
{
1070
     1
1000
354245
1002
}
1002
{
1070
     5
1000
341
1002
}
1002
{
1070
     2
1000
-2000220
1002
}
  0
MTEXT
  5
DDFA
330
70
100
AcDbEntity
  8
CH-LEVEL-MARK
100
AcDbMText
 10
-58896.26314915781
 20
18300.51606880015
 30
0.0
 40
200.0
 41
4000.0
 46
0.0
 71
     1
 72
     5
  1
06 5TH FLOOR LVL.\P+16.35m
  7
JetBrains Mono
 73
     2
 44
1.0
 90
        3
 63
     9
421
 13158600
 45
1.25
441
        0
1001
REVIT
1002
{
1070
     1
1000
354246
1002
}
1002
{
1070
     5
1000
341
1002
}
1002
{
1070
     2
1000
-2006040
1002
}
  0
LINE
  5
DDFB
102
{ACAD_REACTORS
330
DE11
330
DE14
102
}
330
70
100
AcDbEntity
  8
CH-LEVEL
  6
Grid Line
 48
50.0
100
AcDbLine
 10
-24604.80146734354
 20
18049.9999999999
 30
0.0
 11
-58543.05290811161
 21
18050.0
 31
0.0
1001
REVIT
1002
{
1070
     1
1000
354246
1002
}
1002
{
1070
     5
1000
341
1002
}
1002
{
1070
     2
1000
-2000220
1002
}
  0
MTEXT
  5
DDFC
330
70
100
AcDbEntity
  8
CH-LEVEL-MARK
100
AcDbMText
 10
-58896.26314915782
 20
15350.51606880015
 30
0.0
 40
200.0
 41
4000.0
 46
0.0
 71
     1
 72
     5
  1
05 4TH FLOOR LVL.\P+13.40m
  7
JetBrains Mono
 73
     2
 44
1.0
 90
        3
 63
     9
421
 13158600
 45
1.25
441
        0
1001
REVIT
1002
{
1070
     1
1000
354247
1002
}
1002
{
1070
     5
1000
341
1002
}
1002
{
1070
     2
1000
-2006040
1002
}
  0
LINE
  5
DDFD
102
{ACAD_REACTORS
330
DE0E
330
DE11
102
}
330
70
100
AcDbEntity
  8
CH-LEVEL
  6
Grid Line
 48
50.0
100
AcDbLine
 10
-24604.80146734357
 20
15099.99999999989
 30
0.0
 11
-58543.05290811161
 21
15100.0
 31
0.0
1001
REVIT
1002
{
1070
     1
1000
354247
1002
}
1002
{
1070
     5
1000
341
1002
}
1002
{
1070
     2
1000
-2000220
1002
}
  0
MTEXT
  5
DDFE
330
70
100
AcDbEntity
  8
CH-LEVEL-MARK
100
AcDbMText
 10
-58896.26314915782
 20
12400.51606880015
 30
0.0
 40
200.0
 41
4000.0
 46
0.0
 71
     1
 72
     5
  1
04 3RD FLOOR LVL.\P+10.45m
  7
JetBrains Mono
 73
     2
 44
1.0
 90
        3
 63
     9
421
 13158600
 45
1.25
441
        0
1001
REVIT
1002
{
1070
     1
1000
354248
1002
}
1002
{
1070
     5
1000
341
1002
}
1002
{
1070
     2
1000
-2006040
1002
}
  0
LINE
  5
DDFF
102
{ACAD_REACTORS
330
DE0B
330
DE0E
102
}
330
70
100
AcDbEntity
  8
CH-LEVEL
  6
Grid Line
 48
50.0
100
AcDbLine
 10
-24604.80146734357
 20
12149.99999999989
 30
0.0
 11
-58543.05290811161
 21
12150.0
 31
0.0
1001
REVIT
1002
{
1070
     1
1000
354248
1002
}
1002
{
1070
     5
1000
341
1002
}
1002
{
1070
     2
1000
-2000220
1002
}
  0
DIMENSION
  5
DE00
102
{ACAD_XDICTIONARY
360
DE01
102
}
102
{ACAD_REACTORS
330
DE02
102
}
330
70
100
AcDbEntity
  8
CH-DIM
100
AcDbDimension
280
     0
  2
*D153
 10
-57734.88923320885
 20
-299.9999999999897
 30
0.0
 11
-57886.60156197595
 21
950.0000000000259
 31
0.0
 70
    32
 71
     5
 42
2500.0
 73
     0
 74
     0
 75
     0
  3
Diagonal_-_2_5mm_JetBrains_Mono
100
AcDbAlignedDimension
 13
-57875.87127318031
 23
2200.000000000009
 33
0.0
 14
-57875.87127318032
 24
-299.9999999999896
 34
0.0
 50
90.0
100
AcDbRotatedDimension
  0
DIMENSION
  5
DE03
102
{ACAD_XDICTIONARY
360
DE04
102
}
102
{ACAD_REACTORS
330
DE05
102
}
330
70
100
AcDbEntity
  8
CH-DIM
100
AcDbDimension
280
     0
  2
*D154
 10
-57734.88923320893
 20
6200.000000000012
 30
0.0
 11
-57886.60156197604
 21
4200.000000000025
 31
0.0
 70
    32
 71
     5
 42
4000.0
 73
     0
 74
     0
 75
     0
  3
Diagonal_-_2_5mm_JetBrains_Mono
100
AcDbAlignedDimension
 13
-57875.87127318031
 23
2200.000000000009
 33
0.0
 14
-57734.88923320844
 24
6200.000000000009
 34
0.0
 50
90.0
100
AcDbRotatedDimension
1001
ACAD
1000
DSTYLE
1002
{
1070
   279
1070
     1
1002
}
  0
DIMENSION
  5
DE06
102
{ACAD_XDICTIONARY
360
DE07
102
}
102
{ACAD_REACTORS
330
DE08
102
}
330
70
100
AcDbEntity
  8
CH-DIM
100
AcDbDimension
280
     0
  2
*D155
 10
-57734.88923320901
 20
9200.000000000009
 30
0.0
 11
-57886.60156197612
 21
7700.000000000024
 31
0.0
 70
    32
 71
     5
 42
2999.999999999996
 73
     0
 74
     0
 75
     0
  3
Diagonal_-_2_5mm_JetBrains_Mono
100
AcDbAlignedDimension
 13
-57734.88923320844
 23
6200.000000000009
 33
0.0
 14
-57734.88923320844
 24
9200.000000000004
 34
0.0
 50
90.0
100
AcDbRotatedDimension
1001
ACAD
1000
DSTYLE
1002
{
1070
   279
1070
     1
1002
}
  0
DIMENSION
  5
DE09
102
{ACAD_XDICTIONARY
360
DE0A
102
}
102
{ACAD_REACTORS
330
DE0B
102
}
330
70
100
AcDbEntity
  8
CH-DIM
100
AcDbDimension
280
     0
  2
*D156
 10
-57734.88923320906
 20
12150.0
 30
0.0
 11
-57886.60156197615
 21
10675.00000000002
 31
0.0
 70
    32
 71
     5
 42
2949.999999999998
 73
     0
 74
     0
 75
     0
  3
Diagonal_-_2_5mm_JetBrains_Mono
100
AcDbAlignedDimension
 13
-57734.88923320843
 23
9200.0
 33
0.0
 14
-57734.88923320837
 24
12150.0
 34
0.0
 50
90.0
100
AcDbRotatedDimension
1001
ACAD
1000
DSTYLE
1002
{
1070
   279
1070
     1
1002
}
  0
DIMENSION
  5
DE0C
102
{ACAD_XDICTIONARY
360
DE0D
102
}
102
{ACAD_REACTORS
330
DE0E
102
}
330
70
100
AcDbEntity
  8
CH-DIM
100
AcDbDimension
280
     0
  2
*D157
 10
-57734.88923320909
 20
15099.99999999999
 30
0.0
 11
-57886.6015619762
 21
13625.00000000001
 31
0.0
 70
    32
 71
     5
 42
2949.999999999993
 73
     0
 74
     0
 75
     0
  3
Diagonal_-_2_5mm_JetBrains_Mono
100
AcDbAlignedDimension
 13
-57734.88923320837
 23
12150.0
 33
0.0
 14
-57734.88923320837
 24
15099.99999999999
 34
0.0
 50
90.0
100
AcDbRotatedDimension
1001
ACAD
1000
DSTYLE
1002
{
1070
   279
1070
     1
1002
}
  0
DIMENSION
  5
DE0F
102
{ACAD_XDICTIONARY
360
DE10
102
}
102
{ACAD_REACTORS
330
DE11
102
}
330
70
100
AcDbEntity
  8
CH-DIM
100
AcDbDimension
280
     0
  2
*D158
 10
-57734.88923320921
 20
18050.00000000001
 30
0.0
 11
-57886.6015619763
 21
16575.00000000002
 31
0.0
 70
    32
 71
     5
 42
2950.000000000004
 73
     0
 74
     0
 75
     0
  3
Diagonal_-_2_5mm_JetBrains_Mono
100
AcDbAlignedDimension
 13
-57734.8892332084
 23
15099.99999999999
 33
0.0
 14
-57734.88923320837
 24
18050.0
 34
0.0
 50
90.0
100
AcDbRotatedDimension
1001
ACAD
1000
DSTYLE
1002
{
1070
   279
1070
     1
1002
}
  0
DIMENSION
  5
DE12
102
{ACAD_XDICTIONARY
360
DE13
102
}
102
{ACAD_REACTORS
330
DE14
102
}
330
70
100
AcDbEntity
  8
CH-DIM
100
AcDbDimension
280
     0
  2
*D159
 10
-57734.88923320925
 20
22049.99999999999
 30
0.0
 11
-57886.60156197636
 21
20050.00000000001
 31
0.0
 70
    32
 71
     5
 42
3999.999999999989
 73
     0
 74
     0
 75
     0
  3
Diagonal_-_2_5mm_JetBrains_Mono
100
AcDbAlignedDimension
 13
-57734.88923320837
 23
18049.99999999999
 33
0.0
 14
-57734.8892332084
 24
22049.99999999999
 34
0.0
 50
90.0
100
AcDbRotatedDimension
1001
ACAD
1000
DSTYLE
1002
{
1070
   279
1070
     1
1002
}
  0
MTEXT
  5
E02E
330
70
100
AcDbEntity
  8
CH-S-COLUMN-MARK
100
AcDbMText
 10
-2016.656838306481
 20
26000.00000000015
 30
0.0
 40
50.0
 41
0.0
 46
0.0
 71
     5
 72
     5
  1
C8-300X900
  7
JetBrains Mono
 11
0.0000000000000001
 21
1.0
 31
0.0
 73
     1
 44
1.0
  0
MTEXT
  5
E02F
330
70
100
AcDbEntity
  8
CH-S-COLUMN-MARK
100
AcDbMText
 10
1283.343161693519
 20
26299.99999999999
 30
0.0
 40
50.0
 41
0.0
 46
0.0
 71
     5
 72
     5
  1
C17-300X900
  7
JetBrains Mono
 73
     1
 44
1.0
  0
MTEXT
  5
E030
330
70
100
AcDbEntity
  8
CH-S-COLUMN-MARK
100
AcDbMText
 10
-2016.656838306481
 20
23000.00000000015
 30
0.0
 40
50.0
 41
0.0
 46
0.0
 71
     5
 72
     5
  1
C7-300X900
  7
JetBrains Mono
 11
0.0000000000000001
 21
1.0
 31
0.0
 73
     1
 44
1.0
  0
MTEXT
  5
E031
330
70
100
AcDbEntity
  8
CH-S-COLUMN-MARK
100
AcDbMText
 10
1283.343161693519
 20
22999.99999999999
 30
0.0
 40
50.0
 41
0.0
 46
0.0
 71
     5
 72
     5
  1
C16-300X900
  7
JetBrains Mono
 73
     1
 44
1.0
  0
MTEXT
  5
E032
330
70
100
AcDbEntity
  8
CH-S-COLUMN-MARK
100
AcDbMText
 10
-2016.656838306502
 20
18000.00000000014
 30
0.0
 40
50.0
 41
0.0
 46
0.0
 71
     5
 72
     5
  1
C6-300X900
  7
JetBrains Mono
 11
0.0000000000000001
 21
1.0
 31
0.0
 73
     1
 44
1.0
  0
MTEXT
  5
E033
330
70
100
AcDbEntity
  8
CH-S-COLUMN-MARK
100
AcDbMText
 10
1283.343161693512
 20
17999.99999999998
 30
0.0
 40
50.0
 41
0.0
 46
0.0
 71
     5
 72
     5
  1
C15-300X900
  7
JetBrains Mono
 73
     1
 44
1.0
  0
MTEXT
  5
E034
330
70
100
AcDbEntity
  8
CH-S-COLUMN-MARK
100
AcDbMText
 10
-2016.656838306502
 20
15000.00000000014
 30
0.0
 40
50.0
 41
0.0
 46
0.0
 71
     5
 72
     5
  1
C5-300X900
  7
JetBrains Mono
 11
0.0000000000000001
 21
1.0
 31
0.0
 73
     1
 44
1.0
  0
MTEXT
  5
E035
330
70
100
AcDbEntity
  8
CH-S-COLUMN-MARK
100
AcDbMText
 10
1283.343161693512
 20
14999.99999999998
 30
0.0
 40
50.0
 41
0.0
 46
0.0
 71
     5
 72
     5
  1
C14-300X900
  7
JetBrains Mono
 73
     1
 44
1.0
  0
MTEXT
  5
E036
330
70
100
AcDbEntity
  8
CH-S-COLUMN-MARK
100
AcDbMText
 10
-2016.656838306502
 20
11000.00000000015
 30
0.0
 40
50.0
 41
0.0
 46
0.0
 71
     5
 72
     5
  1
C4-300X900
  7
JetBrains Mono
 11
0.0000000000000001
 21
1.0
 31
0.0
 73
     1
 44
1.0
  0
MTEXT
  5
E037
330
70
100
AcDbEntity
  8
CH-S-COLUMN-MARK
100
AcDbMText
 10
1283.343161693497
 20
10999.99999999998
 30
0.0
 40
50.0
 41
0.0
 46
0.0
 71
     5
 72
     5
  1
C13-300X900
  7
JetBrains Mono
 73
     1
 44
1.0
  0
MTEXT
  5
E038
330
70
100
AcDbEntity
  8
CH-S-COLUMN-MARK
100
AcDbMText
 10
-2016.656838306506
 20
8000.000000000163
 30
0.0
 40
50.0
 41
0.0
 46
0.0
 71
     5
 72
     5
  1
C3-300X900
  7
JetBrains Mono
 11
0.0000000000000001
 21
1.0
 31
0.0
 73
     1
 44
1.0
  0
MTEXT
  5
E039
330
70
100
AcDbEntity
  8
CH-S-COLUMN-MARK
100
AcDbMText
 10
1283.34316169349
 20
7999.999999999984
 30
0.0
 40
50.0
 41
0.0
 46
0.0
 71
     5
 72
     5
  1
C12-300X900
  7
JetBrains Mono
 73
     1
 44
1.0
  0
MTEXT
  5
E03A
330
70
100
AcDbEntity
  8
CH-S-COLUMN-MARK
100
AcDbMText
 10
-2016.656838306506
 20
3000.000000000163
 30
0.0
 40
50.0
 41
0.0
 46
0.0
 71
     5
 72
     5
  1
C2-300X900
  7
JetBrains Mono
 11
0.0000000000000001
 21
1.0
 31
0.0
 73
     1
 44
1.0
  0
MTEXT
  5
E03B
330
70
100
AcDbEntity
  8
CH-S-COLUMN-MARK
100
AcDbMText
 10
1283.343161693479
 20
2999.999999999982
 30
0.0
 40
50.0
 41
0.0
 46
0.0
 71
     5
 72
     5
  1
C11-300X900
  7
JetBrains Mono
 73
     1
 44
1.0
  0
MTEXT
  5
E03C
330
70
100
AcDbEntity
  8
CH-S-COLUMN-MARK
100
AcDbMText
 10
-2016.656838306527
 20
0.0000000001592468
 30
0.0
 40
50.0
 41
0.0
 46
0.0
 71
     5
 72
     5
  1
C1-300X900
  7
JetBrains Mono
 11
0.0000000000000001
 21
1.0
 31
0.0
 73
     1
 44
1.0
  0
MTEXT
  5
E03D
330
70
100
AcDbEntity
  8
CH-S-COLUMN-MARK
100
AcDbMText
 10
1283.343161693472
 20
-300.0000000000182
 30
0.0
 40
50.0
 41
0.0
 46
0.0
 71
     5
 72
     5
  1
C10-300X900
  7
JetBrains Mono
 73
     1
 44
1.0
  0
MTEXT
  5
E03E
330
70
100
AcDbEntity
  8
CH-S-COLUMN-MARK
100
AcDbMText
 10
15283.34316169351
 20
27699.99999999996
 30
0.0
 40
50.0
 41
0.0
 46
0.0
 71
     5
 72
     5
  1
C33-750X900
  7
JetBrains Mono
 73
     1
 44
1.0
  0
MTEXT
  5
E03F
330
70
100
AcDbEntity
  8
CH-S-COLUMN-MARK
100
AcDbMText
 10
18283.3431616935
 20
27699.99999999994
 30
0.0
 40
50.0
 41
0.0
 46
0.0
 71
     5
 72
     5
  1
C38-750X900
  7
JetBrains Mono
 73
     1
 44
1.0
  0
MTEXT
  5
E040
330
70
100
AcDbEntity
  8
CH-S-COLUMN-MARK
100
AcDbMText
 10
23283.34316169355
 20
27699.99999999994
 30
0.0
 40
50.0
 41
0.0
 46
0.0
 71
     5
 72
     5
  1
C47-600X750
  7
JetBrains Mono
 73
     1
 44
1.0
  0
MTEXT
  5
E041
330
70
100
AcDbEntity
  8
CH-S-COLUMN-MARK
100
AcDbMText
 10
26583.34316169352
 20
27699.99999999989
 30
0.0
 40
50.0
 41
0.0
 46
0.0
 71
     5
 72
     5
  1
C56-600X600
  7
JetBrains Mono
 73
     1
 44
1.0
  0
MTEXT
  5
E042
330
70
100
AcDbEntity
  8
CH-S-COLUMN-MARK
100
AcDbMText
 10
6283.343161693563
 20
24500.0
 30
0.0
 40
50.0
 41
0.0
 46
0.0
 71
     5
 72
     5
  1
SW2-300X3300
  7
JetBrains Mono
 11
0.0000000000000001
 21
1.0
 31
0.0
 73
     1
 44
1.0
  0
MTEXT
  5
E043
330
70
100
AcDbEntity
  8
CH-S-COLUMN-MARK
100
AcDbMText
 10
9283.343161693565
 20
24499.99999999999
 30
0.0
 40
50.0
 41
0.0
 46
0.0
 71
     5
 72
     5
  1
SW4-300X3300
  7
JetBrains Mono
 11
0.0000000000000001
 21
1.0
 31
0.0
 73
     1
 44
1.0
  0
MTEXT
  5
E044
330
70
100
AcDbEntity
  8
CH-S-COLUMN-MARK
100
AcDbMText
 10
15283.34316169356
 20
24499.99999999997
 30
0.0
 40
50.0
 41
0.0
 46
0.0
 71
     5
 72
     5
  1
SW7-300X3300
  7
JetBrains Mono
 11
0.0000000000000001
 21
1.0
 31
0.0
 73
     1
 44
1.0
  0
MTEXT
  5
E045
330
70
100
AcDbEntity
  8
CH-S-COLUMN-MARK
100
AcDbMText
 10
18283.34316169357
 20
24499.99999999997
 30
0.0
 40
50.0
 41
0.0
 46
0.0
 71
     5
 72
     5
  1
SW10-300X3300
  7
JetBrains Mono
 11
0.0000000000000001
 21
1.0
 31
0.0
 73
     1
 44
1.0
  0
MTEXT
  5
E046
330
70
100
AcDbEntity
  8
CH-S-COLUMN-MARK
100
AcDbMText
 10
12283.34316169359
 20
26299.99999999998
 30
0.0
 40
50.0
 41
0.0
 46
0.0
 71
     5
 72
     5
  1
SW8-300X12300
  7
JetBrains Mono
 73
     1
 44
1.0
  0
MTEXT
  5
E047
330
70
100
AcDbEntity
  8
CH-S-COLUMN-MARK
100
AcDbMText
 10
23283.34316169352
 20
26299.99999999992
 30
0.0
 40
50.0
 41
0.0
 46
0.0
 71
     5
 72
     5
  1
C46-300X900
  7
JetBrains Mono
 73
     1
 44
1.0
  0
MTEXT
  5
E048
330
70
100
AcDbEntity
  8
CH-S-COLUMN-MARK
100
AcDbMText
 10
26583.34316169353
 20
26000.00000000007
 30
0.0
 40
50.0
 41
0.0
 46
0.0
 71
     5
 72
     5
  1
C55-300X900
  7
JetBrains Mono
 11
0.0000000000000001
 21
1.0
 31
0.0
 73
     1
 44
1.0
  0
MTEXT
  5
E049
330
70
100
AcDbEntity
  8
CH-S-COLUMN-MARK
100
AcDbMText
 10
23283.34316169352
 20
22999.99999999992
 30
0.0
 40
50.0
 41
0.0
 46
0.0
 71
     5
 72
     5
  1
C45-300X900
  7
JetBrains Mono
 73
     1
 44
1.0
  0
MTEXT
  5
E04A
330
70
100
AcDbEntity
  8
CH-S-COLUMN-MARK
100
AcDbMText
 10
26583.34316169352
 20
23000.00000000007
 30
0.0
 40
50.0
 41
0.0
 46
0.0
 71
     5
 72
     5
  1
C54-300X900
  7
JetBrains Mono
 11
0.0000000000000001
 21
1.0
 31
0.0
 73
     1
 44
1.0
  0
MTEXT
  5
E04B
330
70
100
AcDbEntity
  8
CH-S-COLUMN-MARK
100
AcDbMText
 10
23283.34316169352
 20
17999.99999999991
 30
0.0
 40
50.0
 41
0.0
 46
0.0
 71
     5
 72
     5
  1
C44-300X900
  7
JetBrains Mono
 73
     1
 44
1.0
  0
MTEXT
  5
E04C
330
70
100
AcDbEntity
  8
CH-S-COLUMN-MARK
100
AcDbMText
 10
26583.34316169352
 20
18000.00000000006
 30
0.0
 40
50.0
 41
0.0
 46
0.0
 71
     5
 72
     5
  1
C53-300X900
  7
JetBrains Mono
 11
0.0000000000000001
 21
1.0
 31
0.0
 73
     1
 44
1.0
  0
MTEXT
  5
E04D
330
70
100
AcDbEntity
  8
CH-S-COLUMN-MARK
100
AcDbMText
 10
23283.34316169352
 20
14999.9999999999
 30
0.0
 40
50.0
 41
0.0
 46
0.0
 71
     5
 72
     5
  1
C43-300X900
  7
JetBrains Mono
 73
     1
 44
1.0
  0
MTEXT
  5
E04E
330
70
100
AcDbEntity
  8
CH-S-COLUMN-MARK
100
AcDbMText
 10
26583.34316169352
 20
15000.00000000006
 30
0.0
 40
50.0
 41
0.0
 46
0.0
 71
     5
 72
     5
  1
C52-300X900
  7
JetBrains Mono
 11
0.0000000000000001
 21
1.0
 31
0.0
 73
     1
 44
1.0
  0
MTEXT
  5
E04F
330
70
100
AcDbEntity
  8
CH-S-COLUMN-MARK
100
AcDbMText
 10
23283.34316169352
 20
10999.99999999991
 30
0.0
 40
50.0
 41
0.0
 46
0.0
 71
     5
 72
     5
  1
C42-300X900
  7
JetBrains Mono
 73
     1
 44
1.0
  0
MTEXT
  5
E050
330
70
100
AcDbEntity
  8
CH-S-COLUMN-MARK
100
AcDbMText
 10
26583.34316169352
 20
11000.00000000006
 30
0.0
 40
50.0
 41
0.0
 46
0.0
 71
     5
 72
     5
  1
C51-300X900
  7
JetBrains Mono
 11
0.0000000000000001
 21
1.0
 31
0.0
 73
     1
 44
1.0
  0
MTEXT
  5
E051
330
70
100
AcDbEntity
  8
CH-S-COLUMN-MARK
100
AcDbMText
 10
23283.34316169351
 20
7999.999999999913
 30
0.0
 40
50.0
 41
0.0
 46
0.0
 71
     5
 72
     5
  1
C41-300X900
  7
JetBrains Mono
 73
     1
 44
1.0
  0
MTEXT
  5
E052
330
70
100
AcDbEntity
  8
CH-S-COLUMN-MARK
100
AcDbMText
 10
26583.34316169352
 20
8000.00000000006
 30
0.0
 40
50.0
 41
0.0
 46
0.0
 71
     5
 72
     5
  1
C50-300X900
  7
JetBrains Mono
 11
0.0000000000000001
 21
1.0
 31
0.0
 73
     1
 44
1.0
  0
MTEXT
  5
E053
330
70
100
AcDbEntity
  8
CH-S-COLUMN-MARK
100
AcDbMText
 10
23283.34316169349
 20
2999.999999999916
 30
0.0
 40
50.0
 41
0.0
 46
0.0
 71
     5
 72
     5
  1
C40-300X900
  7
JetBrains Mono
 73
     1
 44
1.0
  0
MTEXT
  5
E054
330
70
100
AcDbEntity
  8
CH-S-COLUMN-MARK
100
AcDbMText
 10
23283.34316169349
 20
-300.0000000000873
 30
0.0
 40
50.0
 41
0.0
 46
0.0
 71
     5
 72
     5
  1
C39-300X900
  7
JetBrains Mono
 73
     1
 44
1.0
  0
MTEXT
  5
E055
330
70
100
AcDbEntity
  8
CH-S-COLUMN-MARK
100
AcDbMText
 10
26583.34316169349
 20
3000.000000000069
 30
0.0
 40
50.0
 41
0.0
 46
0.0
 71
     5
 72
     5
  1
C49-300X900
  7
JetBrains Mono
 11
0.0000000000000001
 21
1.0
 31
0.0
 73
     1
 44
1.0
  0
MTEXT
  5
E056
330
70
100
AcDbEntity
  8
CH-S-COLUMN-MARK
100
AcDbMText
 10
26583.34316169349
 20
0.0000000000682689
 30
0.0
 40
50.0
 41
0.0
 46
0.0
 71
     5
 72
     5
  1
C48-300X900
  7
JetBrains Mono
 11
0.0000000000000001
 21
1.0
 31
0.0
 73
     1
 44
1.0
  0
MTEXT
  5
E057
330
70
100
AcDbEntity
  8
CH-S-COLUMN-MARK
100
AcDbMText
 10
6283.343161693482
 20
1499.99999999996
 30
0.0
 40
50.0
 41
0.0
 46
0.0
 71
     5
 72
     5
  1
SW1-300X3300
  7
JetBrains Mono
 11
0.0000000000000001
 21
1.0
 31
0.0
 73
     1
 44
1.0
  0
MTEXT
  5
E058
330
70
100
AcDbEntity
  8
CH-S-COLUMN-MARK
100
AcDbMText
 10
9283.343161693483
 20
1499.999999999953
 30
0.0
 40
50.0
 41
0.0
 46
0.0
 71
     5
 72
     5
  1
SW3-300X3300
  7
JetBrains Mono
 11
0.0000000000000001
 21
1.0
 31
0.0
 73
     1
 44
1.0
  0
MTEXT
  5
E059
330
70
100
AcDbEntity
  8
CH-S-COLUMN-MARK
100
AcDbMText
 10
15283.34316169347
 20
1499.999999999923
 30
0.0
 40
50.0
 41
0.0
 46
0.0
 71
     5
 72
     5
  1
SW6-300X3300
  7
JetBrains Mono
 11
0.0000000000000001
 21
1.0
 31
0.0
 73
     1
 44
1.0
  0
MTEXT
  5
E05A
330
70
100
AcDbEntity
  8
CH-S-COLUMN-MARK
100
AcDbMText
 10
18283.34316169348
 20
1499.999999999909
 30
0.0
 40
50.0
 41
0.0
 46
0.0
 71
     5
 72
     5
  1
SW9-300X3300
  7
JetBrains Mono
 11
0.0000000000000001
 21
1.0
 31
0.0
 73
     1
 44
1.0
  0
MTEXT
  5
E05B
330
70
100
AcDbEntity
  8
CH-S-COLUMN-MARK
100
AcDbMText
 10
12283.34316169348
 20
-300.0000000000618
 30
0.0
 40
50.0
 41
0.0
 46
0.0
 71
     5
 72
     5
  1
SW5-300X12300
  7
JetBrains Mono
 73
     1
 44
1.0
  0
MTEXT
  5
E05C
330
70
100
AcDbEntity
  8
CH-S-COLUMN-MARK
100
AcDbMText
 10
6283.343161693521
 20
17999.99999999995
 30
0.0
 40
50.0
 41
0.0
 46
0.0
 71
     5
 72
     5
  1
C22-300X900
  7
JetBrains Mono
 73
     1
 44
1.0
  0
MTEXT
  5
E05D
330
70
100
AcDbEntity
  8
CH-S-COLUMN-MARK
100
AcDbMText
 10
9283.343161693521
 20
17999.99999999995
 30
0.0
 40
50.0
 41
0.0
 46
0.0
 71
     5
 72
     5
  1
C27-300X900
  7
JetBrains Mono
 73
     1
 44
1.0
  0
MTEXT
  5
E05E
330
70
100
AcDbEntity
  8
CH-S-COLUMN-MARK
100
AcDbMText
 10
15283.34316169349
 20
17999.99999999913
 30
0.0
 40
50.0
 41
0.0
 46
0.0
 71
     5
 72
     5
  1
C32-300X900
  7
JetBrains Mono
 73
     1
 44
1.0
  0
MTEXT
  5
E05F
330
70
100
AcDbEntity
  8
CH-S-COLUMN-MARK
100
AcDbMText
 10
18283.34316169352
 20
17999.99999999992
 30
0.0
 40
50.0
 41
0.0
 46
0.0
 71
     5
 72
     5
  1
C37-300X900
  7
JetBrains Mono
 73
     1
 44
1.0
  0
MTEXT
  5
E060
330
70
100
AcDbEntity
  8
CH-S-COLUMN-MARK
100
AcDbMText
 10
6283.343161693521
 20
14999.99999999995
 30
0.0
 40
50.0
 41
0.0
 46
0.0
 71
     5
 72
     5
  1
C21-300X900
  7
JetBrains Mono
 73
     1
 44
1.0
  0
MTEXT
  5
E061
330
70
100
AcDbEntity
  8
CH-S-COLUMN-MARK
100
AcDbMText
 10
9283.343161693521
 20
14999.99999999995
 30
0.0
 40
50.0
 41
0.0
 46
0.0
 71
     5
 72
     5
  1
C26-300X900
  7
JetBrains Mono
 73
     1
 44
1.0
  0
MTEXT
  5
E062
330
70
100
AcDbEntity
  8
CH-S-COLUMN-MARK
100
AcDbMText
 10
15283.34316169349
 20
14999.99999999913
 30
0.0
 40
50.0
 41
0.0
 46
0.0
 71
     5
 72
     5
  1
C31-300X900
  7
JetBrains Mono
 73
     1
 44
1.0
  0
MTEXT
  5
E063
330
70
100
AcDbEntity
  8
CH-S-COLUMN-MARK
100
AcDbMText
 10
18283.34316169352
 20
14999.99999999992
 30
0.0
 40
50.0
 41
0.0
 46
0.0
 71
     5
 72
     5
  1
C36-300X900
  7
JetBrains Mono
 73
     1
 44
1.0
  0
MTEXT
  5
E064
330
70
100
AcDbEntity
  8
CH-S-COLUMN-MARK
100
AcDbMText
 10
6283.343161693521
 20
10999.99999999995
 30
0.0
 40
50.0
 41
0.0
 46
0.0
 71
     5
 72
     5
  1
C20-300X900
  7
JetBrains Mono
 73
     1
 44
1.0
  0
MTEXT
  5
E065
330
70
100
AcDbEntity
  8
CH-S-COLUMN-MARK
100
AcDbMText
 10
9283.343161693521
 20
10999.99999999995
 30
0.0
 40
50.0
 41
0.0
 46
0.0
 71
     5
 72
     5
  1
C25-300X900
  7
JetBrains Mono
 73
     1
 44
1.0
  0
MTEXT
  5
E066
330
70
100
AcDbEntity
  8
CH-S-COLUMN-MARK
100
AcDbMText
 10
15283.34316169349
 20
10999.99999999914
 30
0.0
 40
50.0
 41
0.0
 46
0.0
 71
     5
 72
     5
  1
C30-300X900
  7
JetBrains Mono
 73
     1
 44
1.0
  0
MTEXT
  5
E067
330
70
100
AcDbEntity
  8
CH-S-COLUMN-MARK
100
AcDbMText
 10
18283.34316169352
 20
10999.99999999993
 30
0.0
 40
50.0
 41
0.0
 46
0.0
 71
     5
 72
     5
  1
C35-300X900
  7
JetBrains Mono
 73
     1
 44
1.0
  0
MTEXT
  5
E068
330
70
100
AcDbEntity
  8
CH-S-COLUMN-MARK
100
AcDbMText
 10
6283.343161693521
 20
7999.999999999968
 30
0.0
 40
50.0
 41
0.0
 46
0.0
 71
     5
 72
     5
  1
C19-300X900
  7
JetBrains Mono
 73
     1
 44
1.0
  0
MTEXT
  5
E069
330
70
100
AcDbEntity
  8
CH-S-COLUMN-MARK
100
AcDbMText
 10
9283.343161693521
 20
7999.999999999968
 30
0.0
 40
50.0
 41
0.0
 46
0.0
 71
     5
 72
     5
  1
C24-300X900
  7
JetBrains Mono
 73
     1
 44
1.0
  0
MTEXT
  5
E06A
330
70
100
AcDbEntity
  8
CH-S-COLUMN-MARK
100
AcDbMText
 10
15283.34316169349
 20
7999.99999999915
 30
0.0
 40
50.0
 41
0.0
 46
0.0
 71
     5
 72
     5
  1
C29-300X900
  7
JetBrains Mono
 73
     1
 44
1.0
  0
MTEXT
  5
E06B
330
70
100
AcDbEntity
  8
CH-S-COLUMN-MARK
100
AcDbMText
 10
18283.34316169352
 20
7999.999999999936
 30
0.0
 40
50.0
 41
0.0
 46
0.0
 71
     5
 72
     5
  1
C34-300X900
  7
JetBrains Mono
 73
     1
 44
1.0
  0
MTEXT
  5
E06C
330
70
100
AcDbEntity
  8
CH-S-COLUMN-MARK
100
AcDbMText
 10
53110.46587605494
 20
25999.99999999999
 30
0.0
 40
50.0
 41
0.0
 46
0.0
 71
     5
 72
     5
  1
C8-300X900
  7
JetBrains Mono
 11
0.0000000000000001
 21
1.0
 31
0.0
 73
     1
 44
1.0
  0
MTEXT
  5
E06D
330
70
100
AcDbEntity
  8
CH-S-COLUMN-MARK
100
AcDbMText
 10
56410.46587605494
 20
26299.99999999983
 30
0.0
 40
50.0
 41
0.0
 46
0.0
 71
     5
 72
     5
  1
C17-300X900
  7
JetBrains Mono
 73
     1
 44
1.0
  0
MTEXT
  5
E06E
330
70
100
AcDbEntity
  8
CH-S-COLUMN-MARK
100
AcDbMText
 10
53110.46587605494
 20
22999.99999999999
 30
0.0
 40
50.0
 41
0.0
 46
0.0
 71
     5
 72
     5
  1
C7-300X900
  7
JetBrains Mono
 11
0.0000000000000001
 21
1.0
 31
0.0
 73
     1
 44
1.0
  0
MTEXT
  5
E06F
330
70
100
AcDbEntity
  8
CH-S-COLUMN-MARK
100
AcDbMText
 10
56410.46587605494
 20
22999.99999999983
 30
0.0
 40
50.0
 41
0.0
 46
0.0
 71
     5
 72
     5
  1
C16-300X900
  7
JetBrains Mono
 73
     1
 44
1.0
  0
MTEXT
  5
E070
330
70
100
AcDbEntity
  8
CH-S-COLUMN-MARK
100
AcDbMText
 10
53110.46587605492
 20
17999.99999999998
 30
0.0
 40
50.0
 41
0.0
 46
0.0
 71
     5
 72
     5
  1
C6-300X900
  7
JetBrains Mono
 11
0.0000000000000001
 21
1.0
 31
0.0
 73
     1
 44
1.0
  0
MTEXT
  5
E071
330
70
100
AcDbEntity
  8
CH-S-COLUMN-MARK
100
AcDbMText
 10
56410.46587605492
 20
17999.99999999981
 30
0.0
 40
50.0
 41
0.0
 46
0.0
 71
     5
 72
     5
  1
C15-300X900
  7
JetBrains Mono
 73
     1
 44
1.0
  0
MTEXT
  5
E072
330
70
100
AcDbEntity
  8
CH-S-COLUMN-MARK
100
AcDbMText
 10
53110.46587605492
 20
14999.99999999997
 30
0.0
 40
50.0
 41
0.0
 46
0.0
 71
     5
 72
     5
  1
C5-300X900
  7
JetBrains Mono
 11
0.0000000000000001
 21
1.0
 31
0.0
 73
     1
 44
1.0
  0
MTEXT
  5
E073
330
70
100
AcDbEntity
  8
CH-S-COLUMN-MARK
100
AcDbMText
 10
56410.46587605492
 20
14999.99999999981
 30
0.0
 40
50.0
 41
0.0
 46
0.0
 71
     5
 72
     5
  1
C14-300X900
  7
JetBrains Mono
 73
     1
 44
1.0
  0
MTEXT
  5
E074
330
70
100
AcDbEntity
  8
CH-S-COLUMN-MARK
100
AcDbMText
 10
53110.46587605492
 20
10999.99999999999
 30
0.0
 40
50.0
 41
0.0
 46
0.0
 71
     5
 72
     5
  1
C4-300X900
  7
JetBrains Mono
 11
0.0000000000000001
 21
1.0
 31
0.0
 73
     1
 44
1.0
  0
MTEXT
  5
E075
330
70
100
AcDbEntity
  8
CH-S-COLUMN-MARK
100
AcDbMText
 10
56410.46587605492
 20
10999.99999999981
 30
0.0
 40
50.0
 41
0.0
 46
0.0
 71
     5
 72
     5
  1
C13-300X900
  7
JetBrains Mono
 73
     1
 44
1.0
  0
MTEXT
  5
E076
330
70
100
AcDbEntity
  8
CH-S-COLUMN-MARK
100
AcDbMText
 10
53110.46587605491
 20
7999.999999999999
 30
0.0
 40
50.0
 41
0.0
 46
0.0
 71
     5
 72
     5
  1
C3-300X900
  7
JetBrains Mono
 11
0.0000000000000001
 21
1.0
 31
0.0
 73
     1
 44
1.0
  0
MTEXT
  5
E077
330
70
100
AcDbEntity
  8
CH-S-COLUMN-MARK
100
AcDbMText
 10
56410.46587605491
 20
7999.999999999818
 30
0.0
 40
50.0
 41
0.0
 46
0.0
 71
     5
 72
     5
  1
C12-300X900
  7
JetBrains Mono
 73
     1
 44
1.0
  0
MTEXT
  5
E078
330
70
100
AcDbEntity
  8
CH-S-COLUMN-MARK
100
AcDbMText
 10
53110.46587605491
 20
2999.999999999999
 30
0.0
 40
50.0
 41
0.0
 46
0.0
 71
     5
 72
     5
  1
C2-300X900
  7
JetBrains Mono
 11
0.0000000000000001
 21
1.0
 31
0.0
 73
     1
 44
1.0
  0
MTEXT
  5
E079
330
70
100
AcDbEntity
  8
CH-S-COLUMN-MARK
100
AcDbMText
 10
56410.46587605487
 20
2999.999999999819
 30
0.0
 40
50.0
 41
0.0
 46
0.0
 71
     5
 72
     5
  1
C11-300X900
  7
JetBrains Mono
 73
     1
 44
1.0
  0
MTEXT
  5
E07A
330
70
100
AcDbEntity
  8
CH-S-COLUMN-MARK
100
AcDbMText
 10
53110.46587605488
 20
-0.000000000004917
 30
0.0
 40
50.0
 41
0.0
 46
0.0
 71
     5
 72
     5
  1
C1-300X900
  7
JetBrains Mono
 11
0.0000000000000001
 21
1.0
 31
0.0
 73
     1
 44
1.0
  0
MTEXT
  5
E07B
330
70
100
AcDbEntity
  8
CH-S-COLUMN-MARK
100
AcDbMText
 10
56410.46587605487
 20
-300.0000000001821
 30
0.0
 40
50.0
 41
0.0
 46
0.0
 71
     5
 72
     5
  1
C10-300X900
  7
JetBrains Mono
 73
     1
 44
1.0
  0
MTEXT
  5
E07C
330
70
100
AcDbEntity
  8
CH-S-COLUMN-MARK
100
AcDbMText
 10
61410.46587605499
 20
24499.99999999983
 30
0.0
 40
50.0
 41
0.0
 46
0.0
 71
     5
 72
     5
  1
SW2-300X3300
  7
JetBrains Mono
 11
0.0000000000000001
 21
1.0
 31
0.0
 73
     1
 44
1.0
  0
MTEXT
  5
E07D
330
70
100
AcDbEntity
  8
CH-S-COLUMN-MARK
100
AcDbMText
 10
64410.46587605497
 20
24499.99999999983
 30
0.0
 40
50.0
 41
0.0
 46
0.0
 71
     5
 72
     5
  1
SW4-300X3300
  7
JetBrains Mono
 11
0.0000000000000001
 21
1.0
 31
0.0
 73
     1
 44
1.0
  0
MTEXT
  5
E07E
330
70
100
AcDbEntity
  8
CH-S-COLUMN-MARK
100
AcDbMText
 10
70410.46587605496
 20
24499.99999999981
 30
0.0
 40
50.0
 41
0.0
 46
0.0
 71
     5
 72
     5
  1
SW7-300X3300
  7
JetBrains Mono
 11
0.0000000000000001
 21
1.0
 31
0.0
 73
     1
 44
1.0
  0
MTEXT
  5
E07F
330
70
100
AcDbEntity
  8
CH-S-COLUMN-MARK
100
AcDbMText
 10
73410.46587605497
 20
24499.99999999981
 30
0.0
 40
50.0
 41
0.0
 46
0.0
 71
     5
 72
     5
  1
SW10-300X3300
  7
JetBrains Mono
 11
0.0000000000000001
 21
1.0
 31
0.0
 73
     1
 44
1.0
  0
MTEXT
  5
E080
330
70
100
AcDbEntity
  8
CH-S-COLUMN-MARK
100
AcDbMText
 10
67410.46587605501
 20
26299.99999999982
 30
0.0
 40
50.0
 41
0.0
 46
0.0
 71
     5
 72
     5
  1
SW8-300X12300
  7
JetBrains Mono
 73
     1
 44
1.0
  0
MTEXT
  5
E081
330
70
100
AcDbEntity
  8
CH-S-COLUMN-MARK
100
AcDbMText
 10
78410.46587605495
 20
26299.99999999976
 30
0.0
 40
50.0
 41
0.0
 46
0.0
 71
     5
 72
     5
  1
C46-300X900
  7
JetBrains Mono
 73
     1
 44
1.0
  0
MTEXT
  5
E082
330
70
100
AcDbEntity
  8
CH-S-COLUMN-MARK
100
AcDbMText
 10
81710.46587605495
 20
25999.99999999991
 30
0.0
 40
50.0
 41
0.0
 46
0.0
 71
     5
 72
     5
  1
C55-300X900
  7
JetBrains Mono
 11
0.0000000000000001
 21
1.0
 31
0.0
 73
     1
 44
1.0
  0
MTEXT
  5
E083
330
70
100
AcDbEntity
  8
CH-S-COLUMN-MARK
100
AcDbMText
 10
78410.46587605495
 20
22999.99999999974
 30
0.0
 40
50.0
 41
0.0
 46
0.0
 71
     5
 72
     5
  1
C45-300X900
  7
JetBrains Mono
 73
     1
 44
1.0
  0
MTEXT
  5
E084
330
70
100
AcDbEntity
  8
CH-S-COLUMN-MARK
100
AcDbMText
 10
81710.46587605495
 20
22999.9999999999
 30
0.0
 40
50.0
 41
0.0
 46
0.0
 71
     5
 72
     5
  1
C54-300X900
  7
JetBrains Mono
 11
0.0000000000000001
 21
1.0
 31
0.0
 73
     1
 44
1.0
  0
MTEXT
  5
E085
330
70
100
AcDbEntity
  8
CH-S-COLUMN-MARK
100
AcDbMText
 10
78410.46587605495
 20
17999.99999999974
 30
0.0
 40
50.0
 41
0.0
 46
0.0
 71
     5
 72
     5
  1
C44-300X900
  7
JetBrains Mono
 73
     1
 44
1.0
  0
MTEXT
  5
E086
330
70
100
AcDbEntity
  8
CH-S-COLUMN-MARK
100
AcDbMText
 10
81710.46587605495
 20
17999.99999999989
 30
0.0
 40
50.0
 41
0.0
 46
0.0
 71
     5
 72
     5
  1
C53-300X900
  7
JetBrains Mono
 11
0.0000000000000001
 21
1.0
 31
0.0
 73
     1
 44
1.0
  0
MTEXT
  5
E087
330
70
100
AcDbEntity
  8
CH-S-COLUMN-MARK
100
AcDbMText
 10
78410.46587605495
 20
14999.99999999973
 30
0.0
 40
50.0
 41
0.0
 46
0.0
 71
     5
 72
     5
  1
C43-300X900
  7
JetBrains Mono
 73
     1
 44
1.0
  0
MTEXT
  5
E088
330
70
100
AcDbEntity
  8
CH-S-COLUMN-MARK
100
AcDbMText
 10
81710.46587605495
 20
14999.99999999989
 30
0.0
 40
50.0
 41
0.0
 46
0.0
 71
     5
 72
     5
  1
C52-300X900
  7
JetBrains Mono
 11
0.0000000000000001
 21
1.0
 31
0.0
 73
     1
 44
1.0
  0
MTEXT
  5
E089
330
70
100
AcDbEntity
  8
CH-S-COLUMN-MARK
100
AcDbMText
 10
78410.46587605495
 20
10999.99999999974
 30
0.0
 40
50.0
 41
0.0
 46
0.0
 71
     5
 72
     5
  1
C42-300X900
  7
JetBrains Mono
 73
     1
 44
1.0
  0
MTEXT
  5
E08A
330
70
100
AcDbEntity
  8
CH-S-COLUMN-MARK
100
AcDbMText
 10
81710.46587605495
 20
10999.99999999989
 30
0.0
 40
50.0
 41
0.0
 46
0.0
 71
     5
 72
     5
  1
C51-300X900
  7
JetBrains Mono
 11
0.0000000000000001
 21
1.0
 31
0.0
 73
     1
 44
1.0
  0
MTEXT
  5
E08B
330
70
100
AcDbEntity
  8
CH-S-COLUMN-MARK
100
AcDbMText
 10
78410.46587605492
 20
7999.999999999748
 30
0.0
 40
50.0
 41
0.0
 46
0.0
 71
     5
 72
     5
  1
C41-300X900
  7
JetBrains Mono
 73
     1
 44
1.0
  0
MTEXT
  5
E08C
330
70
100
AcDbEntity
  8
CH-S-COLUMN-MARK
100
AcDbMText
 10
81710.46587605495
 20
7999.999999999896
 30
0.0
 40
50.0
 41
0.0
 46
0.0
 71
     5
 72
     5
  1
C50-300X900
  7
JetBrains Mono
 11
0.0000000000000001
 21
1.0
 31
0.0
 73
     1
 44
1.0
  0
MTEXT
  5
E08D
330
70
100
AcDbEntity
  8
CH-S-COLUMN-MARK
100
AcDbMText
 10
78410.46587605492
 20
2999.999999999753
 30
0.0
 40
50.0
 41
0.0
 46
0.0
 71
     5
 72
     5
  1
C40-300X900
  7
JetBrains Mono
 73
     1
 44
1.0
  0
MTEXT
  5
E08E
330
70
100
AcDbEntity
  8
CH-S-COLUMN-MARK
100
AcDbMText
 10
78410.46587605492
 20
-300.0000000002513
 30
0.0
 40
50.0
 41
0.0
 46
0.0
 71
     5
 72
     5
  1
C39-300X900
  7
JetBrains Mono
 73
     1
 44
1.0
  0
MTEXT
  5
E08F
330
70
100
AcDbEntity
  8
CH-S-COLUMN-MARK
100
AcDbMText
 10
81710.46587605491
 20
2999.999999999904
 30
0.0
 40
50.0
 41
0.0
 46
0.0
 71
     5
 72
     5
  1
C49-300X900
  7
JetBrains Mono
 11
0.0000000000000001
 21
1.0
 31
0.0
 73
     1
 44
1.0
  0
MTEXT
  5
E090
330
70
100
AcDbEntity
  8
CH-S-COLUMN-MARK
100
AcDbMText
 10
81710.46587605491
 20
-0.0000000000960085
 30
0.0
 40
50.0
 41
0.0
 46
0.0
 71
     5
 72
     5
  1
C48-300X900
  7
JetBrains Mono
 11
0.0000000000000001
 21
1.0
 31
0.0
 73
     1
 44
1.0
  0
MTEXT
  5
E091
330
70
100
AcDbEntity
  8
CH-S-COLUMN-MARK
100
AcDbMText
 10
61410.46587605491
 20
1499.999999999795
 30
0.0
 40
50.0
 41
0.0
 46
0.0
 71
     5
 72
     5
  1
SW1-300X3300
  7
JetBrains Mono
 11
0.0000000000000001
 21
1.0
 31
0.0
 73
     1
 44
1.0
  0
MTEXT
  5
E092
330
70
100
AcDbEntity
  8
CH-S-COLUMN-MARK
100
AcDbMText
 10
64410.46587605491
 20
1499.999999999788
 30
0.0
 40
50.0
 41
0.0
 46
0.0
 71
     5
 72
     5
  1
SW3-300X3300
  7
JetBrains Mono
 11
0.0000000000000001
 21
1.0
 31
0.0
 73
     1
 44
1.0
  0
MTEXT
  5
E093
330
70
100
AcDbEntity
  8
CH-S-COLUMN-MARK
100
AcDbMText
 10
70410.46587605488
 20
1499.999999999759
 30
0.0
 40
50.0
 41
0.0
 46
0.0
 71
     5
 72
     5
  1
SW6-300X3300
  7
JetBrains Mono
 11
0.0000000000000001
 21
1.0
 31
0.0
 73
     1
 44
1.0
  0
MTEXT
  5
E094
330
70
100
AcDbEntity
  8
CH-S-COLUMN-MARK
100
AcDbMText
 10
73410.46587605488
 20
1499.999999999745
 30
0.0
 40
50.0
 41
0.0
 46
0.0
 71
     5
 72
     5
  1
SW9-300X3300
  7
JetBrains Mono
 11
0.0000000000000001
 21
1.0
 31
0.0
 73
     1
 44
1.0
  0
MTEXT
  5
E095
330
70
100
AcDbEntity
  8
CH-S-COLUMN-MARK
100
AcDbMText
 10
67410.46587605487
 20
-300.000000000226
 30
0.0
 40
50.0
 41
0.0
 46
0.0
 71
     5
 72
     5
  1
SW5-300X12300
  7
JetBrains Mono
 73
     1
 44
1.0
  0
MTEXT
  5
E096
330
70
100
AcDbEntity
  8
CH-S-COLUMN-MARK
100
AcDbMText
 10
61410.46587605494
 20
17999.99999999979
 30
0.0
 40
50.0
 41
0.0
 46
0.0
 71
     5
 72
     5
  1
C22-300X900
  7
JetBrains Mono
 73
     1
 44
1.0
  0
MTEXT
  5
E097
330
70
100
AcDbEntity
  8
CH-S-COLUMN-MARK
100
AcDbMText
 10
64410.46587605494
 20
17999.99999999979
 30
0.0
 40
50.0
 41
0.0
 46
0.0
 71
     5
 72
     5
  1
C27-300X900
  7
JetBrains Mono
 73
     1
 44
1.0
  0
MTEXT
  5
E098
330
70
100
AcDbEntity
  8
CH-S-COLUMN-MARK
100
AcDbMText
 10
70410.46587605492
 20
17999.99999999897
 30
0.0
 40
50.0
 41
0.0
 46
0.0
 71
     5
 72
     5
  1
C32-300X900
  7
JetBrains Mono
 73
     1
 44
1.0
  0
MTEXT
  5
E099
330
70
100
AcDbEntity
  8
CH-S-COLUMN-MARK
100
AcDbMText
 10
73410.46587605495
 20
17999.99999999975
 30
0.0
 40
50.0
 41
0.0
 46
0.0
 71
     5
 72
     5
  1
C37-300X900
  7
JetBrains Mono
 73
     1
 44
1.0
  0
MTEXT
  5
E09A
330
70
100
AcDbEntity
  8
CH-S-COLUMN-MARK
100
AcDbMText
 10
61410.46587605494
 20
14999.99999999979
 30
0.0
 40
50.0
 41
0.0
 46
0.0
 71
     5
 72
     5
  1
C21-300X900
  7
JetBrains Mono
 73
     1
 44
1.0
  0
MTEXT
  5
E09B
330
70
100
AcDbEntity
  8
CH-S-COLUMN-MARK
100
AcDbMText
 10
64410.46587605494
 20
14999.99999999979
 30
0.0
 40
50.0
 41
0.0
 46
0.0
 71
     5
 72
     5
  1
C26-300X900
  7
JetBrains Mono
 73
     1
 44
1.0
  0
MTEXT
  5
E09C
330
70
100
AcDbEntity
  8
CH-S-COLUMN-MARK
100
AcDbMText
 10
70410.46587605492
 20
14999.99999999897
 30
0.0
 40
50.0
 41
0.0
 46
0.0
 71
     5
 72
     5
  1
C31-300X900
  7
JetBrains Mono
 73
     1
 44
1.0
  0
MTEXT
  5
E09D
330
70
100
AcDbEntity
  8
CH-S-COLUMN-MARK
100
AcDbMText
 10
73410.46587605495
 20
14999.99999999975
 30
0.0
 40
50.0
 41
0.0
 46
0.0
 71
     5
 72
     5
  1
C36-300X900
  7
JetBrains Mono
 73
     1
 44
1.0
  0
MTEXT
  5
E09E
330
70
100
AcDbEntity
  8
CH-S-COLUMN-MARK
100
AcDbMText
 10
61410.46587605494
 20
10999.99999999979
 30
0.0
 40
50.0
 41
0.0
 46
0.0
 71
     5
 72
     5
  1
C20-300X900
  7
JetBrains Mono
 73
     1
 44
1.0
  0
MTEXT
  5
E09F
330
70
100
AcDbEntity
  8
CH-S-COLUMN-MARK
100
AcDbMText
 10
64410.46587605494
 20
10999.99999999979
 30
0.0
 40
50.0
 41
0.0
 46
0.0
 71
     5
 72
     5
  1
C25-300X900
  7
JetBrains Mono
 73
     1
 44
1.0
  0
MTEXT
  5
E0A0
330
70
100
AcDbEntity
  8
CH-S-COLUMN-MARK
100
AcDbMText
 10
70410.46587605492
 20
10999.99999999898
 30
0.0
 40
50.0
 41
0.0
 46
0.0
 71
     5
 72
     5
  1
C30-300X900
  7
JetBrains Mono
 73
     1
 44
1.0
  0
MTEXT
  5
E0A1
330
70
100
AcDbEntity
  8
CH-S-COLUMN-MARK
100
AcDbMText
 10
73410.46587605495
 20
10999.99999999976
 30
0.0
 40
50.0
 41
0.0
 46
0.0
 71
     5
 72
     5
  1
C35-300X900
  7
JetBrains Mono
 73
     1
 44
1.0
  0
MTEXT
  5
E0A2
330
70
100
AcDbEntity
  8
CH-S-COLUMN-MARK
100
AcDbMText
 10
61410.46587605494
 20
7999.999999999804
 30
0.0
 40
50.0
 41
0.0
 46
0.0
 71
     5
 72
     5
  1
C19-300X900
  7
JetBrains Mono
 73
     1
 44
1.0
  0
MTEXT
  5
E0A3
330
70
100
AcDbEntity
  8
CH-S-COLUMN-MARK
100
AcDbMText
 10
64410.46587605494
 20
7999.999999999804
 30
0.0
 40
50.0
 41
0.0
 46
0.0
 71
     5
 72
     5
  1
C24-300X900
  7
JetBrains Mono
 73
     1
 44
1.0
  0
MTEXT
  5
E0A4
330
70
100
AcDbEntity
  8
CH-S-COLUMN-MARK
100
AcDbMText
 10
70410.46587605492
 20
7999.999999998987
 30
0.0
 40
50.0
 41
0.0
 46
0.0
 71
     5
 72
     5
  1
C29-300X900
  7
JetBrains Mono
 73
     1
 44
1.0
  0
MTEXT
  5
E0A5
330
70
100
AcDbEntity
  8
CH-S-COLUMN-MARK
100
AcDbMText
 10
73410.46587605495
 20
7999.999999999771
 30
0.0
 40
50.0
 41
0.0
 46
0.0
 71
     5
 72
     5
  1
C34-300X900
  7
JetBrains Mono
 73
     1
 44
1.0
  0
MTEXT
  5
E0A6
330
70
100
AcDbEntity
  8
CH-S-COLUMN-MARK
100
AcDbMText
 10
-2016.656838306484
 20
27699.99999999999
 30
0.0
 40
50.0
 41
0.0
 46
0.0
 71
     5
 72
     5
  1
C9-600D
  7
JetBrains Mono
 73
     1
 44
1.0
  0
MTEXT
  5
E0A7
330
70
100
AcDbEntity
  8
CH-S-COLUMN-MARK
100
AcDbMText
 10
1283.343161693527
 20
27699.99999999998
 30
0.0
 40
50.0
 41
0.0
 46
0.0
 71
     5
 72
     5
  1
C18-750D
  7
JetBrains Mono
 73
     1
 44
1.0
  0
MTEXT
  5
E0A8
330
70
100
AcDbEntity
  8
CH-S-COLUMN-MARK
100
AcDbMText
 10
6283.343161693527
 20
27699.99999999996
 30
0.0
 40
50.0
 41
0.0
 46
0.0
 71
     5
 72
     5
  1
C23-900D
  7
JetBrains Mono
 73
     1
 44
1.0
  0
MTEXT
  5
E0A9
330
70
100
AcDbEntity
  8
CH-S-COLUMN-MARK
100
AcDbMText
 10
9283.343161693515
 20
27699.99999999996
 30
0.0
 40
50.0
 41
0.0
 46
0.0
 71
     5
 72
     5
  1
C28-900D
  7
JetBrains Mono
 73
     1
 44
1.0
  0
MTEXT
  5
E0AA
330
70
100
AcDbEntity
  8
CH-S-BEAM-MARK
100
AcDbMText
 10
53110.46587605497
 20
24499.99999999999
 30
0.0
 40
50.0
 41
0.0
 46
0.0
 71
     5
 72
     5
  1
B13-300X750
  7
JetBrains Mono
 11
0.0000000000000001
 21
1.0
 31
0.0
 73
     1
 44
1.0
  0
MTEXT
  5
E0AB
330
70
100
AcDbEntity
  8
CH-S-BEAM-MARK
100
AcDbMText
 10
53110.46587605497
 20
20499.99999999998
 30
0.0
 40
50.0
 41
0.0
 46
0.0
 71
     5
 72
     5
  1
B11-300X500
  7
JetBrains Mono
 11
0.0000000000000001
 21
1.0
 31
0.0
 73
     1
 44
1.0
  0
MTEXT
  5
E0AC
330
70
100
AcDbEntity
  8
CH-S-BEAM-MARK
100
AcDbMText
 10
53110.46587605495
 20
16499.99999999998
 30
0.0
 40
50.0
 41
0.0
 46
0.0
 71
     5
 72
     5
  1
B9-300X750
  7
JetBrains Mono
 11
0.0000000000000001
 21
1.0
 31
0.0
 73
     1
 44
1.0
  0
MTEXT
  5
E0AD
330
70
100
AcDbEntity
  8
CH-S-BEAM-MARK
100
AcDbMText
 10
53110.46587605495
 20
12999.99999999998
 30
0.0
 40
50.0
 41
0.0
 46
0.0
 71
     5
 72
     5
  1
B7-300X500
  7
JetBrains Mono
 11
0.0000000000000001
 21
1.0
 31
0.0
 73
     1
 44
1.0
  0
MTEXT
  5
E0AE
330
70
100
AcDbEntity
  8
CH-S-BEAM-MARK
100
AcDbMText
 10
53110.46587605495
 20
9499.999999999998
 30
0.0
 40
50.0
 41
0.0
 46
0.0
 71
     5
 72
     5
  1
B5-300X750
  7
JetBrains Mono
 11
0.0000000000000001
 21
1.0
 31
0.0
 73
     1
 44
1.0
  0
MTEXT
  5
E0AF
330
70
100
AcDbEntity
  8
CH-S-BEAM-MARK
100
AcDbMText
 10
53110.46587605495
 20
5500.0
 30
0.0
 40
50.0
 41
0.0
 46
0.0
 71
     5
 72
     5
  1
B3-300X500
  7
JetBrains Mono
 11
0.0000000000000001
 21
1.0
 31
0.0
 73
     1
 44
1.0
  0
MTEXT
  5
E0B0
330
70
100
AcDbEntity
  8
CH-S-BEAM-MARK
100
AcDbMText
 10
53110.46587605493
 20
1499.999999999996
 30
0.0
 40
50.0
 41
0.0
 46
0.0
 71
     5
 72
     5
  1
B2-300X750
  7
JetBrains Mono
 11
0.0000000000000001
 21
1.0
 31
0.0
 73
     1
 44
1.0
  0
MTEXT
  5
E0B1
330
70
100
AcDbEntity
  8
CH-S-BEAM-MARK
100
AcDbMText
 10
54610.46587605492
 20
-300.0000000000107
 30
0.0
 40
50.0
 41
0.0
 46
0.0
 71
     5
 72
     5
  1
B1-300X900
  7
JetBrains Mono
 73
     1
 44
1.0
  0
MTEXT
  5
E0B2
330
70
100
AcDbEntity
  8
CH-S-BEAM-MARK
100
AcDbMText
 10
54610.46587605492
 20
2964.999999999989
 30
0.0
 40
50.0
 41
0.0
 46
0.0
 71
     5
 72
     5
  1
B4-230X600
  7
JetBrains Mono
 73
     1
 44
1.0
  0
MTEXT
  5
E0B3
330
70
100
AcDbEntity
  8
CH-S-BEAM-MARK
100
AcDbMText
 10
59060.46587605495
 20
-300.0000000000218
 30
0.0
 40
50.0
 41
0.0
 46
0.0
 71
     5
 72
     5
  1
B23-300X600
  7
JetBrains Mono
 73
     1
 44
1.0
  0
MTEXT
  5
E0B4
330
70
100
AcDbEntity
  8
CH-S-BEAM-MARK
100
AcDbMText
 10
59060.46587605485
 20
2964.999999999902
 30
0.0
 40
50.0
 41
0.0
 46
0.0
 71
     5
 72
     5
  1
B24-230X600
  7
JetBrains Mono
 73
     1
 44
1.0
  0
MTEXT
  5
E0B5
330
70
100
AcDbEntity
  8
CH-S-BEAM-MARK
100
AcDbMText
 10
62910.46587605495
 20
2999.999999999968
 30
0.0
 40
50.0
 41
0.0
 46
0.0
 71
     5
 72
     5
  1
B36-300X900
  7
JetBrains Mono
 73
     1
 44
1.0
  0
MTEXT
  5
E0B6
330
70
100
AcDbEntity
  8
CH-S-BEAM-MARK
100
AcDbMText
 10
67410.46587605485
 20
2999.999999999943
 30
0.0
 40
50.0
 41
0.0
 46
0.0
 71
     5
 72
     5
  1
B47-300X900
  7
JetBrains Mono
 73
     1
 44
1.0
  0
MTEXT
  5
E0B7
330
70
100
AcDbEntity
  8
CH-S-BEAM-MARK
100
AcDbMText
 10
71910.46587605494
 20
2999.999999999936
 30
0.0
 40
50.0
 41
0.0
 46
0.0
 71
     5
 72
     5
  1
B59-300X900
  7
JetBrains Mono
 73
     1
 44
1.0
  0
MTEXT
  5
E0B8
330
70
100
AcDbEntity
  8
CH-S-BEAM-MARK
100
AcDbMText
 10
75760.46587605495
 20
2964.999999999483
 30
0.0
 40
50.0
 41
0.0
 46
0.0
 71
     5
 72
     5
  1
B61-230X600
  7
JetBrains Mono
 73
     1
 44
1.0
  0
MTEXT
  5
E0B9
330
70
100
AcDbEntity
  8
CH-S-BEAM-MARK
100
AcDbMText
 10
80210.46587605495
 20
2964.99999999949
 30
0.0
 40
50.0
 41
0.0
 46
0.0
 71
     5
 72
     5
  1
B85-230X600
  7
JetBrains Mono
 73
     1
 44
1.0
  0
MTEXT
  5
E0BA
330
70
100
AcDbEntity
  8
CH-S-BEAM-MARK
100
AcDbMText
 10
75760.46587605492
 20
-300.0000000000931
 30
0.0
 40
50.0
 41
0.0
 46
0.0
 71
     5
 72
     5
  1
B58-300X600
  7
JetBrains Mono
 73
     1
 44
1.0
  0
MTEXT
  5
E0BB
330
70
100
AcDbEntity
  8
CH-S-BEAM-MARK
100
AcDbMText
 10
80210.46587605493
 20
-300.0000000000489
 30
0.0
 40
50.0
 41
0.0
 46
0.0
 71
     5
 72
     5
  1
B84-300X900
  7
JetBrains Mono
 73
     1
 44
1.0
  0
MTEXT
  5
E0BC
330
70
100
AcDbEntity
  8
CH-S-BEAM-MARK
100
AcDbMText
 10
54610.46587605499
 20
8034.999999999982
 30
0.0
 40
50.0
 41
0.0
 46
0.0
 71
     5
 72
     5
  1
B6-230X600
  7
JetBrains Mono
 73
     1
 44
1.0
  0
MTEXT
  5
E0BD
330
70
100
AcDbEntity
  8
CH-S-BEAM-MARK
100
AcDbMText
 10
58910.46587605497
 20
8034.999999999897
 30
0.0
 40
50.0
 41
0.0
 46
0.0
 71
     5
 72
     5
  1
B26-230X900
  7
JetBrains Mono
 73
     1
 44
1.0
  0
MTEXT
  5
E0BE
330
70
100
AcDbEntity
  8
CH-S-BEAM-MARK
100
AcDbMText
 10
62910.46587605495
 20
7999.999999999961
 30
0.0
 40
50.0
 41
0.0
 46
0.0
 71
     5
 72
     5
  1
B38-300X750
  7
JetBrains Mono
 73
     1
 44
1.0
  0
MTEXT
  5
E0BF
330
70
100
AcDbEntity
  8
CH-S-BEAM-MARK
100
AcDbMText
 10
67410.46587605495
 20
7999.999999999939
 30
0.0
 40
50.0
 41
0.0
 46
0.0
 71
     5
 72
     5
  1
B49-300X600
  7
JetBrains Mono
 73
     1
 44
1.0
  0
MTEXT
  5
E0C0
330
70
100
AcDbEntity
  8
CH-S-BEAM-MARK
100
AcDbMText
 10
71910.46587605494
 20
7999.999999999936
 30
0.0
 40
50.0
 41
0.0
 46
0.0
 71
     5
 72
     5
  1
B62-300X750
  7
JetBrains Mono
 73
     1
 44
1.0
  0
MTEXT
  5
E0C1
330
70
100
AcDbEntity
  8
CH-S-BEAM-MARK
100
AcDbMText
 10
75910.46587605495
 20
8034.999999999476
 30
0.0
 40
50.0
 41
0.0
 46
0.0
 71
     5
 72
     5
  1
B75-230X900
  7
JetBrains Mono
 73
     1
 44
1.0
  0
MTEXT
  5
E0C2
330
70
100
AcDbEntity
  8
CH-S-BEAM-MARK
100
AcDbMText
 10
80210.46587605496
 20
8034.999999999483
 30
0.0
 40
50.0
 41
0.0
 46
0.0
 71
     5
 72
     5
  1
B88-230X600
  7
JetBrains Mono
 73
     1
 44
1.0
  0
MTEXT
  5
E0C3
330
70
100
AcDbEntity
  8
CH-S-BEAM-MARK
100
AcDbMText
 10
54610.46587605504
 20
10964.99999999999
 30
0.0
 40
50.0
 41
0.0
 46
0.0
 71
     5
 72
     5
  1
B8-230X600
  7
JetBrains Mono
 73
     1
 44
1.0
  0
MTEXT
  5
E0C4
330
70
100
AcDbEntity
  8
CH-S-BEAM-MARK
100
AcDbMText
 10
58910.465876055
 20
10964.9999999999
 30
0.0
 40
50.0
 41
0.0
 46
0.0
 71
     5
 72
     5
  1
B28-230X900
  7
JetBrains Mono
 73
     1
 44
1.0
  0
MTEXT
  5
E0C5
330
70
100
AcDbEntity
  8
CH-S-BEAM-MARK
100
AcDbMText
 10
62910.46587605495
 20
10964.99999999994
 30
0.0
 40
50.0
 41
0.0
 46
0.0
 71
     5
 72
     5
  1
B40-230X450
  7
JetBrains Mono
 73
     1
 44
1.0
  0
MTEXT
  5
E0C6
330
70
100
AcDbEntity
  8
CH-S-BEAM-MARK
100
AcDbMText
 10
67410.46587605495
 20
10964.99999999993
 30
0.0
 40
50.0
 41
0.0
 46
0.0
 71
     5
 72
     5
  1
B51-230X450
  7
JetBrains Mono
 73
     1
 44
1.0
  0
MTEXT
  5
E0C7
330
70
100
AcDbEntity
  8
CH-S-BEAM-MARK
100
AcDbMText
 10
71910.46587605494
 20
10964.99999999993
 30
0.0
 40
50.0
 41
0.0
 46
0.0
 71
     5
 72
     5
  1
B64-230X450
  7
JetBrains Mono
 73
     1
 44
1.0
  0
MTEXT
  5
E0C8
330
70
100
AcDbEntity
  8
CH-S-BEAM-MARK
100
AcDbMText
 10
75910.46587605497
 20
10964.99999999948
 30
0.0
 40
50.0
 41
0.0
 46
0.0
 71
     5
 72
     5
  1
B77-230X900
  7
JetBrains Mono
 73
     1
 44
1.0
  0
MTEXT
  5
E0C9
330
70
100
AcDbEntity
  8
CH-S-BEAM-MARK
100
AcDbMText
 10
80210.46587605502
 20
10964.99999999949
 30
0.0
 40
50.0
 41
0.0
 46
0.0
 71
     5
 72
     5
  1
B90-230X600
  7
JetBrains Mono
 73
     1
 44
1.0
  0
MTEXT
  5
E0CA
330
70
100
AcDbEntity
  8
CH-S-BEAM-MARK
100
AcDbMText
 10
54610.46587605499
 20
17964.99999999998
 30
0.0
 40
50.0
 41
0.0
 46
0.0
 71
     5
 72
     5
  1
B12-230X600
  7
JetBrains Mono
 73
     1
 44
1.0
  0
MTEXT
  5
E0CB
330
70
100
AcDbEntity
  8
CH-S-BEAM-MARK
100
AcDbMText
 10
58910.46587605499
 20
17964.9999999999
 30
0.0
 40
50.0
 41
0.0
 46
0.0
 71
     5
 72
     5
  1
B32-230X900
  7
JetBrains Mono
 73
     1
 44
1.0
  0
MTEXT
  5
E0CC
330
70
100
AcDbEntity
  8
CH-S-BEAM-MARK
100
AcDbMText
 10
62910.46587605497
 20
17999.99999999996
 30
0.0
 40
50.0
 41
0.0
 46
0.0
 71
     5
 72
     5
  1
B44-300X750
  7
JetBrains Mono
 73
     1
 44
1.0
  0
MTEXT
  5
E0CD
330
70
100
AcDbEntity
  8
CH-S-BEAM-MARK
100
AcDbMText
 10
67410.46587605496
 20
17999.99999999994
 30
0.0
 40
50.0
 41
0.0
 46
0.0
 71
     5
 72
     5
  1
B55-300X600
  7
JetBrains Mono
 73
     1
 44
1.0
  0
MTEXT
  5
E0CE
330
70
100
AcDbEntity
  8
CH-S-BEAM-MARK
100
AcDbMText
 10
71910.46587605494
 20
17999.99999999993
 30
0.0
 40
50.0
 41
0.0
 46
0.0
 71
     5
 72
     5
  1
B68-300X750
  7
JetBrains Mono
 73
     1
 44
1.0
  0
MTEXT
  5
E0CF
330
70
100
AcDbEntity
  8
CH-S-BEAM-MARK
100
AcDbMText
 10
75910.46587605495
 20
17964.99999999948
 30
0.0
 40
50.0
 41
0.0
 46
0.0
 71
     5
 72
     5
  1
B81-230X900
  7
JetBrains Mono
 73
     1
 44
1.0
  0
MTEXT
  5
E0D0
330
70
100
AcDbEntity
  8
CH-S-BEAM-MARK
100
AcDbMText
 10
80210.46587605496
 20
17964.99999999948
 30
0.0
 40
50.0
 41
0.0
 46
0.0
 71
     5
 72
     5
  1
B94-230X600
  7
JetBrains Mono
 73
     1
 44
1.0
  0
MTEXT
  5
E0D1
330
70
100
AcDbEntity
  8
CH-S-BEAM-MARK
100
AcDbMText
 10
54610.46587605499
 20
23035.00000000005
 30
0.0
 40
50.0
 41
0.0
 46
0.0
 71
     5
 72
     5
  1
B14-230X600
  7
JetBrains Mono
 73
     1
 44
1.0
  0
MTEXT
  5
E0D2
330
70
100
AcDbEntity
  8
CH-S-BEAM-MARK
100
AcDbMText
 10
59060.46587605491
 20
23034.99999999997
 30
0.0
 40
50.0
 41
0.0
 46
0.0
 71
     5
 72
     5
  1
B34-230X600
  7
JetBrains Mono
 73
     1
 44
1.0
  0
MTEXT
  5
E0D3
330
70
100
AcDbEntity
  8
CH-S-BEAM-MARK
100
AcDbMText
 10
62910.465876055
 20
22999.99999999998
 30
0.0
 40
50.0
 41
0.0
 46
0.0
 71
     5
 72
     5
  1
B46-300X900
  7
JetBrains Mono
 73
     1
 44
1.0
  0
MTEXT
  5
E0D4
330
70
100
AcDbEntity
  8
CH-S-BEAM-MARK
100
AcDbMText
 10
67410.46587605491
 20
22999.99999999995
 30
0.0
 40
50.0
 41
0.0
 46
0.0
 71
     5
 72
     5
  1
B57-300X900
  7
JetBrains Mono
 73
     1
 44
1.0
  0
MTEXT
  5
E0D5
330
70
100
AcDbEntity
  8
CH-S-BEAM-MARK
100
AcDbMText
 10
71910.46587605501
 20
22999.99999999994
 30
0.0
 40
50.0
 41
0.0
 46
0.0
 71
     5
 72
     5
  1
B70-300X900
  7
JetBrains Mono
 73
     1
 44
1.0
  0
MTEXT
  5
E0D6
330
70
100
AcDbEntity
  8
CH-S-BEAM-MARK
100
AcDbMText
 10
75760.465876055
 20
23034.99999999955
 30
0.0
 40
50.0
 41
0.0
 46
0.0
 71
     5
 72
     5
  1
B71-230X600
  7
JetBrains Mono
 73
     1
 44
1.0
  0
MTEXT
  5
E0D7
330
70
100
AcDbEntity
  8
CH-S-BEAM-MARK
100
AcDbMText
 10
80210.46587605496
 20
23034.99999999956
 30
0.0
 40
50.0
 41
0.0
 46
0.0
 71
     5
 72
     5
  1
B96-230X600
  7
JetBrains Mono
 73
     1
 44
1.0
  0
MTEXT
  5
E0D8
330
70
100
AcDbEntity
  8
CH-S-BEAM-MARK
100
AcDbMText
 10
54610.46587605498
 20
26300.0
 30
0.0
 40
50.0
 41
0.0
 46
0.0
 71
     5
 72
     5
  1
B15-300X900
  7
JetBrains Mono
 73
     1
 44
1.0
  0
MTEXT
  5
E0D9
330
70
100
AcDbEntity
  8
CH-S-BEAM-MARK
100
AcDbMText
 10
59060.46587605495
 20
26299.99999999994
 30
0.0
 40
50.0
 41
0.0
 46
0.0
 71
     5
 72
     5
  1
B35-300X600
  7
JetBrains Mono
 73
     1
 44
1.0
  0
MTEXT
  5
E0DA
330
70
100
AcDbEntity
  8
CH-S-BEAM-MARK
100
AcDbMText
 10
75760.465876055
 20
26299.9999999997
 30
0.0
 40
50.0
 41
0.0
 46
0.0
 71
     5
 72
     5
  1
B72-300X600
  7
JetBrains Mono
 73
     1
 44
1.0
  0
MTEXT
  5
E0DB
330
70
100
AcDbEntity
  8
CH-S-BEAM-MARK
100
AcDbMText
 10
80210.46587605496
 20
26299.9999999997
 30
0.0
 40
50.0
 41
0.0
 46
0.0
 71
     5
 72
     5
  1
B98-300X900
  7
JetBrains Mono
 73
     1
 44
1.0
  0
MTEXT
  5
E0DC
330
70
100
AcDbEntity
  8
CH-S-BEAM-MARK
100
AcDbMText
 10
54610.46587605506
 20
15034.99999999997
 30
0.0
 40
50.0
 41
0.0
 46
0.0
 71
     5
 72
     5
  1
B10-230X600
  7
JetBrains Mono
 73
     1
 44
1.0
  0
MTEXT
  5
E0DD
330
70
100
AcDbEntity
  8
CH-S-BEAM-MARK
100
AcDbMText
 10
58910.46587605505
 20
15034.99999999989
 30
0.0
 40
50.0
 41
0.0
 46
0.0
 71
     5
 72
     5
  1
B30-230X900
  7
JetBrains Mono
 73
     1
 44
1.0
  0
MTEXT
  5
E0DE
330
70
100
AcDbEntity
  8
CH-S-BEAM-MARK
100
AcDbMText
 10
62910.46587605497
 20
15034.99999999993
 30
0.0
 40
50.0
 41
0.0
 46
0.0
 71
     5
 72
     5
  1
B42-230X450
  7
JetBrains Mono
 73
     1
 44
1.0
  0
MTEXT
  5
E0DF
330
70
100
AcDbEntity
  8
CH-S-BEAM-MARK
100
AcDbMText
 10
67410.46587605496
 20
15034.99999999991
 30
0.0
 40
50.0
 41
0.0
 46
0.0
 71
     5
 72
     5
  1
B53-230X450
  7
JetBrains Mono
 73
     1
 44
1.0
  0
MTEXT
  5
E0E0
330
70
100
AcDbEntity
  8
CH-S-BEAM-MARK
100
AcDbMText
 10
71910.46587605496
 20
15034.99999999991
 30
0.0
 40
50.0
 41
0.0
 46
0.0
 71
     5
 72
     5
  1
B66-230X450
  7
JetBrains Mono
 73
     1
 44
1.0
  0
MTEXT
  5
E0E1
330
70
100
AcDbEntity
  8
CH-S-BEAM-MARK
100
AcDbMText
 10
75910.46587605499
 20
15034.99999999946
 30
0.0
 40
50.0
 41
0.0
 46
0.0
 71
     5
 72
     5
  1
B79-230X900
  7
JetBrains Mono
 73
     1
 44
1.0
  0
MTEXT
  5
E0E2
330
70
100
AcDbEntity
  8
CH-S-BEAM-MARK
100
AcDbMText
 10
80210.46587605509
 20
15034.99999999946
 30
0.0
 40
50.0
 41
0.0
 46
0.0
 71
     5
 72
     5
  1
B92-230X600
  7
JetBrains Mono
 73
     1
 44
1.0
  0
MTEXT
  5
E0E3
330
70
100
AcDbEntity
  8
CH-S-BEAM-MARK
100
AcDbMText
 10
81710.46587605495
 20
24499.99999999999
 30
0.0
 40
50.0
 41
0.0
 46
0.0
 71
     5
 72
     5
  1
B97-300X750
  7
JetBrains Mono
 11
0.0000000000000001
 21
1.0
 31
0.0
 73
     1
 44
1.0
  0
MTEXT
  5
E0E4
330
70
100
AcDbEntity
  8
CH-S-BEAM-MARK
100
AcDbMText
 10
81710.46587605495
 20
20499.99999999998
 30
0.0
 40
50.0
 41
0.0
 46
0.0
 71
     5
 72
     5
  1
B95-300X500
  7
JetBrains Mono
 11
0.0000000000000001
 21
1.0
 31
0.0
 73
     1
 44
1.0
  0
MTEXT
  5
E0E5
330
70
100
AcDbEntity
  8
CH-S-BEAM-MARK
100
AcDbMText
 10
81710.46587605495
 20
16499.99999999998
 30
0.0
 40
50.0
 41
0.0
 46
0.0
 71
     5
 72
     5
  1
B93-300X750
  7
JetBrains Mono
 11
0.0000000000000001
 21
1.0
 31
0.0
 73
     1
 44
1.0
  0
MTEXT
  5
E0E6
330
70
100
AcDbEntity
  8
CH-S-BEAM-MARK
100
AcDbMText
 10
81710.46587605495
 20
12999.99999999998
 30
0.0
 40
50.0
 41
0.0
 46
0.0
 71
     5
 72
     5
  1
B91-300X500
  7
JetBrains Mono
 11
0.0000000000000001
 21
1.0
 31
0.0
 73
     1
 44
1.0
  0
MTEXT
  5
E0E7
330
70
100
AcDbEntity
  8
CH-S-BEAM-MARK
100
AcDbMText
 10
81710.46587605495
 20
9499.999999999998
 30
0.0
 40
50.0
 41
0.0
 46
0.0
 71
     5
 72
     5
  1
B89-300X750
  7
JetBrains Mono
 11
0.0000000000000001
 21
1.0
 31
0.0
 73
     1
 44
1.0
  0
MTEXT
  5
E0E8
330
70
100
AcDbEntity
  8
CH-S-BEAM-MARK
100
AcDbMText
 10
81710.46587605495
 20
5500.0
 30
0.0
 40
50.0
 41
0.0
 46
0.0
 71
     5
 72
     5
  1
B87-300X500
  7
JetBrains Mono
 11
0.0000000000000001
 21
1.0
 31
0.0
 73
     1
 44
1.0
  0
MTEXT
  5
E0E9
330
70
100
AcDbEntity
  8
CH-S-BEAM-MARK
100
AcDbMText
 10
81710.46587605495
 20
1499.999999999996
 30
0.0
 40
50.0
 41
0.0
 46
0.0
 71
     5
 72
     5
  1
B86-300X750
  7
JetBrains Mono
 11
0.0000000000000001
 21
1.0
 31
0.0
 73
     1
 44
1.0
  0
MTEXT
  5
E0EA
330
70
100
AcDbEntity
  8
CH-S-BEAM-MARK
100
AcDbMText
 10
78410.46587605511
 20
24649.99999999992
 30
0.0
 40
50.0
 41
0.0
 46
0.0
 71
     5
 72
     5
  1
B83-200X750
  7
JetBrains Mono
 11
0.0000000000000098
 21
1.0
 31
0.0
 73
     1
 44
1.0
  0
MTEXT
  5
E0EB
330
70
100
AcDbEntity
  8
CH-S-BEAM-MARK
100
AcDbMText
 10
78410.46587605511
 20
20499.99999999992
 30
0.0
 40
50.0
 41
0.0
 46
0.0
 71
     5
 72
     5
  1
B82-200X750
  7
JetBrains Mono
 11
0.0000000000000065
 21
1.0
 31
0.0
 73
     1
 44
1.0
  0
MTEXT
  5
E0EC
330
70
100
AcDbEntity
  8
CH-S-BEAM-MARK
100
AcDbMText
 10
78410.46587605508
 20
16499.99999999991
 30
0.0
 40
50.0
 41
0.0
 46
0.0
 71
     5
 72
     5
  1
B80-200X750
  7
JetBrains Mono
 11
0.0000000000000052
 21
1.0
 31
0.0
 73
     1
 44
1.0
  0
MTEXT
  5
E0ED
330
70
100
AcDbEntity
  8
CH-S-BEAM-MARK
100
AcDbMText
 10
78410.46587605501
 20
12999.9999999999
 30
0.0
 40
50.0
 41
0.0
 46
0.0
 71
     5
 72
     5
  1
B78-200X750
  7
JetBrains Mono
 11
0.0000000000000354
 21
1.0
 31
0.0
 73
     1
 44
1.0
  0
MTEXT
  5
E0EE
330
70
100
AcDbEntity
  8
CH-S-BEAM-MARK
100
AcDbMText
 10
78410.46587605501
 20
9499.999999999912
 30
0.0
 40
50.0
 41
0.0
 46
0.0
 71
     5
 72
     5
  1
B76-200X750
  7
JetBrains Mono
 11
0.0000000000000485
 21
-1.0
 31
0.0
 73
     1
 44
1.0
  0
MTEXT
  5
E0EF
330
70
100
AcDbEntity
  8
CH-S-BEAM-MARK
100
AcDbMText
 10
78410.46587605508
 20
5499.999999999914
 30
0.0
 40
50.0
 41
0.0
 46
0.0
 71
     5
 72
     5
  1
B74-200X750
  7
JetBrains Mono
 11
0.0000000000000001
 21
1.0
 31
0.0
 73
     1
 44
1.0
  0
MTEXT
  5
E0F0
330
70
100
AcDbEntity
  8
CH-S-BEAM-MARK
100
AcDbMText
 10
78410.46587605501
 20
1349.999999999912
 30
0.0
 40
50.0
 41
0.0
 46
0.0
 71
     5
 72
     5
  1
B73-200X750
  7
JetBrains Mono
 11
0.0000000000000489
 21
1.0
 31
0.0
 73
     1
 44
1.0
  0
MTEXT
  5
E0F1
330
70
100
AcDbEntity
  8
CH-S-BEAM-MARK
100
AcDbMText
 10
73410.46587605508
 20
20499.99999999993
 30
0.0
 40
50.0
 41
0.0
 46
0.0
 71
     5
 72
     5
  1
B69-200X750
  7
JetBrains Mono
 11
0.0000000000000032
 21
1.0
 31
0.0
 73
     1
 44
1.0
  0
MTEXT
  5
E0F2
330
70
100
AcDbEntity
  8
CH-S-BEAM-MARK
100
AcDbMText
 10
73410.46587605508
 20
16499.99999999992
 30
0.0
 40
50.0
 41
0.0
 46
0.0
 71
     5
 72
     5
  1
B67-200X750
  7
JetBrains Mono
 11
0.0000000000000001
 21
1.0
 31
0.0
 73
     1
 44
1.0
  0
MTEXT
  5
E0F3
330
70
100
AcDbEntity
  8
CH-S-BEAM-MARK
100
AcDbMText
 10
73410.46587605501
 20
12999.99999999991
 30
0.0
 40
50.0
 41
0.0
 46
0.0
 71
     5
 72
     5
  1
B65-200X750
  7
JetBrains Mono
 11
0.0000000000000391
 21
1.0
 31
0.0
 73
     1
 44
1.0
  0
MTEXT
  5
E0F4
330
70
100
AcDbEntity
  8
CH-S-BEAM-MARK
100
AcDbMText
 10
73410.46587605501
 20
9499.999999999923
 30
0.0
 40
50.0
 41
0.0
 46
0.0
 71
     5
 72
     5
  1
B63-200X750
  7
JetBrains Mono
 11
0.0000000000000536
 21
-1.0
 31
0.0
 73
     1
 44
1.0
  0
MTEXT
  5
E0F5
330
70
100
AcDbEntity
  8
CH-S-BEAM-MARK
100
AcDbMText
 10
73410.46587605508
 20
5499.999999999925
 30
0.0
 40
50.0
 41
0.0
 46
0.0
 71
     5
 72
     5
  1
B60-200X750
  7
JetBrains Mono
 11
0.0000000000000001
 21
1.0
 31
0.0
 73
     1
 44
1.0
  0
MTEXT
  5
E0F6
330
70
100
AcDbEntity
  8
CH-S-BEAM-MARK
100
AcDbMText
 10
70410.46587605508
 20
20499.99999999993
 30
0.0
 40
50.0
 41
0.0
 46
0.0
 71
     5
 72
     5
  1
B56-200X750
  7
JetBrains Mono
 11
0.0000000000000032
 21
1.0
 31
0.0
 73
     1
 44
1.0
  0
MTEXT
  5
E0F7
330
70
100
AcDbEntity
  8
CH-S-BEAM-MARK
100
AcDbMText
 10
70410.46587605508
 20
16499.99999999992
 30
0.0
 40
50.0
 41
0.0
 46
0.0
 71
     5
 72
     5
  1
B54-200X750
  7
JetBrains Mono
 11
0.0000000000000001
 21
1.0
 31
0.0
 73
     1
 44
1.0
  0
MTEXT
  5
E0F8
330
70
100
AcDbEntity
  8
CH-S-BEAM-MARK
100
AcDbMText
 10
70410.46587605499
 20
12999.99999999992
 30
0.0
 40
50.0
 41
0.0
 46
0.0
 71
     5
 72
     5
  1
B52-200X750
  7
JetBrains Mono
 11
0.0000000000000391
 21
1.0
 31
0.0
 73
     1
 44
1.0
  0
MTEXT
  5
E0F9
330
70
100
AcDbEntity
  8
CH-S-BEAM-MARK
100
AcDbMText
 10
70410.46587605499
 20
9499.999999999923
 30
0.0
 40
50.0
 41
0.0
 46
0.0
 71
     5
 72
     5
  1
B50-200X750
  7
JetBrains Mono
 11
0.0000000000000536
 21
-1.0
 31
0.0
 73
     1
 44
1.0
  0
MTEXT
  5
E0FA
330
70
100
AcDbEntity
  8
CH-S-BEAM-MARK
100
AcDbMText
 10
70410.46587605508
 20
5499.999999999928
 30
0.0
 40
50.0
 41
0.0
 46
0.0
 71
     5
 72
     5
  1
B48-200X750
  7
JetBrains Mono
 11
0.0000000000000001
 21
1.0
 31
0.0
 73
     1
 44
1.0
  0
MTEXT
  5
E0FB
330
70
100
AcDbEntity
  8
CH-S-BEAM-MARK
100
AcDbMText
 10
64410.46587605508
 20
20499.99999999993
 30
0.0
 40
50.0
 41
0.0
 46
0.0
 71
     5
 72
     5
  1
B45-200X750
  7
JetBrains Mono
 11
0.0000000000000109
 21
1.0
 31
0.0
 73
     1
 44
1.0
  0
MTEXT
  5
E0FC
330
70
100
AcDbEntity
  8
CH-S-BEAM-MARK
100
AcDbMText
 10
64410.46587605505
 20
16499.99999999992
 30
0.0
 40
50.0
 41
0.0
 46
0.0
 71
     5
 72
     5
  1
B43-200X750
  7
JetBrains Mono
 11
0.0000000000000109
 21
1.0
 31
0.0
 73
     1
 44
1.0
  0
MTEXT
  5
E0FD
330
70
100
AcDbEntity
  8
CH-S-BEAM-MARK
100
AcDbMText
 10
64410.46587605497
 20
12999.99999999992
 30
0.0
 40
50.0
 41
0.0
 46
0.0
 71
     5
 72
     5
  1
B41-200X750
  7
JetBrains Mono
 11
0.0000000000000294
 21
1.0
 31
0.0
 73
     1
 44
1.0
  0
MTEXT
  5
E0FE
330
70
100
AcDbEntity
  8
CH-S-BEAM-MARK
100
AcDbMText
 10
64410.46587605497
 20
9499.999999999923
 30
0.0
 40
50.0
 41
0.0
 46
0.0
 71
     5
 72
     5
  1
B39-200X750
  7
JetBrains Mono
 11
0.0000000000000403
 21
-1.0
 31
0.0
 73
     1
 44
1.0
  0
MTEXT
  5
E0FF
330
70
100
AcDbEntity
  8
CH-S-BEAM-MARK
100
AcDbMText
 10
64410.46587605502
 20
5499.999999999928
 30
0.0
 40
50.0
 41
0.0
 46
0.0
 71
     5
 72
     5
  1
B37-200X750
  7
JetBrains Mono
 11
0.0000000000000001
 21
1.0
 31
0.0
 73
     1
 44
1.0
  0
MTEXT
  5
E100
330
70
100
AcDbEntity
  8
CH-S-BEAM-MARK
100
AcDbMText
 10
61410.46587605508
 20
20499.99999999996
 30
0.0
 40
50.0
 41
0.0
 46
0.0
 71
     5
 72
     5
  1
B33-200X750
  7
JetBrains Mono
 11
0.0000000000000109
 21
1.0
 31
0.0
 73
     1
 44
1.0
  0
MTEXT
  5
E101
330
70
100
AcDbEntity
  8
CH-S-BEAM-MARK
100
AcDbMText
 10
61410.46587605505
 20
16499.99999999996
 30
0.0
 40
50.0
 41
0.0
 46
0.0
 71
     5
 72
     5
  1
B31-200X750
  7
JetBrains Mono
 11
0.0000000000000109
 21
1.0
 31
0.0
 73
     1
 44
1.0
  0
MTEXT
  5
E102
330
70
100
AcDbEntity
  8
CH-S-BEAM-MARK
100
AcDbMText
 10
61410.46587605497
 20
12999.99999999995
 30
0.0
 40
50.0
 41
0.0
 46
0.0
 71
     5
 72
     5
  1
B29-200X750
  7
JetBrains Mono
 11
0.0000000000000338
 21
1.0
 31
0.0
 73
     1
 44
1.0
  0
MTEXT
  5
E103
330
70
100
AcDbEntity
  8
CH-S-BEAM-MARK
100
AcDbMText
 10
61410.46587605497
 20
9499.999999999962
 30
0.0
 40
50.0
 41
0.0
 46
0.0
 71
     5
 72
     5
  1
B27-200X750
  7
JetBrains Mono
 11
0.0000000000000456
 21
-1.0
 31
0.0
 73
     1
 44
1.0
  0
MTEXT
  5
E104
330
70
100
AcDbEntity
  8
CH-S-BEAM-MARK
100
AcDbMText
 10
61410.46587605504
 20
5499.999999999964
 30
0.0
 40
50.0
 41
0.0
 46
0.0
 71
     5
 72
     5
  1
B25-200X750
  7
JetBrains Mono
 11
0.0000000000000001
 21
1.0
 31
0.0
 73
     1
 44
1.0
  0
MTEXT
  5
E105
330
70
100
AcDbEntity
  8
CH-S-BEAM-MARK
100
AcDbMText
 10
56410.46587605508
 20
24649.99999999998
 30
0.0
 40
50.0
 41
0.0
 46
0.0
 71
     5
 72
     5
  1
B22-200X750
  7
JetBrains Mono
 11
0.0000000000000098
 21
1.0
 31
0.0
 73
     1
 44
1.0
  0
MTEXT
  5
E106
330
70
100
AcDbEntity
  8
CH-S-BEAM-MARK
100
AcDbMText
 10
56410.46587605505
 20
20499.99999999998
 30
0.0
 40
50.0
 41
0.0
 46
0.0
 71
     5
 72
     5
  1
B21-200X750
  7
JetBrains Mono
 11
0.0000000000000078
 21
1.0
 31
0.0
 73
     1
 44
1.0
  0
MTEXT
  5
E107
330
70
100
AcDbEntity
  8
CH-S-BEAM-MARK
100
AcDbMText
 10
56410.46587605505
 20
16499.99999999996
 30
0.0
 40
50.0
 41
0.0
 46
0.0
 71
     5
 72
     5
  1
B20-200X750
  7
JetBrains Mono
 11
0.0000000000000109
 21
1.0
 31
0.0
 73
     1
 44
1.0
  0
MTEXT
  5
E108
330
70
100
AcDbEntity
  8
CH-S-BEAM-MARK
100
AcDbMText
 10
56410.46587605497
 20
12999.99999999997
 30
0.0
 40
50.0
 41
0.0
 46
0.0
 71
     5
 72
     5
  1
B19-200X750
  7
JetBrains Mono
 11
0.0000000000000338
 21
1.0
 31
0.0
 73
     1
 44
1.0
  0
MTEXT
  5
E109
330
70
100
AcDbEntity
  8
CH-S-BEAM-MARK
100
AcDbMText
 10
56410.46587605497
 20
9499.999999999976
 30
0.0
 40
50.0
 41
0.0
 46
0.0
 71
     5
 72
     5
  1
B18-200X750
  7
JetBrains Mono
 11
0.0000000000000456
 21
-1.0
 31
0.0
 73
     1
 44
1.0
  0
MTEXT
  5
E10A
330
70
100
AcDbEntity
  8
CH-S-BEAM-MARK
100
AcDbMText
 10
56410.46587605503
 20
5499.999999999979
 30
0.0
 40
50.0
 41
0.0
 46
0.0
 71
     5
 72
     5
  1
B17-200X750
  7
JetBrains Mono
 11
0.0000000000000001
 21
1.0
 31
0.0
 73
     1
 44
1.0
  0
MTEXT
  5
E10B
330
70
100
AcDbEntity
  8
CH-S-BEAM-MARK
100
AcDbMText
 10
56410.46587605497
 20
1349.999999999978
 30
0.0
 40
50.0
 41
0.0
 46
0.0
 71
     5
 72
     5
  1
B16-200X750
  7
JetBrains Mono
 11
0.0000000000000514
 21
1.0
 31
0.0
 73
     1
 44
1.0
  0
MTEXT
  5
E10C
330
70
100
AcDbEntity
  8
CH-S-SLAB-MARK
100
AcDbMText
 10
54776.97425017014
 20
26995.35141257222
 30
0.0
 40
50.0
 41
0.0
 46
0.0
 71
     5
 72
     5
  1
CS1-150THK
  7
JetBrains Mono
 73
     1
 44
1.0
  0
MTEXT
  5
E10D
330
70
100
AcDbEntity
  8
CH-S-SLAB-MARK
100
AcDbMText
 10
58901.33217624247
 20
26993.54853345852
 30
0.0
 40
50.0
 41
0.0
 46
0.0
 71
     5
 72
     5
  1
CS1-150THK
  7
JetBrains Mono
 73
     1
 44
1.0
  0
MTEXT
  5
E10E
330
70
100
AcDbEntity
  8
CH-S-SLAB-MARK
100
AcDbMText
 10
62910.46587605477
 20
26985.77370427535
 30
0.0
 40
50.0
 41
0.0
 46
0.0
 71
     5
 72
     5
  1
CS2-200THK
  7
JetBrains Mono
 73
     1
 44
1.0
  0
MTEXT
  5
E10F
330
70
100
AcDbEntity
  8
CH-S-SLAB-MARK
100
AcDbMText
 10
67394.92452420861
 20
26991.32798058862
 30
0.0
 40
50.0
 41
0.0
 46
0.0
 71
     5
 72
     5
  1
CS2-200THK
  7
JetBrains Mono
 73
     1
 44
1.0
  0
MTEXT
  5
E110
330
70
100
AcDbEntity
  8
CH-S-SLAB-MARK
100
AcDbMText
 10
71928.32074288487
 20
26982.78036901457
 30
0.0
 40
50.0
 41
0.0
 46
0.0
 71
     5
 72
     5
  1
CS2-200THK
  7
JetBrains Mono
 73
     1
 44
1.0
  0
MTEXT
  5
E111
330
70
100
AcDbEntity
  8
CH-S-SLAB-MARK
100
AcDbMText
 10
75936.28159430348
 20
26992.50269114599
 30
0.0
 40
50.0
 41
0.0
 46
0.0
 71
     5
 72
     5
  1
CS1-150THK
  7
JetBrains Mono
 73
     1
 44
1.0
  0
MTEXT
  5
E112
330
70
100
AcDbEntity
  8
CH-S-SLAB-MARK
100
AcDbMText
 10
80049.00735265023
 20
26993.38997791921
 30
0.0
 40
50.0
 41
0.0
 46
0.0
 71
     5
 72
     5
  1
CS1-150THK
  7
JetBrains Mono
 73
     1
 44
1.0
  0
MTEXT
  5
E113
330
70
100
AcDbEntity
  8
CH-S-SLAB-MARK
100
AcDbMText
 10
80035.46587605466
 20
24649.99999999946
 30
0.0
 40
50.0
 41
0.0
 46
0.0
 71
     5
 72
     5
  1
S1-150THK
  7
JetBrains Mono
 73
     1
 44
1.0
  0
MTEXT
  5
E114
330
70
100
AcDbEntity
  8
CH-S-SLAB-MARK
100
AcDbMText
 10
75935.46587605473
 20
24649.99999999949
 30
0.0
 40
50.0
 41
0.0
 46
0.0
 71
     5
 72
     5
  1
S2-200THK
  7
JetBrains Mono
 73
     1
 44
1.0
  0
MTEXT
  5
E115
330
70
100
AcDbEntity
  8
CH-S-SLAB-MARK
100
AcDbMText
 10
58885.46587605557
 20
24650.00000000013
 30
0.0
 40
50.0
 41
0.0
 46
0.0
 71
     5
 72
     5
  1
S2-200THK
  7
JetBrains Mono
 73
     1
 44
1.0
  0
MTEXT
  5
E116
330
70
100
AcDbEntity
  8
CH-S-SLAB-MARK
100
AcDbMText
 10
54785.4658760553
 20
24650.0000000002
 30
0.0
 40
50.0
 41
0.0
 46
0.0
 71
     5
 72
     5
  1
S1-150THK
  7
JetBrains Mono
 73
     1
 44
1.0
  0
MTEXT
  5
E117
330
70
100
AcDbEntity
  8
CH-S-SLAB-MARK
100
AcDbMText
 10
54785.46587605491
 20
1349.999999999958
 30
0.0
 40
50.0
 41
0.0
 46
0.0
 71
     5
 72
     5
  1
S1-150THK
  7
JetBrains Mono
 73
     1
 44
1.0
  0
MTEXT
  5
E118
330
70
100
AcDbEntity
  8
CH-S-SLAB-MARK
100
AcDbMText
 10
58885.46587605486
 20
1349.999999999888
 30
0.0
 40
50.0
 41
0.0
 46
0.0
 71
     5
 72
     5
  1
S2-200THK
  7
JetBrains Mono
 73
     1
 44
1.0
  0
MTEXT
  5
E119
330
70
100
AcDbEntity
  8
CH-S-SLAB-MARK
100
AcDbMText
 10
75935.46587605512
 20
1349.999999999769
 30
0.0
 40
50.0
 41
0.0
 46
0.0
 71
     5
 72
     5
  1
S2-200THK
  7
JetBrains Mono
 73
     1
 44
1.0
  0
MTEXT
  5
E11A
330
70
100
AcDbEntity
  8
CH-S-SLAB-MARK
100
AcDbMText
 10
80035.46587605487
 20
1349.999999999642
 30
0.0
 40
50.0
 41
0.0
 46
0.0
 71
     5
 72
     5
  1
S1-150THK
  7
JetBrains Mono
 73
     1
 44
1.0
  0
MTEXT
  5
E11B
330
70
100
AcDbEntity
  8
CH-S-SLAB-MARK
100
AcDbMText
 10
80039.96189997987
 20
5499.999999999532
 30
0.0
 40
50.0
 41
0.0
 46
0.0
 71
     5
 72
     5
  1
S2-200THK
  7
JetBrains Mono
 73
     1
 44
1.0
  0
MTEXT
  5
E11C
330
70
100
AcDbEntity
  8
CH-S-SLAB-MARK
100
AcDbMText
 10
75908.470626649
 20
5497.836968256923
 30
0.0
 40
50.0
 41
0.0
 46
0.0
 71
     5
 72
     5
  1
S5-300THK
  7
JetBrains Mono
 73
     1
 44
1.0
  0
MTEXT
  5
E11D
330
70
100
AcDbEntity
  8
CH-S-SLAB-MARK
100
AcDbMText
 10
71910.46587605502
 20
5499.999999999825
 30
0.0
 40
50.0
 41
0.0
 46
0.0
 71
     5
 72
     5
  1
S2-200THK
  7
JetBrains Mono
 73
     1
 44
1.0
  0
MTEXT
  5
E11E
330
70
100
AcDbEntity
  8
CH-S-SLAB-MARK
100
AcDbMText
 10
67410.46587605496
 20
5499.999999999666
 30
0.0
 40
50.0
 41
0.0
 46
0.0
 71
     5
 72
     5
  1
S5-300THK
  7
JetBrains Mono
 73
     1
 44
1.0
  0
MTEXT
  5
E11F
330
70
100
AcDbEntity
  8
CH-S-SLAB-MARK
100
AcDbMText
 10
62910.46587605503
 20
5499.999999999889
 30
0.0
 40
50.0
 41
0.0
 46
0.0
 71
     5
 72
     5
  1
S2-200THK
  7
JetBrains Mono
 73
     1
 44
1.0
  0
MTEXT
  5
E120
330
70
100
AcDbEntity
  8
CH-S-SLAB-MARK
100
AcDbMText
 10
58912.46112546125
 20
5497.836968257283
 30
0.0
 40
50.0
 41
0.0
 46
0.0
 71
     5
 72
     5
  1
S5-300THK
  7
JetBrains Mono
 73
     1
 44
1.0
  0
MTEXT
  5
E121
330
70
100
AcDbEntity
  8
CH-S-SLAB-MARK
100
AcDbMText
 10
54780.96985213054
 20
5499.999999999964
 30
0.0
 40
50.0
 41
0.0
 46
0.0
 71
     5
 72
     5
  1
S2-200THK
  7
JetBrains Mono
 73
     1
 44
1.0
  0
MTEXT
  5
E122
330
70
100
AcDbEntity
  8
CH-S-SLAB-MARK
100
AcDbMText
 10
54785.46587605499
 20
9499.999999999936
 30
0.0
 40
50.0
 41
0.0
 46
0.0
 71
     5
 72
     5
  1
S3-200THK\P75MM SUNK
  7
JetBrains Mono
 73
     1
 44
1.0
  0
MTEXT
  5
E123
330
70
100
AcDbEntity
  8
CH-S-SLAB-MARK
100
AcDbMText
 10
58910.46587605477
 20
9499.999999999827
 30
0.0
 40
50.0
 41
0.0
 46
0.0
 71
     5
 72
     5
  1
S2-200THK
  7
JetBrains Mono
 73
     1
 44
1.0
  0
MTEXT
  5
E124
330
70
100
AcDbEntity
  8
CH-S-SLAB-MARK
100
AcDbMText
 10
62910.465876055
 20
9499.999999999864
 30
0.0
 40
50.0
 41
0.0
 46
0.0
 71
     5
 72
     5
  1
S3-200THK\P75MM SUNK
  7
JetBrains Mono
 73
     1
 44
1.0
  0
MTEXT
  5
E125
330
70
100
AcDbEntity
  8
CH-S-SLAB-MARK
100
AcDbMText
 10
67410.4658760546
 20
9499.99999999963
 30
0.0
 40
50.0
 41
0.0
 46
0.0
 71
     5
 72
     5
  1
S4-250THK\P150MM SUNK
  7
JetBrains Mono
 73
     1
 44
1.0
  0
MTEXT
  5
E126
330
70
100
AcDbEntity
  8
CH-S-SLAB-MARK
100
AcDbMText
 10
71910.4658760553
 20
9499.999999999706
 30
0.0
 40
50.0
 41
0.0
 46
0.0
 71
     5
 72
     5
  1
S3-200THK\P75MM SUNK
  7
JetBrains Mono
 73
     1
 44
1.0
  0
MTEXT
  5
E127
330
70
100
AcDbEntity
  8
CH-S-SLAB-MARK
100
AcDbMText
 10
75910.46587605522
 20
9499.999999999642
 30
0.0
 40
50.0
 41
0.0
 46
0.0
 71
     5
 72
     5
  1
S2-200THK
  7
JetBrains Mono
 73
     1
 44
1.0
  0
MTEXT
  5
E128
330
70
100
AcDbEntity
  8
CH-S-SLAB-MARK
100
AcDbMText
 10
80035.46587605505
 20
9499.999999999564
 30
0.0
 40
50.0
 41
0.0
 46
0.0
 71
     5
 72
     5
  1
S3-200THK\P75MM SUNK
  7
JetBrains Mono
 73
     1
 44
1.0
  0
MTEXT
  5
E129
330
70
100
AcDbEntity
  8
CH-S-SLAB-MARK
100
AcDbMText
 10
80041.13765861513
 20
12999.99999999952
 30
0.0
 40
50.0
 41
0.0
 46
0.0
 71
     5
 72
     5
  1
S4-250THK\P150MM SUNK
  7
JetBrains Mono
 73
     1
 44
1.0
  0
MTEXT
  5
E12A
330
70
100
AcDbEntity
  8
CH-S-SLAB-MARK
100
AcDbMText
 10
75910.46587605534
 20
12999.99999999954
 30
0.0
 40
50.0
 41
0.0
 46
0.0
 71
     5
 72
     5
  1
S6-250THK
  7
JetBrains Mono
 73
     1
 44
1.0
  0
MTEXT
  5
E12B
330
70
100
AcDbEntity
  8
CH-S-SLAB-MARK
100
AcDbMText
 10
71910.46587605487
 20
12999.99999999981
 30
0.0
 40
50.0
 41
0.0
 46
0.0
 71
     5
 72
     5
  1
S3-200THK\P75MM SUNK
  7
JetBrains Mono
 73
     1
 44
1.0
  0
MTEXT
  5
E12C
330
70
100
AcDbEntity
  8
CH-S-SLAB-MARK
100
AcDbMText
 10
67410.46587605508
 20
12999.99999999987
 30
0.0
 40
50.0
 41
0.0
 46
0.0
 71
     5
 72
     5
  1
S4-250THK\P150MM SUNK
  7
JetBrains Mono
 73
     1
 44
1.0
  0
MTEXT
  5
E12D
330
70
100
AcDbEntity
  8
CH-S-SLAB-MARK
100
AcDbMText
 10
62910.46587605512
 20
12999.99999999991
 30
0.0
 40
50.0
 41
0.0
 46
0.0
 71
     5
 72
     5
  1
S3-200THK\P75MM SUNK
  7
JetBrains Mono
 73
     1
 44
1.0
  0
MTEXT
  5
E12E
330
70
100
AcDbEntity
  8
CH-S-SLAB-MARK
100
AcDbMText
 10
58910.46587605492
 20
12999.99999999988
 30
0.0
 40
50.0
 41
0.0
 46
0.0
 71
     5
 72
     5
  1
S6-250THK
  7
JetBrains Mono
 73
     1
 44
1.0
  0
MTEXT
  5
E12F
330
70
100
AcDbEntity
  8
CH-S-SLAB-MARK
100
AcDbMText
 10
54779.79409349472
 20
13000.0
 30
0.0
 40
50.0
 41
0.0
 46
0.0
 71
     5
 72
     5
  1
S4-250THK\P150MM SUNK
  7
JetBrains Mono
 73
     1
 44
1.0
  0
MTEXT
  5
E130
330
70
100
AcDbEntity
  8
CH-S-SLAB-MARK
100
AcDbMText
 10
54785.46587605491
 20
16499.9999999999
 30
0.0
 40
50.0
 41
0.0
 46
0.0
 71
     5
 72
     5
  1
S3-200THK\P75MM SUNK
  7
JetBrains Mono
 73
     1
 44
1.0
  0
MTEXT
  5
E131
330
70
100
AcDbEntity
  8
CH-S-SLAB-MARK
100
AcDbMText
 10
58910.46587605492
 20
16499.99999999981
 30
0.0
 40
50.0
 41
0.0
 46
0.0
 71
     5
 72
     5
  1
S2-200THK
  7
JetBrains Mono
 73
     1
 44
1.0
  0
MTEXT
  5
E132
330
70
100
AcDbEntity
  8
CH-S-SLAB-MARK
100
AcDbMText
 10
62910.4658760548
 20
16499.99999999978
 30
0.0
 40
50.0
 41
0.0
 46
0.0
 71
     5
 72
     5
  1
S3-200THK\P75MM SUNK
  7
JetBrains Mono
 73
     1
 44
1.0
  0
MTEXT
  5
E133
330
70
100
AcDbEntity
  8
CH-S-SLAB-MARK
100
AcDbMText
 10
67410.46587605473
 20
16499.99999999962
 30
0.0
 40
50.0
 41
0.0
 46
0.0
 71
     5
 72
     5
  1
S4-250THK\P150MM SUNK
  7
JetBrains Mono
 73
     1
 44
1.0
  0
MTEXT
  5
E134
330
70
100
AcDbEntity
  8
CH-S-SLAB-MARK
100
AcDbMText
 10
71910.46587605473
 20
16499.99999999957
 30
0.0
 40
50.0
 41
0.0
 46
0.0
 71
     5
 72
     5
  1
S3-200THK\P75MM SUNK
  7
JetBrains Mono
 73
     1
 44
1.0
  0
MTEXT
  5
E135
330
70
100
AcDbEntity
  8
CH-S-SLAB-MARK
100
AcDbMText
 10
75910.46587605543
 20
16499.99999999967
 30
0.0
 40
50.0
 41
0.0
 46
0.0
 71
     5
 72
     5
  1
S2-200THK
  7
JetBrains Mono
 73
     1
 44
1.0
  0
MTEXT
  5
E136
330
70
100
AcDbEntity
  8
CH-S-SLAB-MARK
100
AcDbMText
 10
80035.46587605493
 20
16499.99999999954
 30
0.0
 40
50.0
 41
0.0
 46
0.0
 71
     5
 72
     5
  1
S3-200THK\P75MM SUNK
  7
JetBrains Mono
 73
     1
 44
1.0
  0
MTEXT
  5
E137
330
70
100
AcDbEntity
  8
CH-S-SLAB-MARK
100
AcDbMText
 10
80039.96189997964
 20
20499.9999999996
 30
0.0
 40
50.0
 41
0.0
 46
0.0
 71
     5
 72
     5
  1
S2-200THK
  7
JetBrains Mono
 73
     1
 44
1.0
  0
MTEXT
  5
E138
330
70
100
AcDbEntity
  8
CH-S-SLAB-MARK
100
AcDbMText
 10
75908.47062664888
 20
20502.16303174215
 30
0.0
 40
50.0
 41
0.0
 46
0.0
 71
     5
 72
     5
  1
S5-300THK
  7
JetBrains Mono
 73
     1
 44
1.0
  0
MTEXT
  5
E139
330
70
100
AcDbEntity
  8
CH-S-SLAB-MARK
100
AcDbMText
 10
71910.46587605437
 20
20499.99999999954
 30
0.0
 40
50.0
 41
0.0
 46
0.0
 71
     5
 72
     5
  1
S2-200THK
  7
JetBrains Mono
 73
     1
 44
1.0
  0
MTEXT
  5
E13A
330
70
100
AcDbEntity
  8
CH-S-SLAB-MARK
100
AcDbMText
 10
67410.46587605511
 20
20499.99999999988
 30
0.0
 40
50.0
 41
0.0
 46
0.0
 71
     5
 72
     5
  1
S5-300THK
  7
JetBrains Mono
 73
     1
 44
1.0
  0
MTEXT
  5
E13B
330
70
100
AcDbEntity
  8
CH-S-SLAB-MARK
100
AcDbMText
 10
62910.46587605512
 20
20499.99999999988
 30
0.0
 40
50.0
 41
0.0
 46
0.0
 71
     5
 72
     5
  1
S2-200THK
  7
JetBrains Mono
 73
     1
 44
1.0
  0
MTEXT
  5
E13C
330
70
100
AcDbEntity
  8
CH-S-SLAB-MARK
100
AcDbMText
 10
58912.46112546124
 20
20502.16303174249
 30
0.0
 40
50.0
 41
0.0
 46
0.0
 71
     5
 72
     5
  1
S5-300THK
  7
JetBrains Mono
 73
     1
 44
1.0
  0
MTEXT
  5
E13D
330
70
100
AcDbEntity
  8
CH-S-SLAB-MARK
100
AcDbMText
 10
54780.96985213061
 20
20500.0
 30
0.0
 40
50.0
 41
0.0
 46
0.0
 71
     5
 72
     5
  1
S2-200THK
  7
JetBrains Mono
 73
     1
 44
1.0
  0
MTEXT
  5
E13E
330
70
100
AcDbEntity
  8
CH-S-FND-MARK
100
AcDbMText
 10
-366.656838306488
 20
25374.99999999996
 30
0.0
 40
50.0
 41
0.0
 46
0.0
 71
     5
 72
     5
  1
F4-1500THK
  7
JetBrains Mono
 73
     1
 44
1.0
  0
MTEXT
  5
E13F
330
70
100
AcDbEntity
  8
CH-S-FND-MARK
100
AcDbMText
 10
24933.34316169352
 20
25374.99999999993
 30
0.0
 40
50.0
 41
0.0
 46
0.0
 71
     5
 72
     5
  1
F8-1500THK
  7
JetBrains Mono
 73
     1
 44
1.0
  0
MTEXT
  5
E140
330
70
100
AcDbEntity
  8
CH-S-FND-MARK
100
AcDbMText
 10
-366.6568383066072
 20
1349.999999999974
 30
0.0
 40
50.0
 41
0.0
 46
0.0
 71
     5
 72
     5
  1
F1-750THK
  7
JetBrains Mono
 73
     1
 44
1.0
  0
MTEXT
  5
E141
330
70
100
AcDbEntity
  8
CH-S-FND-MARK
100
AcDbMText
 10
24933.34316169341
 20
1349.999999999967
 30
0.0
 40
50.0
 41
0.0
 46
0.0
 71
     5
 72
     5
  1
F5-750THK
  7
JetBrains Mono
 73
     1
 44
1.0
  0
MTEXT
  5
E142
330
70
100
AcDbEntity
  8
CH-S-FND-MARK
100
AcDbMText
 10
-366.6568383065554
 20
9499.999999999984
 30
0.0
 40
50.0
 41
0.0
 46
0.0
 71
     5
 72
     5
  1
F2-1800THK
  7
JetBrains Mono
 73
     1
 44
1.0
  0
MTEXT
  5
E143
330
70
100
AcDbEntity
  8
CH-S-FND-MARK
100
AcDbMText
 10
-366.6568383065329
 20
16499.99999999998
 30
0.0
 40
50.0
 41
0.0
 46
0.0
 71
     5
 72
     5
  1
F3-1800THK
  7
JetBrains Mono
 73
     1
 44
1.0
  0
MTEXT
  5
E144
330
70
100
AcDbEntity
  8
CH-S-FND-MARK
100
AcDbMText
 10
24933.34316169347
 20
16499.99999999992
 30
0.0
 40
50.0
 41
0.0
 46
0.0
 71
     5
 72
     5
  1
F7-1800THK
  7
JetBrains Mono
 73
     1
 44
1.0
  0
MTEXT
  5
E145
330
70
100
AcDbEntity
  8
CH-S-FND-MARK
100
AcDbMText
 10
24933.34316169345
 20
9499.999999999909
 30
0.0
 40
50.0
 41
0.0
 46
0.0
 71
     5
 72
     5
  1
F6-1800THK
  7
JetBrains Mono
 73
     1
 44
1.0
  0
MTEXT
  5
E147
330
70
100
AcDbEntity
  8
CH-S-RAFT-MARK
100
AcDbMText
 10
7751.528262011989
 20
13247.48921069881
 30
0.0
 40
50.0
 41
0.0
 46
0.0
 71
     5
 72
     5
  1
RF1-750THK
  7
JetBrains Mono
 73
     1
 44
1.0
  0
MTEXT
  5
E149
330
70
100
AcDbEntity
  8
CH-S-RAFT-MARK
100
AcDbMText
 10
12179.37571152892
 20
3227.37463861217
 30
0.0
 40
50.0
 41
0.0
 46
0.0
 71
     5
 72
     5
  1
RF2-1500THK\P750MM FOLD
  7
JetBrains Mono
 73
     1
 44
1.0
  0
MTEXT
  5
E14F
330
70
100
AcDbEntity
  8
CH-S-RAFT-MARK
100
AcDbMText
 10
12283.34316169301
 20
12999.99999999994
 30
0.0
 40
50.0
 41
0.0
 46
0.0
 71
     5
 72
     5
  1
RF3-500THK\P250MM SUNK
  7
JetBrains Mono
 73
     1
 44
1.0
  0
MTEXT
  5
E223
330
70
100
AcDbEntity
  8
CH-S-RAFT-MARK
100
AcDbMText
 10
7783.34316169347
 20
1462.948062532864
 30
0.0
 40
50.0
 41
0.0
 46
0.0
 71
     5
 72
     5
  1
RF2-750THK\P750MM SUNK
  7
JetBrains Mono
 73
     1
 44
1.0
  0
MTEXT
  5
E224
330
70
100
AcDbEntity
  8
CH-S-RAFT-MARK
100
AcDbMText
 10
12354.94534017383
 20
1462.948062532864
 30
0.0
 40
50.0
 41
0.0
 46
0.0
 71
     5
 72
     5
  1
RF2-750THK\P750MM SUNK
  7
JetBrains Mono
 73
     1
 44
1.0
  0
MTEXT
  5
E225
330
70
100
AcDbEntity
  8
CH-S-RAFT-MARK
100
AcDbMText
 10
16924.58585160509
 20
1462.948062532864
 30
0.0
 40
50.0
 41
0.0
 46
0.0
 71
     5
 72
     5
  1
RF2-750THK\P750MM SUNK
  7
JetBrains Mono
 73
     1
 44
1.0
  0
MTEXT
  5
E226
330
70
100
AcDbEntity
  8
CH-S-RAFT-MARK
100
AcDbMText
 10
12179.37571152892
 20
22782.11867629707
 30
0.0
 40
50.0
 41
0.0
 46
0.0
 71
     5
 72
     5
  1
RF2-1500THK\P750MM FOLD
  7
JetBrains Mono
 73
     1
 44
1.0
  0
MTEXT
  5
E227
330
70
100
AcDbEntity
  8
CH-S-RAFT-MARK
100
AcDbMText
 10
7783.34316169347
 20
24493.24299466039
 30
0.0
 40
50.0
 41
0.0
 46
0.0
 71
     5
 72
     5
  1
RF2-750THK\P750MM SUNK
  7
JetBrains Mono
 73
     1
 44
1.0
  0
MTEXT
  5
E228
330
70
100
AcDbEntity
  8
CH-S-RAFT-MARK
100
AcDbMText
 10
12354.94534017383
 20
24493.24299466039
 30
0.0
 40
50.0
 41
0.0
 46
0.0
 71
     5
 72
     5
  1
RF2-750THK\P750MM SUNK
  7
JetBrains Mono
 73
     1
 44
1.0
  0
MTEXT
  5
E229
330
70
100
AcDbEntity
  8
CH-S-RAFT-MARK
100
AcDbMText
 10
16924.58585160509
 20
24493.24299466039
 30
0.0
 40
50.0
 41
0.0
 46
0.0
 71
     5
 72
     5
  1
RF2-750THK\P750MM SUNK
  7
JetBrains Mono
 73
     1
 44
1.0
  0
HATCH
  5
E273
330
70
100
AcDbEntity
  8
CH-S-RAFT-SUNK
100
AcDbHatch
 10
0.0
 20
0.0
 30
0.0
210
0.0
220
0.0
230
1.0
  2
ANSI37
 70
     0
 71
     0
 91
        1
 92
        1
 93
        4
 72
     1
 10
6433.343161693487
 20
26149.99999999997
 11
9133.343161693456
 21
26149.99999999997
 72
     1
 10
9133.343161693456
 20
26149.99999999997
 11
9133.343161693456
 21
23149.99999999996
 72
     1
 10
9133.343161693456
 20
23149.99999999996
 11
6433.343161693487
 21
23149.99999999996
 72
     1
 10
6433.343161693487
 20
23149.99999999996
 11
6433.343161693487
 21
26149.99999999997
 97
        0
 75
     1
 76
     1
 52
0.0
 41
10.0
 77
     0
 78
     2
 53
45.0
 43
0.0
 44
0.0
 45
-22.45064030267288
 46
22.45064030267288
 79
     0
 53
135.0
 43
0.0
 44
0.0
 45
-22.45064030267288
 46
-22.45064030267288
 79
     0
 98
        1
 10
0.0
 20
0.0
1001
GradientColor1ACI
1070
     5
1001
GradientColor2ACI
1070
     2
1001
ACAD
1010
0.0
1020
0.0
1030
0.0
  0
HATCH
  5
E275
330
70
100
AcDbEntity
  8
CH-S-RAFT-SUNK
100
AcDbHatch
 10
0.0
 20
0.0
 30
0.0
210
0.0
220
0.0
230
1.0
  2
ANSI37
 70
     0
 71
     0
 91
        1
 92
        1
 93
        4
 72
     1
 10
9433.343161693493
 20
26149.99999999996
 11
15133.34316169349
 21
26149.99999999996
 72
     1
 10
15133.34316169349
 20
26149.99999999996
 11
15133.34316169349
 21
23149.99999999993
 72
     1
 10
15133.34316169349
 20
23149.99999999993
 11
9433.343161693493
 21
23149.99999999993
 72
     1
 10
9433.343161693493
 20
23149.99999999993
 11
9433.343161693493
 21
26149.99999999996
 97
        0
 75
     1
 76
     1
 52
0.0
 41
10.0
 77
     0
 78
     2
 53
45.0
 43
0.0
 44
0.0
 45
-22.45064030267288
 46
22.45064030267288
 79
     0
 53
135.0
 43
0.0
 44
0.0
 45
-22.45064030267288
 46
-22.45064030267288
 79
     0
 98
        1
 10
0.0
 20
0.0
1001
GradientColor1ACI
1070
     5
1001
GradientColor2ACI
1070
     2
1001
ACAD
1010
0.0
1020
0.0
1030
0.0
  0
HATCH
  5
E277
330
70
100
AcDbEntity
  8
CH-S-RAFT-SUNK
100
AcDbHatch
 10
0.0
 20
0.0
 30
0.0
210
0.0
220
0.0
230
1.0
  2
ANSI37
 70
     0
 71
     0
 91
        1
 92
        1
 93
        4
 72
     1
 10
15433.34316169346
 20
26149.99999999989
 11
18133.34316169349
 21
26149.99999999989
 72
     1
 10
18133.34316169349
 20
26149.99999999989
 11
18133.34316169349
 21
23149.99999999991
 72
     1
 10
18133.34316169349
 20
23149.99999999991
 11
15433.34316169346
 21
23149.99999999991
 72
     1
 10
15433.34316169346
 20
23149.99999999991
 11
15433.34316169346
 21
26149.99999999989
 97
        0
 75
     1
 76
     1
 52
0.0
 41
10.0
 77
     0
 78
     2
 53
45.0
 43
0.0
 44
0.0
 45
-22.45064030267288
 46
22.45064030267288
 79
     0
 53
135.0
 43
0.0
 44
0.0
 45
-22.45064030267288
 46
-22.45064030267288
 79
     0
 98
        1
 10
0.0
 20
0.0
1001
GradientColor1ACI
1070
     5
1001
GradientColor2ACI
1070
     2
1001
ACAD
1010
0.0
1020
0.0
1030
0.0
  0
HATCH
  5
E279
330
70
100
AcDbEntity
  8
CH-S-RAFT-SUNK
100
AcDbHatch
 10
0.0
 20
0.0
 30
0.0
210
0.0
220
0.0
230
1.0
  2
ANSI37
 70
     0
 71
     0
 91
        1
 92
        1
 93
        4
 72
     1
 10
6433.343161693487
 20
2849.999999999969
 11
9133.343161693456
 21
2849.999999999969
 72
     1
 10
9133.343161693456
 20
2849.999999999969
 11
9133.343161693456
 21
-150.0000000000436
 72
     1
 10
9133.343161693456
 20
-150.0000000000436
 11
6433.343161693487
 21
-150.0000000000436
 72
     1
 10
6433.343161693487
 20
-150.0000000000436
 11
6433.343161693487
 21
2849.999999999969
 97
        0
 75
     1
 76
     1
 52
0.0
 41
10.0
 77
     0
 78
     2
 53
45.0
 43
0.0
 44
0.0
 45
-22.45064030267288
 46
22.45064030267288
 79
     0
 53
135.0
 43
0.0
 44
0.0
 45
-22.45064030267288
 46
-22.45064030267288
 79
     0
 98
        1
 10
0.0
 20
0.0
1001
GradientColor1ACI
1070
     5
1001
GradientColor2ACI
1070
     2
1001
ACAD
1010
0.0
1020
0.0
1030
0.0
  0
HATCH
  5
E27B
330
70
100
AcDbEntity
  8
CH-S-RAFT-SUNK
100
AcDbHatch
 10
0.0
 20
0.0
 30
0.0
210
0.0
220
0.0
230
1.0
  2
ANSI37
 70
     0
 71
     0
 91
        1
 92
        1
 93
        4
 72
     1
 10
9433.343161693493
 20
2849.999999999955
 11
15133.34316169349
 21
2849.999999999955
 72
     1
 10
15133.34316169349
 20
2849.999999999955
 11
15133.34316169349
 21
-150.0000000000727
 72
     1
 10
15133.34316169349
 20
-150.0000000000727
 11
9433.343161693493
 21
-150.0000000000727
 72
     1
 10
9433.343161693493
 20
-150.0000000000727
 11
9433.343161693493
 21
2849.999999999955
 97
        0
 75
     1
 76
     1
 52
0.0
 41
10.0
 77
     0
 78
     2
 53
45.0
 43
0.0
 44
0.0
 45
-22.45064030267288
 46
22.45064030267288
 79
     0
 53
135.0
 43
0.0
 44
0.0
 45
-22.45064030267288
 46
-22.45064030267288
 79
     0
 98
        1
 10
0.0
 20
0.0
1001
GradientColor1ACI
1070
     5
1001
GradientColor2ACI
1070
     2
1001
ACAD
1010
0.0
1020
0.0
1030
0.0
  0
HATCH
  5
E27D
330
70
100
AcDbEntity
  8
CH-S-RAFT-SUNK
100
AcDbHatch
 10
0.0
 20
0.0
 30
0.0
210
0.0
220
0.0
230
1.0
  2
ANSI37
 70
     0
 71
     0
 91
        1
 92
        1
 93
        4
 72
     1
 10
15433.34316169346
 20
2849.999999999886
 11
18133.34316169349
 21
2849.999999999886
 72
     1
 10
18133.34316169349
 20
2849.999999999886
 11
18133.34316169349
 21
-150.0000000000946
 72
     1
 10
18133.34316169349
 20
-150.0000000000946
 11
15433.34316169346
 21
-150.0000000000946
 72
     1
 10
15433.34316169346
 20
-150.0000000000946
 11
15433.34316169346
 21
2849.999999999886
 97
        0
 75
     1
 76
     1
 52
0.0
 41
10.0
 77
     0
 78
     2
 53
45.0
 43
0.0
 44
0.0
 45
-22.45064030267288
 46
22.45064030267288
 79
     0
 53
135.0
 43
0.0
 44
0.0
 45
-22.45064030267288
 46
-22.45064030267288
 79
     0
 98
        1
 10
0.0
 20
0.0
1001
GradientColor1ACI
1070
     5
1001
GradientColor2ACI
1070
     2
1001
ACAD
1010
0.0
1020
0.0
1030
0.0
  0
HATCH
  5
E2BD
330
70
100
AcDbEntity
  8
CH-HATCH
100
AcDbHatch
 10
0.0
 20
0.0
 30
0.0
210
0.0
220
0.0
230
1.0
  2
HONEY
 70
     0
 71
     0
 91
        1
 92
        1
 93
        4
 72
     1
 10
28286.56100662513
 20
-9317.452829169107
 11
28986.56100662512
 21
-9317.452829169107
 72
     1
 10
28986.56100662512
 20
-9317.452829169107
 11
28986.56100662512
 21
-9617.452829169108
 72
     1
 10
28986.56100662512
 20
-9617.452829169108
 11
28286.56100662513
 21
-9617.452829169108
 72
     1
 10
28286.56100662513
 20
-9617.452829169108
 11
28286.56100662513
 21
-9317.452829169107
 97
        0
 75
     1
 76
     1
 52
0.0
 41
10.0
 77
     0
 78
     3
 53
0.0
 43
0.0
 44
0.0
 45
47.625
 46
27.49630645
 79
     2
 49
31.75
 49
-63.5
 53
120.0
 43
0.0
 44
0.0
 45
-47.6249998959419
 46
27.49630663023391
 79
     2
 49
31.75
 49
-63.49999999999999
 53
60.0
 43
0.0
 44
0.0
 45
0.000000104058091
 46
54.99261308023388
 79
     2
 49
-63.5
 49
31.75
 98
        1
 10
0.0
 20
-4000.0
1001
GradientColor1ACI
1070
     5
1001
GradientColor2ACI
1070
     2
1001
ACAD
1010
0.0
1020
0.0
1030
0.0
  0
LWPOLYLINE
  5
E2BE
330
70
100
AcDbEntity
  8
CH-LEGEND
100
AcDbPolyline
 90
        4
 70
     1
 43
0.0
 10
28286.56100662513
 20
-9317.452829169107
 10
28986.56100662512
 20
-9317.452829169107
 10
28986.56100662512
 20
-9617.452829169108
 10
28286.56100662513
 20
-9617.452829169108
  0
MTEXT
  5
E2BF
330
70
100
AcDbEntity
  8
CH-LEGEND
100
AcDbMText
 10
29299.14124789366
 20
-9483.192429038593
 30
0.0
 40
100.0
 41
4623.548096472661
 46
0.0
 71
     4
 72
     5
  1
INDICATES RAFT FOLD
  7
JetBrains Mono
 73
     2
 44
1.0
1001
REVIT
1002
{
1070
     1
1000
366712
1002
}
1002
{
1070
     5
1000
366229
1002
}
1002
{
1070
     2
1000
-2005018
1002
}
  0
HATCH
  5
E2C0
330
70
100
AcDbEntity
  8
CH-HATCH
100
AcDbHatch
 10
0.0
 20
0.0
 30
0.0
210
0.0
220
0.0
230
1.0
  2
HONEY
 70
     0
 71
     0
 91
        1
 92
        1
 93
        4
 72
     1
 10
84361.40078208776
 20
-9317.452829169107
 11
85061.40078208773
 21
-9317.452829169107
 72
     1
 10
85061.40078208773
 20
-9317.452829169107
 11
85061.40078208773
 21
-9617.452829169108
 72
     1
 10
85061.40078208773
 20
-9617.452829169108
 11
84361.40078208776
 21
-9617.452829169108
 72
     1
 10
84361.40078208776
 20
-9617.452829169108
 11
84361.40078208776
 21
-9317.452829169107
 97
        0
 75
     1
 76
     1
 52
0.0
 41
10.0
 77
     0
 78
     3
 53
0.0
 43
0.0
 44
0.0
 45
47.625
 46
27.49630645
 79
     2
 49
31.75
 49
-63.5
 53
120.0
 43
0.0
 44
0.0
 45
-47.6249998959419
 46
27.49630663023391
 79
     2
 49
31.75
 49
-63.49999999999999
 53
60.0
 43
0.0
 44
0.0
 45
0.000000104058091
 46
54.99261308023388
 79
     2
 49
-63.5
 49
31.75
 98
        1
 10
56074.83977546261
 20
-4000.0
1001
GradientColor1ACI
1070
     5
1001
GradientColor2ACI
1070
     2
1001
ACAD
1010
0.0
1020
0.0
1030
0.0
  0
LWPOLYLINE
  5
E2C1
330
70
100
AcDbEntity
  8
CH-LEGEND
100
AcDbPolyline
 90
        4
 70
     1
 43
0.0
 10
84361.40078208776
 20
-9317.452829169107
 10
85061.40078208773
 20
-9317.452829169107
 10
85061.40078208773
 20
-9617.452829169108
 10
84361.40078208776
 20
-9617.452829169108
  0
MTEXT
  5
E2C2
330
70
100
AcDbEntity
  8
CH-LEGEND
100
AcDbMText
 10
85373.98102335629
 20
-9483.192429038593
 30
0.0
 40
100.0
 41
4623.548096472661
 46
0.0
 71
     4
 72
     5
  1
INDICATES RAFT FOLD
  7
JetBrains Mono
 73
     2
 44
1.0
1001
REVIT
1002
{
1070
     1
1000
366712
1002
}
1002
{
1070
     5
1000
366229
1002
}
1002
{
1070
     2
1000
-2005018
1002
}
  0
MTEXT
  5
E301
330
70
100
AcDbEntity
  8
CH-STAIRS-MARK
100
AcDbMText
 10
66846.86138127695
 20
631.4437101500041
 30
0.0
 40
50.0
 41
1410.969999999999
 46
0.0
 71
     1
 72
     5
  1
ST1_200 THK.
  7
JetBrains Mono
 73
     2
 44
1.0
1001
REVIT
1002
{
1070
     1
1000
366712
1002
}
1002
{
1070
     5
1000
366229
1002
}
1002
{
1070
     2
1000
-2005018
1002
}
  0
MTEXT
  5
E302
330
70
100
AcDbEntity
  8
CH-STAIRS-MARK
100
AcDbMText
 10
65135.7863440107
 20
588.4743304645342
 30
0.0
 40
50.0
 41
1410.969999999999
 46
0.0
 71
     1
 72
     5
  1
ST1_Mid-Landing
  7
JetBrains Mono
 11
0.0000000000000001
 21
1.0
 31
0.0
 73
     2
 44
1.0
1001
REVIT
1002
{
1070
     1
1000
366712
1002
}
1002
{
1070
     5
1000
366229
1002
}
1002
{
1070
     2
1000
-2005018
1002
}
  0
MTEXT
  5
E307
330
70
100
AcDbEntity
  8
CH-STAIRS-MARK
100
AcDbMText
 10
69498.11887624391
 20
588.4743304645342
 30
0.0
 40
50.0
 41
1410.969999999999
 46
0.0
 71
     1
 72
     5
  1
ST1_Top-Landing
  7
JetBrains Mono
 11
0.0000000000000001
 21
1.0
 31
0.0
 73
     2
 44
1.0
1001
REVIT
1002
{
1070
     1
1000
366712
1002
}
1002
{
1070
     5
1000
366229
1002
}
1002
{
1070
     2
1000
-2005018
1002
}
  0
MTEXT
  5
E308
330
70
100
AcDbEntity
  8
CH-STAIRS-MARK
100
AcDbMText
 10
65135.7863440107
 20
24001.43211721272
 30
0.0
 40
50.0
 41
1410.969999999999
 46
0.0
 71
     1
 72
     5
  1
ST2_Mid-Landing
  7
JetBrains Mono
 11
0.0000000000000001
 21
1.0
 31
0.0
 73
     2
 44
1.0
1001
REVIT
1002
{
1070
     1
1000
366712
1002
}
1002
{
1070
     5
1000
366229
1002
}
1002
{
1070
     2
1000
-2005018
1002
}
  0
MTEXT
  5
E309
330
70
100
AcDbEntity
  8
CH-STAIRS-MARK
100
AcDbMText
 10
69498.11887624391
 20
24001.43211721272
 30
0.0
 40
50.0
 41
1410.969999999999
 46
0.0
 71
     1
 72
     5
  1
ST2_Top-Landing
  7
JetBrains Mono
 11
0.0000000000000001
 21
1.0
 31
0.0
 73
     2
 44
1.0
1001
REVIT
1002
{
1070
     1
1000
366712
1002
}
1002
{
1070
     5
1000
366229
1002
}
1002
{
1070
     2
1000
-2005018
1002
}
  0
MTEXT
  5
E30A
330
70
100
AcDbEntity
  8
CH-STAIRS-MARK
100
AcDbMText
 10
66866.19028495121
 20
24207.94410938683
 30
0.0
 40
50.0
 41
1410.969999999999
 46
0.0
 71
     1
 72
     5
  1
ST1_200 THK.
  7
JetBrains Mono
 73
     2
 44
1.0
1001
REVIT
1002
{
1070
     1
1000
366712
1002
}
1002
{
1070
     5
1000
366229
1002
}
1002
{
1070
     2
1000
-2005018
1002
}
  0
ENDSEC
  0
SECTION
  2
OBJECTS
  0
DICTIONARY
  5
C
330
0
100
AcDbDictionary
281
     1
  3
ACAD_ASSOCPERSSUBENTMANAGER
350
A0FC
  3
ACAD_BACKGROUND
350
D005
  3
ACAD_CIP_PREVIOUS_PRODUCT_INFO
350
79
  3
ACAD_COLOR
350
63
  3
ACAD_DETAILVIEWSTYLE
350
6A
  3
ACAD_GROUP
350
D
  3
ACAD_IMAGE_VARS
350
7A
  3
ACAD_LAST_SAVED_VERSION_INFO
350
4385
  3
ACAD_LAYOUT
350
62
  3
ACAD_MATERIAL
350
10
  3
ACAD_MLEADERSTYLE
350
66
  3
ACAD_MLINESTYLE
350
5F
  3
ACAD_PLOTSETTINGS
350
61
  3
ACAD_PLOTSTYLENAME
350
E
  3
ACAD_SCALELIST
350
42
  3
ACAD_SECTIONVIEWSTYLE
350
68
  3
ACAD_TABLESTYLE
350
64
  3
ACAD_VISUALSTYLE
350
29
  3
ACDB_RECOMPOSE_DATA
350
E368
  3
AcDbVariableDictionary
350
2B2F
  3
AEC_PROPERTY_SET_DEFS
350
DDEC
  3
EZDXF_META
350
DD4A
  3
REVIT_DICTIONARY
350
AB4
  0
DICTIONARY
  5
ADA
330
2
100
AcDbDictionary
280
     1
281
     1
  3
ACAD_LAYERSTATES
360
ADB
  0
DICTIONARY
  5
ABB
330
70
100
AcDbDictionary
280
     1
281
     1
  3
ACAD_SORTENTS
360
ABC
  0
DICTIONARY
  5
DE01
330
DE00
100
AcDbDictionary
280
     1
281
     1
  3
ACAD_DIMASSOC
360
DE02
  0
DICTIONARY
  5
DE04
330
DE03
100
AcDbDictionary
280
     1
281
     1
  3
ACAD_DIMASSOC
360
DE05
  0
DICTIONARY
  5
DE07
330
DE06
100
AcDbDictionary
280
     1
281
     1
  3
ACAD_DIMASSOC
360
DE08
  0
DICTIONARY
  5
DE0A
330
DE09
100
AcDbDictionary
280
     1
281
     1
  3
ACAD_DIMASSOC
360
DE0B
  0
DICTIONARY
  5
DE0D
330
DE0C
100
AcDbDictionary
280
     1
281
     1
  3
ACAD_DIMASSOC
360
DE0E
  0
DICTIONARY
  5
DE10
330
DE0F
100
AcDbDictionary
280
     1
281
     1
  3
ACAD_DIMASSOC
360
DE11
  0
DICTIONARY
  5
DE13
330
DE12
100
AcDbDictionary
280
     1
281
     1
  3
ACAD_DIMASSOC
360
DE14
  0
ACDBASSOCPERSSUBENTMANAGER
  5
A0FC
102
{ACAD_REACTORS
330
C
102
}
330
C
100
AcDbAssocPersSubentManager
 90
        2
 90
        3
 90
        0
 90
        2
 90
        0
 90
        0
 90
        0
 90
        0
 90
        0
290
     0
  0
DICTIONARY
  5
D005
102
{ACAD_REACTORS
330
C
102
}
330
C
100
AcDbDictionary
281
     1
  0
XRECORD
  5
79
102
{ACAD_REACTORS
330
C
102
}
330
C
100
AcDbXrecord
280
     1
300
ACD
300
2025
300
87919ACD_2025_0F
  0
DICTIONARY
  5
63
102
{ACAD_REACTORS
330
C
102
}
330
C
100
AcDbDictionary
281
     1
  0
DICTIONARY
  5
6A
102
{ACAD_REACTORS
330
C
102
}
330
C
100
AcDbDictionary
281
     1
  3
Imperial24
350
6B
  3
Metric50
350
AC6
  0
DICTIONARY
  5
D
102
{ACAD_REACTORS
330
C
102
}
330
C
100
AcDbDictionary
281
     1
  0
RASTERVARIABLES
  5
7A
102
{ACAD_REACTORS
330
C
102
}
330
C
100
AcDbRasterVariables
 90
        0
 70
     0
 71
     1
 72
     1
  0
XRECORD
  5
4385
102
{ACAD_REACTORS
330
C
102
}
330
C
100
AcDbXrecord
280
     1
300
{19328AE4-D1ED-A64C-8647-D8546B01FAED}
301

302
{19328AE4-D1ED-A64C-8647-D8546B01FAED}
303
C:\Users\praka\Downloads\C2B idea\CH-TEMPLATE-REMARKED.dxf
  0
DICTIONARY
  5
62
102
{ACAD_REACTORS
330
C
102
}
330
C
100
AcDbDictionary
281
     1
  3
Layout1
350
6F
  3
Layout2
350
77
  3
Model
350
73
  0
DICTIONARY
  5
10
102
{ACAD_REACTORS
330
C
102
}
330
C
100
AcDbDictionary
281
     1
  3
ByBlock
350
19
  3
ByLayer
350
11
  3
Global
350
21
  0
DICTIONARY
  5
66
102
{ACAD_REACTORS
330
C
102
}
330
C
100
AcDbDictionary
281
     1
  3
Standard
350
67
  0
DICTIONARY
  5
5F
102
{ACAD_REACTORS
330
C
102
}
330
C
100
AcDbDictionary
281
     1
  3
Standard
350
60
  0
DICTIONARY
  5
61
102
{ACAD_REACTORS
330
C
102
}
330
C
100
AcDbDictionary
281
     1
  0
ACDBDICTIONARYWDFLT
  5
E
102
{ACAD_REACTORS
330
C
102
}
330
C
100
AcDbDictionary
281
     1
  3
Normal
350
F
100
AcDbDictionaryWithDefault
340
F
  0
DICTIONARY
  5
42
102
{ACAD_REACTORS
330
C
102
}
330
C
100
AcDbDictionary
281
     1
  3
A0
350
43
  3
A1
350
44
  3
A2
350
45
  3
A3
350
46
  3
A4
350
47
  3
A5
350
48
  3
A6
350
49
  3
A7
350
4A
  3
A8
350
4B
  3
A9
350
4C
  3
B0
350
4D
  3
B1
350
4E
  3
B2
350
4F
  3
B3
350
50
  3
B4
350
51
  3
B5
350
52
  3
B6
350
53
  0
DICTIONARY
  5
68
102
{ACAD_REACTORS
330
C
102
}
330
C
100
AcDbDictionary
281
     1
  3
Imperial24
350
69
  3
Metric50
350
AC5
  0
DICTIONARY
  5
64
102
{ACAD_REACTORS
330
C
102
}
330
C
100
AcDbDictionary
281
     1
  3
Standard
350
65
  0
DICTIONARY
  5
29
102
{ACAD_REACTORS
330
C
102
}
330
C
100
AcDbDictionary
281
     1
  3
2dWireframe
350
2F
  3
Basic
350
2E
  3
Brighten
350
35
  3
ColorChange
350
39
  3
Conceptual
350
32
  3
Dim
350
34
  3
EdgeColorOff
350
41
  3
Facepattern
350
38
  3
Flat
350
2A
  3
FlatWithEdges
350
2B
  3
Gouraud
350
2C
  3
GouraudWithEdges
350
2D
  3
Hidden
350
31
  3
JitterOff
350
3F
  3
Linepattern
350
37
  3
OverhangOff
350
40
  3
Realistic
350
33
  3
Shaded
350
3E
  3
Shaded with edges
350
3D
  3
Shades of Gray
350
3A
  3
Sketchy
350
3B
  3
Thicken
350
36
  3
Wireframe
350
30
  3
X-Ray
350
3C
  0
XRECORD
  5
E368
102
{ACAD_REACTORS
330
C
102
}
330
C
100
AcDbXrecord
280
     1
 90
        1
330
65
  0
DICTIONARY
  5
2B2F
102
{ACAD_REACTORS
330
C
102
}
330
C
100
AcDbDictionary
281
     1
  3
CANNOSCALE
350
2B34
  3
CMLEADERSTYLE
350
2B31
  3
CTABLESTYLE
350
2B30
  3
CVIEWDETAILSTYLE
350
2B32
  3
CVIEWSECTIONSTYLE
350
2B33
  3
DIMLAYER
350
9EBE
  3
HPCOLOR
350
9DCC
  3
HPTRANSPARENCY
350
9DCB
  0
DICTIONARY
  5
DDEC
102
{ACAD_REACTORS
330
C
102
}
330
C
100
AcDbDictionary
281
     1
  0
DICTIONARY
  5
DD4A
330
C
100
AcDbDictionary
280
     1
281
     1
  3
WRITTEN_BY_EZDXF
360
DD4B
  0
DICTIONARY
  5
AB4
102
{ACAD_REACTORS
330
C
102
}
330
C
100
AcDbDictionary
281
     1
  3
DRAWING_TOOL
350
ABA
  3
REVIT_CATEGORY_MAPPING
350
AB8
  3
REVIT_GET_SITE
350
AB5
  3
REVIT_SUB_CATEGORY_MAPPING
350
AB9
  3
REVIT_TYPE_MAPPING
350
AB7
  0
DICTIONARY
  5
ADB
102
{ACAD_REACTORS
330
ADA
102
}
330
ADA
100
AcDbDictionary
281
     1
  0
SORTENTSTABLE
  5
ABC
102
{ACAD_REACTORS
330
ABB
102
}
330
ABB
100
AcDbSortentsTable
330
70
331
171B
  5
1751
331
171C
  5
1753
331
171E
  5
1756
331
171F
  5
1757
331
1721
  5
175A
331
1722
  5
1779
331
1724
  5
177B
331
1725
  5
177C
331
1727
  5
177E
331
1728
  5
177F
331
172A
  5
1781
331
172B
  5
1782
331
172D
  5
1784
331
172E
  5
1785
331
1730
  5
1787
331
1731
  5
1788
331
1733
  5
178A
331
1734
  5
1798
331
1736
  5
53FC
331
1737
  5
6098
331
1739
  5
609A
331
173A
  5
609B
331
173C
  5
609D
331
173D
  5
609E
331
173F
  5
8E39
331
1740
  5
8E3A
331
1742
  5
915B
331
1743
  5
915C
331
1745
  5
915E
331
1746
  5
915F
331
1748
  5
9161
331
1749
  5
9162
331
182F
  5
918B
331
1830
  5
918C
331
2943
  5
918D
331
912B
  5
918F
331
912C
  5
9190
331
912D
  5
9191
331
912E
  5
9192
331
912F
  5
9193
331
9130
  5
9194
331
9131
  5
9195
331
9132
  5
93C3
331
9135
  5
93C5
331
9136
  5
93C6
331
9137
  5
93C8
331
9138
  5
93C9
331
9139
  5
93CB
331
913A
  5
93CC
331
913B
  5
93CE
331
913C
  5
93CF
331
915E
  5
93D1
331
915F
  5
93D2
331
9160
  5
93D4
331
9389
  5
93D5
331
938A
  5
93D6
331
938B
  5
93D7
331
938C
  5
93D8
331
938D
  5
93D9
331
938E
  5
93DA
331
938F
  5
93DB
331
9390
  5
93DC
331
9392
  5
93DE
331
9393
  5
93DF
331
9395
  5
93E1
331
9396
  5
93E2
331
9398
  5
93E4
331
9399
  5
93E5
331
939B
  5
93E7
331
939C
  5
93E8
331
939E
  5
93EA
331
939F
  5
93EB
331
93A1
  5
93ED
331
93A2
  5
93EE
331
93A4
  5
93F0
331
93A5
  5
93F1
331
93A7
  5
93F3
331
93A8
  5
93F4
331
93AA
  5
93F6
331
93AB
  5
9F8B
331
93AD
  5
9F8D
331
93AE
  5
A004
331
93B0
  5
A044
331
93B1
  5
A06D
331
93B3
  5
A094
331
93B4
  5
A095
331
93B6
  5
A150
331
93B7
  5
A1CC
331
93B9
  5
A1D0
331
93BA
  5
A1D1
331
93BC
  5
A1D8
331
93BD
  5
A204
331
93BF
  5
B84C
331
93C0
  5
B84D
331
9444
  5
B851
331
9445
  5
B852
331
9452
  5
B853
331
9453
  5
B855
331
9A24
  5
B857
331
9A26
  5
B858
331
9DBE
  5
B859
331
9DBF
  5
B85A
331
9FAA
  5
B85B
331
9FE4
  5
B85C
331
A003
  5
B85D
331
A043
  5
B85E
331
A1C0
  5
B85F
331
A1C1
  5
B860
331
A1C6
  5
B861
331
A1C7
  5
B862
331
B82A
  5
B864
331
B82B
  5
B865
331
B82C
  5
B866
331
B82D
  5
B867
331
B82E
  5
B868
331
B82F
  5
B869
331
B830
  5
B86A
331
B831
  5
B86B
331
B832
  5
B86F
331
B833
  5
B870
331
B834
  5
B871
331
B835
  5
B872
331
B836
  5
B873
331
B837
  5
B874
331
B838
  5
B875
331
B839
  5
B876
331
B83A
  5
B877
331
B83B
  5
B878
331
B83C
  5
B87A
331
B83D
  5
B87B
331
B83E
  5
B87C
331
B83F
  5
B87D
331
B840
  5
B87E
331
B841
  5
B87F
331
B842
  5
B880
331
B843
  5
B881
331
B844
  5
B882
331
B845
  5
B883
331
B846
  5
B884
331
B847
  5
B885
331
B848
  5
B886
331
B849
  5
B887
331
B84A
  5
B888
331
B84B
  5
B889
331
B84C
  5
B88A
331
B84D
  5
B88B
331
B84E
  5
B88C
331
B84F
  5
B88D
331
B850
  5
B88E
331
B851
  5
B88F
331
B852
  5
B890
331
B853
  5
B891
331
B854
  5
CEBB
331
B855
  5
CECE
331
B856
  5
CECF
331
B857
  5
CED0
331
B858
  5
CED1
331
B859
  5
CED7
331
B85A
  5
CEEA
331
B85B
  5
CEEB
331
B85C
  5
CEEC
331
B85D
  5
CEED
331
B85E
  5
CEEE
331
B85F
  5
CEEF
331
B860
  5
CEF3
331
B861
  5
CEF4
331
B862
  5
CFEB
331
B863
  5
CFEC
331
B864
  5
CFEE
331
B865
  5
CFF9
331
B866
  5
CFFB
331
B867
  5
CFFC
331
B868
  5
CFFE
331
B869
  5
CFFF
331
B86A
  5
D001
331
B86B
  5
D002
331
B870
  5
174E
331
B871
  5
1754
331
B872
  5
1759
331
B873
  5
177A
331
B874
  5
177D
331
B875
  5
1780
331
B876
  5
1783
331
B877
  5
1786
331
B878
  5
1789
331
B879
  5
53FB
331
B87A
  5
6099
331
B87B
  5
609C
331
B87C
  5
8E38
331
B87D
  5
8E42
331
B87E
  5
915D
331
B87F
  5
9160
331
B880
  5
918A
331
B881
  5
93DD
331
B882
  5
93E0
331
B883
  5
93E3
331
B884
  5
93E6
331
B885
  5
93E9
331
B886
  5
93EC
331
B887
  5
93EF
331
B888
  5
93F2
331
B889
  5
93F5
331
B88A
  5
9F8C
331
B88B
  5
A043
331
B88C
  5
A06E
331
B88D
  5
A13B
331
B88E
  5
A1CE
331
B88F
  5
A1D2
331
B890
  5
B83B
331
B891
  5
B84E
331
CEBB
  5
D003
331
CECE
  5
1733
331
CECF
  5
173C
331
CED0
  5
1742
331
CED1
  5
D008
331
CED2
  5
1745
331
CED3
  5
1748
331
CED4
  5
174B
331
CED5
  5
D00A
331
CED6
  5
D015
331
CED7
  5
D016
331
CEEA
  5
1734
331
CEF0
  5
174C
331
CEF3
  5
D01B
331
CEF4
  5
D01C
331
CEF5
  5
D01E
331
CFEA
  5
D020
331
CFEB
  5
D034
331
CFEC
  5
D048
331
CFED
  5
D04A
331
CFEE
  5
D04C
331
CFFA
  5
D01F
331
CFFC
  5
D021
331
CFFE
  5
D035
331
D000
  5
D049
331
D002
  5
D04B
331
D008
  5
D04D
331
D009
  5
D04E
331
D00A
  5
D04F
331
D016
  5
B863
331
D01C
  5
172E
331
D01E
  5
D050
331
D01F
  5
D051
331
D020
  5
D052
331
D021
  5
D053
331
D035
  5
D009
331
D048
  5
D054
331
D049
  5
D055
331
D04A
  5
D056
331
D04B
  5
D057
331
D04C
  5
D058
331
D04D
  5
D059
331
D04E
  5
D05A
331
D04F
  5
D05B
331
D050
  5
D05C
331
D051
  5
D05D
331
D052
  5
D05E
331
D053
  5
D05F
331
D054
  5
D060
331
D055
  5
D061
331
D056
  5
D062
331
D057
  5
D063
331
D058
  5
D064
331
D059
  5
D065
331
D05A
  5
D066
331
D05B
  5
D067
331
D05C
  5
D068
331
D05D
  5
D069
331
D05E
  5
D06A
331
D05F
  5
D06B
331
D060
  5
D06C
331
D061
  5
D074
331
D062
  5
D075
331
D063
  5
D076
331
D064
  5
D077
331
D065
  5
D078
331
D066
  5
D079
331
D067
  5
D07A
331
D068
  5
D07B
331
D069
  5
D07C
331
D06A
  5
D07D
331
D06B
  5
D07E
331
D06C
  5
D07F
331
D074
  5
D080
331
D075
  5
D081
331
D076
  5
D082
331
D077
  5
D083
331
D078
  5
D087
331
D079
  5
D088
331
D07A
  5
D090
331
D07B
  5
D091
331
D07C
  5
D092
331
D07D
  5
D093
331
D07E
  5
D094
331
D07F
  5
D095
331
D080
  5
D096
331
D081
  5
D098
331
D082
  5
D099
331
D083
  5
D09A
331
D087
  5
D09B
331
D088
  5
D09C
331
D090
  5
D09D
331
D091
  5
D09E
331
D092
  5
D0A0
331
D093
  5
D0A1
331
D094
  5
D0A2
331
D095
  5
D0A3
331
D096
  5
D0A4
331
D098
  5
D0A5
331
D099
  5
D0A6
331
D09A
  5
D0A9
331
D09B
  5
D0AA
331
D09C
  5
D0AB
331
D09D
  5
D0AC
331
D09E
  5
D0AD
331
D0A0
  5
D0B1
331
D0A1
  5
D0B2
331
D0A2
  5
D0B3
331
D0A3
  5
D0B4
331
D0A4
  5
D0B5
331
D0A5
  5
D0B9
331
D0A6
  5
D0BA
331
D0A9
  5
D0BB
331
D0AA
  5
D0BC
331
D0AB
  5
D0BD
331
D0AC
  5
D0C1
331
D0AD
  5
D0C2
331
D0B1
  5
D0C3
331
D0B2
  5
D0C4
331
D0B3
  5
D0C5
331
D0B4
  5
D0C8
331
D0B5
  5
D0C9
331
D0B9
  5
D0CA
331
D0BA
  5
D0CB
331
D0BB
  5
D0CC
331
D0BC
  5
D0CD
331
D0BD
  5
D0CE
331
D0C1
  5
D0D0
331
D0C2
  5
D0D1
331
D0C3
  5
D0D2
331
D0C4
  5
D0D3
331
D0C5
  5
D0D4
331
D0C8
  5
D0D5
331
D0C9
  5
D0D6
331
D0CA
  5
D0D7
331
D0CB
  5
D0D8
331
D0CC
  5
D0D9
331
D0CD
  5
D0DA
331
D0CE
  5
D0DB
331
D0D0
  5
D0DC
331
D0D1
  5
D0DD
331
D0D2
  5
D0DE
331
D0D3
  5
D0DF
331
D0D4
  5
D0E0
331
D0D5
  5
D0E9
331
D0D6
  5
D0EA
331
D0D7
  5
D0EB
331
D0D8
  5
D0EC
331
D0D9
  5
D0ED
331
D0DA
  5
D0EE
331
D0DB
  5
D0EF
331
D0DC
  5
D0F0
331
D0DD
  5
D0F1
331
D0DE
  5
D0F2
331
D0DF
  5
D0F3
331
D0E0
  5
D0F4
331
D0E9
  5
D0F5
331
D0EA
  5
D0F6
331
D0EB
  5
D0F7
331
D0EC
  5
D0F8
331
D0ED
  5
D0F9
331
D0EE
  5
D0FA
331
D0EF
  5
D0FB
331
D0F0
  5
D0FC
331
D0F1
  5
D0FD
331
D0F2
  5
D0FE
331
D0F3
  5
D0FF
331
D0F4
  5
D100
331
D0F5
  5
D101
331
D0F6
  5
D102
331
D0F7
  5
D103
331
D0F8
  5
D104
331
D0F9
  5
D105
331
D0FA
  5
D106
331
D0FB
  5
D107
331
D0FC
  5
D108
331
D0FD
  5
D109
331
D0FE
  5
D10A
331
D0FF
  5
D10B
331
D100
  5
D10C
331
D101
  5
D10D
331
D102
  5
D10E
331
D103
  5
D10F
331
D104
  5
D110
331
D105
  5
D111
331
D106
  5
D112
331
D107
  5
D11C
331
D108
  5
D11D
331
D109
  5
D11E
331
D10A
  5
D11F
331
D10B
  5
D120
331
D10C
  5
D121
331
D10D
  5
D122
331
D10E
  5
D123
331
D10F
  5
D124
331
D110
  5
D125
331
D111
  5
D126
331
D112
  5
D127
331
D11C
  5
D128
331
D11D
  5
D129
331
D11E
  5
D12A
331
D11F
  5
D12B
331
D120
  5
D12C
331
D121
  5
D12D
331
D122
  5
D12E
331
D123
  5
D12F
331
D124
  5
D130
331
D125
  5
D131
331
D126
  5
D132
331
D127
  5
D133
331
D128
  5
D134
331
D129
  5
D135
331
D12A
  5
D741
331
D12B
  5
D748
331
D12C
  5
D758
331
D12D
  5
D761
331
D12E
  5
D772
331
D12F
  5
D779
331
D130
  5
D789
331
D131
  5
D792
331
D132
  5
D7A0
331
D133
  5
D7A9
331
D134
  5
D7C1
331
D135
  5
D7CA
331
D738
  5
D7E9
331
D741
  5
D806
331
D748
  5
D821
331
D750
  5
D84B
331
D758
  5
D865
331
D761
  5
D893
331
D769
  5
D8C0
331
D772
  5
D8D4
331
D779
  5
D8E1
331
D780
  5
D8EA
331
D789
  5
D8FC
331
D792
  5
D909
331
D799
  5
D918
331
D7A0
  5
D919
331
D7A9
  5
D91A
331
D7B4
  5
D91B
331
D7C1
  5
D91E
331
D7CA
  5
D91F
331
D7D3
  5
D920
331
D7DC
  5
D921
331
D7E9
  5
D922
331
D7F4
  5
D923
331
D7FD
  5
D925
331
D806
  5
D926
331
D80F
  5
D928
331
D818
  5
D92B
331
D821
  5
D92D
331
D82A
  5
D92E
331
D833
  5
D930
331
D83E
  5
D932
331
D84B
  5
D933
331
D858
  5
D936
331
D865
  5
DA3D
331
D872
  5
DA3F
331
D87F
  5
DA40
331
D88A
  5
DA42
331
D893
  5
DA44
331
D89C
  5
DA45
331
D8A5
  5
DA47
331
D8AE
  5
DA49
331
D8B7
  5
DA78
331
D8C0
  5
DAA6
331
D8C9
  5
DAA8
331
D8D4
  5
DAA9
331
D8E1
  5
DAAA
331
D8EA
  5
DAAB
331
D8F3
  5
DAAC
331
D8FC
  5
DAAD
331
D909
  5
DAAE
331
D914
  5
DAAF
331
D918
  5
D927
331
D91A
  5
DA3E
331
D91C
  5
DA46
331
D91F
  5
DA77
331
D921
  5
D935
331
D923
  5
D92C
331
D925
  5
DA48
331
D927
  5
DA3C
331
D92B
  5
DA41
331
D92D
  5
D931
331
D92F
  5
DA43
331
D931
  5
D924
331
D933
  5
DAA7
331
D936
  5
D92F
331
DA3D
  5
D7DC
331
DA3F
  5
D7F4
331
DA41
  5
D818
331
DA43
  5
D83E
331
DA45
  5
D858
331
DA47
  5
D87F
331
DA49
  5
D8A5
331
DA77
  5
DAD1
331
DA78
  5
DAD2
331
DAA6
  5
DAD3
331
DAA7
  5
DAD4
331
DAA8
  5
DAD5
331
DAA9
  5
DAE9
331
DAAA
  5
DAEA
331
DAAB
  5
DDEE
331
DAAC
  5
DDEF
331
DAAD
  5
DDF0
331
DAAE
  5
DDF1
331
DAAF
  5
DDF2
331
DAD1
  5
DDF3
331
DAD2
  5
DDF4
331
DAD3
  5
DDF5
331
DAD4
  5
DDF6
331
DAD5
  5
DDF7
331
DAE9
  5
DDF8
331
DAEA
  5
DDF9
331
DDEE
  5
DDFA
331
DDEF
  5
DDFB
331
DDF0
  5
DDFC
331
DDF1
  5
DDFD
331
DDF2
  5
DDFE
331
DDF3
  5
DDFF
331
DDF4
  5
DE00
331
DDF5
  5
DE03
331
DDF6
  5
DE06
331
DDF7
  5
DE09
331
DDF8
  5
DE0C
331
DDF9
  5
DE0F
331
DDFA
  5
DE12
331
DDFB
  5
E02E
331
DDFC
  5
E02F
331
DDFD
  5
E030
331
DDFE
  5
E031
331
DDFF
  5
E032
331
DE00
  5
E033
331
DE03
  5
E034
331
DE06
  5
E035
331
DE09
  5
E036
331
DE0C
  5
E037
331
DE0F
  5
E038
331
DE12
  5
E039
331
E02E
  5
E03A
331
E02F
  5
E03B
331
E030
  5
E03C
331
E031
  5
E03D
331
E032
  5
E03E
331
E033
  5
E03F
331
E034
  5
E040
331
E035
  5
E041
331
E036
  5
E042
331
E037
  5
E043
331
E038
  5
E044
331
E039
  5
E045
331
E03A
  5
E046
331
E03B
  5
E047
331
E03C
  5
E048
331
E03D
  5
E049
331
E03E
  5
E04A
331
E03F
  5
E04B
331
E040
  5
E04C
331
E041
  5
E04D
331
E042
  5
E04E
331
E043
  5
E04F
331
E044
  5
E050
331
E045
  5
E051
331
E046
  5
E052
331
E047
  5
E053
331
E048
  5
E054
331
E049
  5
E055
331
E04A
  5
E056
331
E04B
  5
E057
331
E04C
  5
E058
331
E04D
  5
E059
331
E04E
  5
E05A
331
E04F
  5
E05B
331
E050
  5
E05C
331
E051
  5
E05D
331
E052
  5
E05E
331
E053
  5
E05F
331
E054
  5
E060
331
E055
  5
E061
331
E056
  5
E062
331
E057
  5
E063
331
E058
  5
E064
331
E059
  5
E065
331
E05A
  5
E066
331
E05B
  5
E067
331
E05C
  5
E068
331
E05D
  5
E069
331
E05E
  5
E06A
331
E05F
  5
E06B
331
E060
  5
E06C
331
E061
  5
E06D
331
E062
  5
E06E
331
E063
  5
E06F
331
E064
  5
E070
331
E065
  5
E071
331
E066
  5
E072
331
E067
  5
E073
331
E068
  5
E074
331
E069
  5
E075
331
E06A
  5
E076
331
E06B
  5
E077
331
E06C
  5
E078
331
E06D
  5
E079
331
E06E
  5
E07A
331
E06F
  5
E07B
331
E070
  5
E07C
331
E071
  5
E07D
331
E072
  5
E07E
331
E073
  5
E07F
331
E074
  5
E080
331
E075
  5
E081
331
E076
  5
E082
331
E077
  5
E083
331
E078
  5
E084
331
E079
  5
E085
331
E07A
  5
E086
331
E07B
  5
E087
331
E07C
  5
E088
331
E07D
  5
E089
331
E07E
  5
E08A
331
E07F
  5
E08B
331
E080
  5
E08C
331
E081
  5
E08D
331
E082
  5
E08E
331
E083
  5
E08F
331
E084
  5
E090
331
E085
  5
E091
331
E086
  5
E092
331
E087
  5
E093
331
E088
  5
E094
331
E089
  5
E095
331
E08A
  5
E096
331
E08B
  5
E097
331
E08C
  5
E098
331
E08D
  5
E099
331
E08E
  5
E09A
331
E08F
  5
E09B
331
E090
  5
E09C
331
E091
  5
E09D
331
E092
  5
E09E
331
E093
  5
E09F
331
E094
  5
E0A0
331
E095
  5
E0A1
331
E096
  5
E0A2
331
E097
  5
E0A3
331
E098
  5
E0A4
331
E099
  5
E0A5
331
E09A
  5
E0A6
331
E09B
  5
E0A7
331
E09C
  5
E0A8
331
E09D
  5
E0A9
331
E09E
  5
E0AA
331
E09F
  5
E0AB
331
E0A0
  5
E0AC
331
E0A1
  5
E0AD
331
E0A2
  5
E0AE
331
E0A3
  5
E0AF
331
E0A4
  5
E0B0
331
E0A5
  5
E0B1
331
E0A6
  5
E0B2
331
E0A7
  5
E0B3
331
E0A8
  5
E0B4
331
E0A9
  5
E0B5
331
E0AA
  5
E0B6
331
E0AB
  5
E0B7
331
E0AC
  5
E0B8
331
E0AD
  5
E0B9
331
E0AE
  5
E0BA
331
E0AF
  5
E0BB
331
E0B0
  5
E0BC
331
E0B1
  5
E0BD
331
E0B2
  5
E0BE
331
E0B3
  5
E0BF
331
E0B4
  5
E0C0
331
E0B5
  5
E0C1
331
E0B6
  5
E0C2
331
E0B7
  5
E0C3
331
E0B8
  5
E0C4
331
E0B9
  5
E0C5
331
E0BA
  5
E0C6
331
E0BB
  5
E0C7
331
E0BC
  5
E0C8
331
E0BD
  5
E0C9
331
E0BE
  5
E0CA
331
E0BF
  5
E0CB
331
E0C0
  5
E0CC
331
E0C1
  5
E0CD
331
E0C2
  5
E0CE
331
E0C3
  5
E0CF
331
E0C4
  5
E0D0
331
E0C5
  5
E0D1
331
E0C6
  5
E0D2
331
E0C7
  5
E0D3
331
E0C8
  5
E0D4
331
E0C9
  5
E0D5
331
E0CA
  5
E0D6
331
E0CB
  5
E0D7
331
E0CC
  5
E0D8
331
E0CD
  5
E0D9
331
E0CE
  5
E0DA
331
E0CF
  5
E0DB
331
E0D0
  5
E0DC
331
E0D1
  5
E0DD
331
E0D2
  5
E0DE
331
E0D3
  5
E0DF
331
E0D4
  5
E0E0
331
E0D5
  5
E0E1
331
E0D6
  5
E0E2
331
E0D7
  5
E0E3
331
E0D8
  5
E0E4
331
E0D9
  5
E0E5
331
E0DA
  5
E0E6
331
E0DB
  5
E0E7
331
E0DC
  5
E0E8
331
E0DD
  5
E0E9
331
E0DE
  5
E0EA
331
E0DF
  5
E0EB
331
E0E0
  5
E0EC
331
E0E1
  5
E0ED
331
E0E2
  5
E0EE
331
E0E3
  5
E0EF
331
E0E4
  5
E0F0
331
E0E5
  5
E0F1
331
E0E6
  5
E0F2
331
E0E7
  5
E0F3
331
E0E8
  5
E0F4
331
E0E9
  5
E0F5
331
E0EA
  5
E0F6
331
E0EB
  5
E0F7
331
E0EC
  5
E0F8
331
E0ED
  5
E0F9
331
E0EE
  5
E0FA
331
E0EF
  5
E0FB
331
E0F0
  5
E0FC
331
E0F1
  5
E0FD
331
E0F2
  5
E0FE
331
E0F3
  5
E0FF
331
E0F4
  5
E100
331
E0F5
  5
E101
331
E0F6
  5
E102
331
E0F7
  5
E103
331
E0F8
  5
E104
331
E0F9
  5
E105
331
E0FA
  5
E106
331
E0FB
  5
E107
331
E0FC
  5
E108
331
E0FD
  5
E109
331
E0FE
  5
E10A
331
E0FF
  5
E10B
331
E100
  5
E10C
331
E101
  5
E10D
331
E102
  5
E10E
331
E103
  5
E10F
331
E104
  5
E110
331
E105
  5
E111
331
E106
  5
E112
331
E107
  5
E113
331
E108
  5
E114
331
E109
  5
E115
331
E10A
  5
E116
331
E10B
  5
E117
331
E10C
  5
E118
331
E10D
  5
E119
331
E10E
  5
E11A
331
E10F
  5
E11B
331
E110
  5
E11C
331
E111
  5
E11D
331
E112
  5
E11E
331
E113
  5
E11F
331
E114
  5
E120
331
E115
  5
E121
331
E116
  5
E122
331
E117
  5
E123
331
E118
  5
E124
331
E119
  5
E125
331
E11A
  5
E126
331
E11B
  5
E127
331
E11C
  5
E128
331
E11D
  5
E129
331
E11E
  5
E12A
331
E11F
  5
E12B
331
E120
  5
E12C
331
E121
  5
E12D
331
E122
  5
E12E
331
E123
  5
E12F
331
E124
  5
E130
331
E125
  5
E131
331
E126
  5
E132
331
E127
  5
E133
331
E128
  5
E134
331
E129
  5
E135
331
E12A
  5
E136
331
E12B
  5
E137
331
E12C
  5
E138
331
E12D
  5
E139
331
E12E
  5
E13A
331
E12F
  5
E13B
331
E130
  5
E13C
331
E131
  5
E13D
331
E132
  5
E13E
331
E133
  5
E13F
331
E134
  5
E140
331
E135
  5
E141
331
E136
  5
E142
331
E137
  5
E143
331
E138
  5
E144
331
E139
  5
E145
331
E13A
  5
E147
331
E13B
  5
E149
331
E13C
  5
E14F
331
E13D
  5
E223
331
E13E
  5
E224
331
E13F
  5
E225
331
E140
  5
E226
331
E141
  5
E227
331
E142
  5
E228
331
E143
  5
E229
331
E144
  5
E272
331
E145
  5
E273
331
E147
  5
E274
331
E149
  5
E275
331
E14F
  5
E276
331
E223
  5
E277
331
E224
  5
E278
331
E225
  5
E279
331
E226
  5
E27A
331
E227
  5
E27B
331
E228
  5
E27C
331
E229
  5
E27D
331
E273
  5
1743
331
E275
  5
1746
331
E277
  5
1749
331
E279
  5
1731
331
E27B
  5
1739
331
E27D
  5
1740
  0
DIMASSOC
  5
DE02
102
{ACAD_REACTORS
330
DE01
102
}
330
DE01
100
AcDbDimAssoc
330
DE00
 90
        3
 70
     0
 71
     0
  1
AcDbOsnapPointRef
 72
    10
331
DDF3
 73
     2
 91
        0
 40
0.9803413079163556
 10
0.0
 20
0.0
 30
0.0
 75
     0
  1
AcDbOsnapPointRef
 72
     8
331
DDF1
 73
     2
 91
        0
 40
0.980341307916356
 10
0.0
 20
0.0
 30
0.0
 75
     1
  1
AcDbOsnapPointRef
 72
    10
331
DDF3
 73
     2
 91
        0
 40
0.9803413079163556
 10
0.0
 20
0.0
 30
0.0
 75
     0
  0
DIMASSOC
  5
DE05
102
{ACAD_REACTORS
330
DE04
102
}
330
DE04
100
AcDbDimAssoc
330
DE03
 90
        3
 70
     0
 71
     0
  1
AcDbOsnapPointRef
 72
    10
331
DDF3
 73
     2
 91
        0
 40
0.9803413079163556
 10
0.0
 20
0.0
 30
0.0
 75
     0
  1
AcDbOsnapPointRef
 72
     8
331
DDF5
 73
     2
 91
        0
 40
0.9761872329718071
 10
0.0
 20
0.0
 30
0.0
 75
     1
  1
AcDbOsnapPointRef
 72
     0
 40
0.0
 10
-55016.31206472715
 20
3000.000000000005
 30
0.0
 75
     0
  0
DIMASSOC
  5
DE08
102
{ACAD_REACTORS
330
DE07
102
}
330
DE07
100
AcDbDimAssoc
330
DE06
 90
        3
 70
     0
 71
     0
  1
AcDbOsnapPointRef
 72
     8
331
DDF5
 73
     2
 91
        0
 40
0.9761872329718071
 10
0.0
 20
0.0
 30
0.0
 75
     1
  1
AcDbOsnapPointRef
 72
     0
 40
0.0
 10
-54875.33002475528
 20
11000.0
 30
0.0
 75
     0
  1
AcDbOsnapPointRef
 72
     8
331
DDF7
 73
     2
 91
        0
 40
0.9761872329718082
 10
0.0
 20
0.0
 30
0.0
 75
     1
  1
AcDbOsnapPointRef
 72
     0
 40
0.0
 10
-54875.33002475528
 20
8000.000000000005
 30
0.0
 75
     0
  0
DIMASSOC
  5
DE0B
102
{ACAD_REACTORS
330
DE0A
102
}
330
DE0A
100
AcDbDimAssoc
330
DE09
 90
        3
 70
     0
 71
     0
  1
AcDbOsnapPointRef
 72
     8
331
DDF7
 73
     2
 91
        0
 40
0.9761872329718082
 10
0.0
 20
0.0
 30
0.0
 75
     1
  1
AcDbOsnapPointRef
 72
     0
 40
0.0
 10
-54875.33002475528
 20
15000.0
 30
0.0
 75
     0
  1
AcDbOsnapPointRef
 72
     8
331
DDFF
 73
     2
 91
        0
 40
0.9761872329718071
 10
0.0
 20
0.0
 30
0.0
 75
     1
  1
AcDbOsnapPointRef
 72
     0
 40
0.0
 10
-54875.33002475528
 20
11000.0
 30
0.0
 75
     0
  0
DIMASSOC
  5
DE0E
102
{ACAD_REACTORS
330
DE0D
102
}
330
DE0D
100
AcDbDimAssoc
330
DE0C
 90
        3
 70
     0
 71
     0
  1
AcDbOsnapPointRef
 72
     8
331
DDFF
 73
     2
 91
        0
 40
0.9761872329718071
 10
0.0
 20
0.0
 30
0.0
 75
     1
  1
AcDbOsnapPointRef
 72
     0
 40
0.0
 10
-54875.33002475528
 20
18000.0
 30
0.0
 75
     0
  1
AcDbOsnapPointRef
 72
     8
331
DDFD
 73
     2
 91
        0
 40
0.9761872329718082
 10
0.0
 20
0.0
 30
0.0
 75
     1
  1
AcDbOsnapPointRef
 72
     0
 40
0.0
 10
-54875.33002475528
 20
15000.0
 30
0.0
 75
     0
  0
DIMASSOC
  5
DE11
102
{ACAD_REACTORS
330
DE10
102
}
330
DE10
100
AcDbDimAssoc
330
DE0F
 90
        3
 70
     0
 71
     0
  1
AcDbOsnapPointRef
 72
     8
331
DDFD
 73
     2
 91
        0
 40
0.9761872329718082
 10
0.0
 20
0.0
 30
0.0
 75
     1
  1
AcDbOsnapPointRef
 72
     0
 40
0.0
 10
-54875.33002475525
 20
23000.0
 30
0.0
 75
     0
  1
AcDbOsnapPointRef
 72
     8
331
DDFB
 73
     2
 91
        0
 40
0.9761872329718077
 10
0.0
 20
0.0
 30
0.0
 75
     1
  1
AcDbOsnapPointRef
 72
     0
 40
0.0
 10
-54875.33002475528
 20
18000.0
 30
0.0
 75
     0
  0
DIMASSOC
  5
DE14
102
{ACAD_REACTORS
330
DE13
102
}
330
DE13
100
AcDbDimAssoc
330
DE12
 90
        3
 70
     0
 71
     0
  1
AcDbOsnapPointRef
 72
     8
331
DDFB
 73
     2
 91
        0
 40
0.9761872329718077
 10
0.0
 20
0.0
 30
0.0
 75
     1
  1
AcDbOsnapPointRef
 72
     0
 40
0.0
 10
-54875.33002475528
 20
26299.99999999999
 30
0.0
 75
     0
  1
AcDbOsnapPointRef
 72
     8
331
DDF9
 73
     2
 91
        0
 40
0.9761872329718091
 10
0.0
 20
0.0
 30
0.0
 75
     1
  1
AcDbOsnapPointRef
 72
     0
 40
0.0
 10
-54875.33002475525
 20
23000.0
 30
0.0
 75
     0
  0
ACDBDETAILVIEWSTYLE
  5
6B
102
{ACAD_REACTORS
330
6A
102
}
330
6A
100
AcDbModelDocViewStyle
 70
     0
  3
Imperial24
290
     0
300
Imperial24
 90
        0
100
AcDbDetailViewStyle
 70
     0
 71
     0
 90
        3
 71
     1
340
55
 62
   256
 40
0.24
340
0
 62
   256
 40
0.24
300

 40
0.36
280
     3
 71
     2
340
5D
 90
       25
 62
   256
 71
     3
340
55
 62
   256
 40
0.24
 90
        1
 40
0.75
 90
        1
300
%<\AcVar ViewType \f "%tc1">% %<\AcVar ViewDetailId>%\PSCALE %<\AcVar ViewScale \f "%sn">%
 71
     4
340
5D
 90
       25
 62
   256
340
5D
 90
       25
 62
   256
280
     0
  0
ACDBDETAILVIEWSTYLE
  5
AC6
102
{ACAD_REACTORS
330
6A
102
}
330
6A
100
AcDbModelDocViewStyle
 70
     0
  3
Metric50
290
     0
300
Metric50
 90
        0
100
AcDbDetailViewStyle
 70
     0
 71
     0
 90
        3
 71
     1
340
55
 62
   256
 40
5.0
340
0
 62
   256
 40
5.0
300

 40
0.0
280
     1
 71
     2
340
5D
 90
       25
 62
   256
 71
     3
340
55
 62
   256
 40
5.0
 90
        0
 40
15.0
 90
        1
300
%<\AcVar ViewDetailId>% (%<\AcVar ViewScale \f "%sn">%)
 71
     4
340
5D
 90
       25
 62
   256
340
5D
 90
       25
 62
   256
280
     0
  0
LAYOUT
  5
6F
102
{ACAD_REACTORS
330
62
102
}
330
62
100
AcDbPlotSettings
  1

  2
AnyDesk Printer
  4

  6

 40
0.0
 41
0.0
 42
0.0
 43
0.0
 44
0.0
 45
0.0
 46
0.0
 47
0.0
 48
0.0
 49
0.0
140
0.0
141
0.0
142
1.0
143
1.0
 70
   688
 72
     0
 73
     0
 74
     5
  7

 75
    16
147
1.0
 76
     0
 77
     2
 78
   300
148
0.0
149
0.0
100
AcDbLayout
  1
Layout1
 70
     1
 71
     1
 10
0.0
 20
0.0
 11
12.0
 21
9.0
 12
0.0
 22
0.0
 32
0.0
 14
1.000000000000000E+20
 24
1.000000000000000E+20
 34
1.000000000000000E+20
 15
-1.000000000000000E+20
 25
-1.000000000000000E+20
 35
-1.000000000000000E+20
146
0.0
 13
0.0
 23
0.0
 33
0.0
 16
1.0
 26
0.0
 36
0.0
 17
0.0
 27
1.0
 37
0.0
 76
     0
330
6C
  0
LAYOUT
  5
77
102
{ACAD_REACTORS
330
62
102
}
330
62
100
AcDbPlotSettings
  1

  2
AnyDesk Printer
  4

  6

 40
0.0
 41
0.0
 42
0.0
 43
0.0
 44
0.0
 45
0.0
 46
0.0
 47
0.0
 48
0.0
 49
0.0
140
0.0
141
0.0
142
1.0
143
1.0
 70
   688
 72
     0
 73
     0
 74
     5
  7

 75
    16
147
1.0
 76
     0
 77
     2
 78
   300
148
0.0
149
0.0
100
AcDbLayout
  1
Layout2
 70
     1
 71
     2
 10
0.0
 20
0.0
 11
12.0
 21
9.0
 12
0.0
 22
0.0
 32
0.0
 14
0.0
 24
0.0
 34
0.0
 15
0.0
 25
0.0
 35
0.0
146
0.0
 13
0.0
 23
0.0
 33
0.0
 16
1.0
 26
0.0
 36
0.0
 17
0.0
 27
1.0
 37
0.0
 76
     0
330
74
  0
LAYOUT
  5
73
102
{ACAD_REACTORS
330
62
102
}
330
62
100
AcDbPlotSettings
  1

  2
AnyDesk Printer
  4

  6

 40
0.0
 41
0.0
 42
0.0
 43
0.0
 44
0.0
 45
0.0
 46
0.0
 47
0.0
 48
0.0
 49
0.0
140
0.0
141
0.0
142
1.0
143
1.0
 70
  1712
 72
     0
 73
     0
 74
     0
  7

 75
     0
147
1.0
 76
     0
 77
     2
 78
   300
148
0.0
149
0.0
100
AcDbLayout
  1
Model
 70
     1
 71
     0
 10
0.0
 20
0.0
 11
12.0
 21
9.0
 12
0.0
 22
0.0
 32
0.0
 14
0.0
 24
0.0
 34
0.0
 15
0.0
 25
0.0
 35
0.0
146
0.0
 13
0.0
 23
0.0
 33
0.0
 16
1.0
 26
0.0
 36
0.0
 17
0.0
 27
1.0
 37
0.0
 76
     0
330
70
331
57
  0
MATERIAL
  5
19
102
{ACAD_XDICTIONARY
360
1A
102
}
102
{ACAD_REACTORS
330
10
102
}
330
10
100
AcDbMaterial
  1
ByBlock
 91
-1023410177
 73
     1
 43
0.0208333333333333
 43
0.0
 43
0.0
 43
0.0
 43
0.0
 43
0.0208333333333333
 43
0.0
 43
0.0
 43
0.0
 43
0.0
 43
1.0
 43
0.0
 43
0.0
 43
0.0
 43
0.0
 43
1.0
 78
     1
 47
0.0208333333333333
 47
0.0
 47
0.0
 47
0.0
 47
0.0
 47
0.0208333333333333
 47
0.0
 47
0.0
 47
0.0
 47
0.0
 47
1.0
 47
0.0
 47
0.0
 47
0.0
 47
0.0
 47
1.0
172
     1
 49
0.0208333333333333
 49
0.0
 49
0.0
 49
0.0
 49
0.0
 49
0.0208333333333333
 49
0.0
 49
0.0
 49
0.0
 49
0.0
 49
1.0
 49
0.0
 49
0.0
 49
0.0
 49
0.0
 49
1.0
176
     1
142
0.0208333333333333
142
0.0
142
0.0
142
0.0
142
0.0
142
0.0208333333333333
142
0.0
142
0.0
142
0.0
142
0.0
142
1.0
142
0.0
142
0.0
142
0.0
142
0.0
142
1.0
270
     1
144
0.0208333333333333
144
0.0
144
0.0
144
0.0
144
0.0
144
0.0208333333333333
144
0.0
144
0.0
144
0.0
144
0.0
144
1.0
144
0.0
144
0.0
144
0.0
144
0.0
144
1.0
273
     1
274
     1
147
0.0208333333333333
147
0.0
147
0.0
147
0.0
147
0.0
147
0.0208333333333333
147
0.0
147
0.0
147
0.0
147
0.0
147
1.0
147
0.0
147
0.0
147
0.0
147
0.0
147
1.0
 94
       63
  0
MATERIAL
  5
11
102
{ACAD_XDICTIONARY
360
12
102
}
102
{ACAD_REACTORS
330
10
102
}
330
10
100
AcDbMaterial
  1
ByLayer
 91
-1023410177
 73
     1
 43
0.0208333333333333
 43
0.0
 43
0.0
 43
0.0
 43
0.0
 43
0.0208333333333333
 43
0.0
 43
0.0
 43
0.0
 43
0.0
 43
1.0
 43
0.0
 43
0.0
 43
0.0
 43
0.0
 43
1.0
 78
     1
 47
0.0208333333333333
 47
0.0
 47
0.0
 47
0.0
 47
0.0
 47
0.0208333333333333
 47
0.0
 47
0.0
 47
0.0
 47
0.0
 47
1.0
 47
0.0
 47
0.0
 47
0.0
 47
0.0
 47
1.0
172
     1
 49
0.0208333333333333
 49
0.0
 49
0.0
 49
0.0
 49
0.0
 49
0.0208333333333333
 49
0.0
 49
0.0
 49
0.0
 49
0.0
 49
1.0
 49
0.0
 49
0.0
 49
0.0
 49
0.0
 49
1.0
176
     1
142
0.0208333333333333
142
0.0
142
0.0
142
0.0
142
0.0
142
0.0208333333333333
142
0.0
142
0.0
142
0.0
142
0.0
142
1.0
142
0.0
142
0.0
142
0.0
142
0.0
142
1.0
270
     1
144
0.0208333333333333
144
0.0
144
0.0
144
0.0
144
0.0
144
0.0208333333333333
144
0.0
144
0.0
144
0.0
144
0.0
144
1.0
144
0.0
144
0.0
144
0.0
144
0.0
144
1.0
273
     1
274
     1
147
0.0208333333333333
147
0.0
147
0.0
147
0.0
147
0.0
147
0.0208333333333333
147
0.0
147
0.0
147
0.0
147
0.0
147
1.0
147
0.0
147
0.0
147
0.0
147
0.0
147
1.0
 94
       63
  0
MATERIAL
  5
21
102
{ACAD_XDICTIONARY
360
22
102
}
102
{ACAD_REACTORS
330
10
102
}
330
10
100
AcDbMaterial
  1
Global
 91
-1023410177
 73
     1
 43
0.0208333333333333
 43
0.0
 43
0.0
 43
0.0
 43
0.0
 43
0.0208333333333333
 43
0.0
 43
0.0
 43
0.0
 43
0.0
 43
1.0
 43
0.0
 43
0.0
 43
0.0
 43
0.0
 43
1.0
 78
     1
 47
0.0208333333333333
 47
0.0
 47
0.0
 47
0.0
 47
0.0
 47
0.0208333333333333
 47
0.0
 47
0.0
 47
0.0
 47
0.0
 47
1.0
 47
0.0
 47
0.0
 47
0.0
 47
0.0
 47
1.0
172
     1
 49
0.0208333333333333
 49
0.0
 49
0.0
 49
0.0
 49
0.0
 49
0.0208333333333333
 49
0.0
 49
0.0
 49
0.0
 49
0.0
 49
1.0
 49
0.0
 49
0.0
 49
0.0
 49
0.0
 49
1.0
176
     1
142
0.0208333333333333
142
0.0
142
0.0
142
0.0
142
0.0
142
0.0208333333333333
142
0.0
142
0.0
142
0.0
142
0.0
142
1.0
142
0.0
142
0.0
142
0.0
142
0.0
142
1.0
270
     1
144
0.0208333333333333
144
0.0
144
0.0
144
0.0
144
0.0
144
0.0208333333333333
144
0.0
144
0.0
144
0.0
144
0.0
144
1.0
144
0.0
144
0.0
144
0.0
144
0.0
144
1.0
273
     1
274
     1
147
0.0208333333333333
147
0.0
147
0.0
147
0.0
147
0.0
147
0.0208333333333333
147
0.0
147
0.0
147
0.0
147
0.0
147
1.0
147
0.0
147
0.0
147
0.0
147
0.0
147
1.0
 94
       63
  0
MLEADERSTYLE
  5
67
102
{ACAD_REACTORS
330
66
102
}
330
66
100
AcDbMLeaderStyle
179
     2
170
     2
171
     1
172
     0
 90
        2
 40
0.0
 41
0.0
173
     1
 91
-1056964608
340
5B
 92
       -2
290
     1
 42
0.09
291
     1
 43
0.36
  3
Standard
 44
0.18
300

342
55
174
     1
178
     6
175
     1
176
     0
 93
-1056964608
 45
0.18
292
     0
297
     0
 46
0.18
 94
-1056964608
 47
1.0
 49
1.0
140
1.0
293
     1
141
0.0
294
     1
177
     0
142
1.0
295
     0
296
     0
143
0.125
271
     0
272
     9
273
     9
298
     1
  0
MLINESTYLE
  5
60
102
{ACAD_REACTORS
330
5F
102
}
330
5F
100
AcDbMlineStyle
  2
STANDARD
 70
     0
  3

 62
   256
 51
90.0
 52
90.0
 71
     2
 49
0.5
 62
   256
  6
BYLAYER
 49
-0.5
 62
   256
  6
BYLAYER
  0
ACDBPLACEHOLDER
  5
F
102
{ACAD_REACTORS
330
E
102
}
330
E
  0
SCALE
  5
43
102
{ACAD_REACTORS
330
42
102
}
330
42
100
AcDbScale
 70
     0
300
1:1
140
1.0
141
1.0
290
     1
  0
SCALE
  5
44
102
{ACAD_REACTORS
330
42
102
}
330
42
100
AcDbScale
 70
     0
300
1/128" = 1'-0"
140
0.0078125
141
12.0
290
     0
  0
SCALE
  5
45
102
{ACAD_REACTORS
330
42
102
}
330
42
100
AcDbScale
 70
     0
300
1/64" = 1'-0"
140
0.015625
141
12.0
290
     0
  0
SCALE
  5
46
102
{ACAD_REACTORS
330
42
102
}
330
42
100
AcDbScale
 70
     0
300
1/32" = 1'-0"
140
0.03125
141
12.0
290
     0
  0
SCALE
  5
47
102
{ACAD_REACTORS
330
42
102
}
330
42
100
AcDbScale
 70
     0
300
1/16" = 1'-0"
140
0.0625
141
12.0
290
     0
  0
SCALE
  5
48
102
{ACAD_REACTORS
330
42
102
}
330
42
100
AcDbScale
 70
     0
300
3/32" = 1'-0"
140
0.09375
141
12.0
290
     0
  0
SCALE
  5
49
102
{ACAD_REACTORS
330
42
102
}
330
42
100
AcDbScale
 70
     0
300
1/8" = 1'-0"
140
0.125
141
12.0
290
     0
  0
SCALE
  5
4A
102
{ACAD_REACTORS
330
42
102
}
330
42
100
AcDbScale
 70
     0
300
3/16" = 1'-0"
140
0.1875
141
12.0
290
     0
  0
SCALE
  5
4B
102
{ACAD_REACTORS
330
42
102
}
330
42
100
AcDbScale
 70
     0
300
1/4" = 1'-0"
140
0.25
141
12.0
290
     0
  0
SCALE
  5
4C
102
{ACAD_REACTORS
330
42
102
}
330
42
100
AcDbScale
 70
     0
300
3/8" = 1'-0"
140
0.375
141
12.0
290
     0
  0
SCALE
  5
4D
102
{ACAD_REACTORS
330
42
102
}
330
42
100
AcDbScale
 70
     0
300
1/2" = 1'-0"
140
0.5
141
12.0
290
     0
  0
SCALE
  5
4E
102
{ACAD_REACTORS
330
42
102
}
330
42
100
AcDbScale
 70
     0
300
3/4" = 1'-0"
140
0.75
141
12.0
290
     0
  0
SCALE
  5
4F
102
{ACAD_REACTORS
330
42
102
}
330
42
100
AcDbScale
 70
     0
300
1" = 1'-0"
140
1.0
141
12.0
290
     0
  0
SCALE
  5
50
102
{ACAD_REACTORS
330
42
102
}
330
42
100
AcDbScale
 70
     0
300
1-1/2" = 1'-0"
140
1.5
141
12.0
290
     0
  0
SCALE
  5
51
102
{ACAD_REACTORS
330
42
102
}
330
42
100
AcDbScale
 70
     0
300
3" = 1'-0"
140
3.0
141
12.0
290
     0
  0
SCALE
  5
52
102
{ACAD_REACTORS
330
42
102
}
330
42
100
AcDbScale
 70
     0
300
6" = 1'-0"
140
6.0
141
12.0
290
     0
  0
SCALE
  5
53
102
{ACAD_REACTORS
330
42
102
}
330
42
100
AcDbScale
 70
     0
300
1'-0" = 1'-0"
140
12.0
141
12.0
290
     0
  0
ACDBSECTIONVIEWSTYLE
  5
69
102
{ACAD_REACTORS
330
68
102
}
330
68
100
AcDbModelDocViewStyle
 70
     0
  3
Imperial24
290
     0
300
Imperial24
 90
        0
100
AcDbSectionViewStyle
 70
     0
 71
     0
 90
       78
 71
     1
340
55
 62
   256
 40
0.24
340
0
340
0
 62
   256
 40
0.24
300
I, O, Q, S, X, Z
 40
0.48
 90
        3
 40
0.18
 90
        1
 71
     2
340
5D
 90
       25
 62
   256
340
5D
 90
       50
 62
   256
 40
0.24
 40
0.0
 40
0.24
 71
     3
340
55
 62
   256
 40
0.24
 90
        1
 40
0.75
 90
        1
300
%<\AcVar ViewType \f "%tc1">% %<\AcVar ViewSectionStartId>%-%<\AcVar ViewSectionEndId>%\PSCALE %<\AcVar ViewScale \f "%sn">%
 71
     4
 62
   256
 62
   257
300
ANSI31
 40
1.0
 90
        0
290
     0
290
     0
 90
        6
 40
0.0
 40
1.570796326794896
 40
0.2617993877991494
 40
1.308996938995747
 40
-0.2617993877991494
 40
1.832595714594044
  0
ACDBSECTIONVIEWSTYLE
  5
AC5
102
{ACAD_REACTORS
330
68
102
}
330
68
100
AcDbModelDocViewStyle
 70
     0
  3
Metric50
290
     0
300
Metric50
 90
        0
100
AcDbSectionViewStyle
 70
     0
 71
     0
 90
      102
 71
     1
340
55
 62
   256
 40
5.0
340
0
340
0
 62
   256
 40
5.0
300
I, O, Q, S, X, Z
 40
10.0
 90
        0
 40
2.5
 90
        0
 71
     2
340
5D
 90
       25
 62
   256
340
5D
 90
       50
 62
   256
 40
5.0
 40
2.5
 40
5.0
 71
     3
340
55
 62
   256
 40
5.0
 90
        0
 40
15.0
 90
        1
300
%<\AcVar ViewSectionStartId>%-%<\AcVar ViewSectionEndId>% (%<\AcVar ViewScale \f "%sn">%)
 71
     4
 62
   256
 62
   257
300
ANSI31
 40
1.0
 90
        0
290
     0
290
     0
 90
        6
 40
0.0
 40
1.570796326794896
 40
0.2617993877991494
 40
1.308996938995747
 40
-0.2617993877991494
 40
1.832595714594044
  0
TABLESTYLE
  5
65
102
{ACAD_XDICTIONARY
360
ACF
102
}
102
{ACAD_REACTORS
330
64
102
}
330
64
100
AcDbTableStyle
280
     0
  3
Standard
 70
     0
 71
     0
 40
0.06
 41
0.06
280
     0
281
     0
  7
Standard
140
0.18
170
     2
 62
     0
 63
     7
283
     0
 90
      512
 91
        0
  1

274
    -2
284
     1
 64
     0
275
    -2
285
     1
 65
     0
276
    -2
286
     1
 66
     0
277
    -2
287
     1
 67
     0
278
    -2
288
     1
 68
     0
279
    -2
289
     1
 69
     0
  7
Standard
140
0.25
170
     5
 62
     0
 63
     7
283
     0
 90
      512
 91
        0
  1

274
    -2
284
     1
 64
     0
275
    -2
285
     1
 65
     0
276
    -2
286
     1
 66
     0
277
    -2
287
     1
 67
     0
278
    -2
288
     1
 68
     0
279
    -2
289
     1
 69
     0
  7
Standard
140
0.18
170
     5
 62
     0
 63
     7
283
     0
 90
      512
 91
        0
  1

274
    -2
284
     1
 64
     0
275
    -2
285
     1
 65
     0
276
    -2
286
     1
 66
     0
277
    -2
287
     1
 67
     0
278
    -2
288
     1
 68
     0
279
    -2
289
     1
 69
     0
  0
VISUALSTYLE
  5
2F
102
{ACAD_REACTORS
330
29
102
}
330
29
100
AcDbVisualStyle
  2
2dWireframe
 70
     4
177
     3
291
     0
 70
    58
 90
        0
176
     1
 90
        2
176
     1
 90
        0
176
     1
 90
        0
176
     1
 40
0.6
176
     1
 40
30.0
176
     1
 62
     7
420
 16777215
176
     1
 90
        1
176
     1
 90
        4
176
     1
 62
     7
176
     1
 62
   257
176
     1
 90
        1
176
     1
 90
        1
176
     1
 40
1.0
176
     1
 90
        0
176
     1
 62
   257
176
     1
 40
1.0
176
     1
 90
        1
176
     1
 90
        6
176
     1
 90
        2
176
     1
 62
     7
176
     1
 90
        5
176
     1
 90
        0
176
     1
 90
        0
176
     1
290
     0
176
     1
 90
        1
176
     1
 40
0.0
176
     1
 90
        0
176
     1
290
     1
176
     1
290
     1
176
     1
290
     0
176
     1
290
     0
176
     1
290
     0
176
     1
290
     0
176
     1
290
     0
176
     1
290
     0
176
     1
290
     0
176
     1
 90
       50
176
     1
 40
0.0
176
     1
 40
1.0
176
     1
 90
        0
176
     1
 62
    18
176
     1
 90
       50
176
     1
 90
        3
176
     1
 62
     5
420
      255
176
     1
290
     0
176
     1
 90
       50
176
     1
 90
       50
176
     1
 90
       50
176
     1
290
     0
176
     1
 90
       50
176
     1
 62
   256
176
     0
 40
1.0
176
     0
 90
        2
176
     1
  1
strokes_ogs.tif
176
     1
290
     0
176
     1
 40
1.0
176
     1
 40
1.0
176
     1
  0
VISUALSTYLE
  5
2E
102
{ACAD_REACTORS
330
29
102
}
330
29
100
AcDbVisualStyle
  2
Basic
 70
     7
177
     3
291
     1
 70
    58
 90
        1
176
     1
 90
        0
176
     1
 90
        1
176
     1
 90
        0
176
     1
 40
0.6
176
     1
 40
30.0
176
     1
 62
     7
420
 16777215
176
     1
 90
        0
176
     1
 90
        4
176
     1
 62
     7
176
     1
 62
   257
176
     1
 90
        1
176
     1
 90
        1
176
     1
 40
1.0
176
     1
 90
        8
176
     1
 62
     7
176
     1
 40
1.0
176
     1
 90
        1
176
     1
 90
        6
176
     1
 90
        2
176
     1
 62
     7
176
     1
 90
        5
176
     1
 90
        0
176
     1
 90
        0
176
     1
290
     0
176
     1
 90
        1
176
     1
 40
0.0
176
     1
 90
        0
176
     1
290
     0
176
     1
290
     1
176
     1
290
     1
176
     1
290
     0
176
     1
290
     0
176
     1
290
     0
176
     1
290
     0
176
     1
290
     0
176
     1
290
     0
176
     1
 90
       50
176
     1
 40
0.0
176
     1
 40
1.0
176
     1
 90
        0
176
     1
 62
    18
176
     1
 90
       50
176
     1
 90
        3
176
     1
 62
     5
420
      255
176
     1
290
     0
176
     1
 90
       50
176
     1
 90
       50
176
     1
 90
       50
176
     1
290
     0
176
     1
 90
       50
176
     1
 62
   256
176
     0
 40
1.0
176
     0
 90
        2
176
     1
  1
strokes_ogs.tif
176
     1
290
     0
176
     1
 40
1.0
176
     1
 40
1.0
176
     1
  0
VISUALSTYLE
  5
35
102
{ACAD_REACTORS
330
29
102
}
330
29
100
AcDbVisualStyle
  2
Brighten
 70
    12
177
     3
291
     1
 70
    58
 90
        2
176
     1
 90
        2
176
     1
 90
        0
176
     1
 90
        0
176
     1
 40
0.6
176
     1
 40
30.0
176
     1
 62
     7
420
 16777215
176
     1
 90
        1
176
     1
 90
        4
176
     1
 62
     7
176
     1
 62
   257
176
     1
 90
        1
176
     1
 90
        1
176
     1
 40
1.0
176
     1
 90
        8
176
     1
 62
     7
176
     1
 40
1.0
176
     1
 90
        1
176
     1
 90
        6
176
     1
 90
        2
176
     1
 62
     7
176
     1
 90
        5
176
     1
 90
        0
176
     1
 90
        0
176
     1
290
     0
176
     1
 90
        1
176
     1
 40
50.0
176
     1
 90
        0
176
     1
290
     0
176
     1
290
     1
176
     1
290
     1
176
     1
290
     0
176
     1
290
     0
176
     1
290
     0
176
     1
290
     0
176
     1
290
     0
176
     1
290
     0
176
     1
 90
       50
176
     1
 40
0.0
176
     1
 40
1.0
176
     1
 90
        0
176
     1
 62
    18
176
     1
 90
       50
176
     1
 90
        3
176
     1
 62
     5
420
      255
176
     1
290
     0
176
     1
 90
       50
176
     1
 90
       50
176
     1
 90
       50
176
     1
290
     0
176
     1
 90
       50
176
     1
 62
   256
176
     0
 40
1.0
176
     0
 90
        2
176
     1
  1
strokes_ogs.tif
176
     1
290
     0
176
     1
 40
1.0
176
     1
 40
1.0
176
     1
  0
VISUALSTYLE
  5
39
102
{ACAD_REACTORS
330
29
102
}
330
29
100
AcDbVisualStyle
  2
ColorChange
 70
    16
177
     3
291
     1
 70
    58
 90
        2
176
     1
 90
        2
176
     1
 90
        3
176
     1
 90
        0
176
     1
 40
0.6
176
     1
 40
30.0
176
     1
 62
     8
420
  8421504
176
     1
 90
        1
176
     1
 90
        4
176
     1
 62
     7
176
     1
 62
   257
176
     1
 90
        1
176
     1
 90
        1
176
     1
 40
1.0
176
     1
 90
        8
176
     1
 62
     8
420
  8421504
176
     1
 40
1.0
176
     1
 90
        1
176
     1
 90
        6
176
     1
 90
        2
176
     1
 62
     7
176
     1
 90
        5
176
     1
 90
        0
176
     1
 90
        0
176
     1
290
     0
176
     1
 90
        1
176
     1
 40
0.0
176
     1
 90
        0
176
     1
290
     0
176
     1
290
     1
176
     1
290
     1
176
     1
290
     0
176
     1
290
     0
176
     1
290
     0
176
     1
290
     0
176
     1
290
     0
176
     1
290
     0
176
     1
 90
       50
176
     1
 40
0.0
176
     1
 40
1.0
176
     1
 90
        0
176
     1
 62
    18
176
     1
 90
       50
176
     1
 90
        3
176
     1
 62
     5
420
      255
176
     1
290
     0
176
     1
 90
       50
176
     1
 90
       50
176
     1
 90
       50
176
     1
290
     0
176
     1
 90
       50
176
     1
 62
   256
176
     0
 40
1.0
176
     0
 90
        2
176
     1
  1
strokes_ogs.tif
176
     1
290
     0
176
     1
 40
1.0
176
     1
 40
1.0
176
     1
  0
VISUALSTYLE
  5
32
102
{ACAD_REACTORS
330
29
102
}
330
29
100
AcDbVisualStyle
  2
Conceptual
 70
     9
177
     3
291
     0
 70
    58
 90
        3
176
     1
 90
        2
176
     1
 90
        0
176
     1
 90
        0
176
     1
 40
0.6
176
     1
 40
30.0
176
     1
 62
     7
420
 16777215
176
     1
 90
        2
176
     1
 90
        2
176
     1
 62
     7
176
     1
 62
   257
176
     1
 90
        1
176
     1
 90
        1
176
     1
 40
179.0
176
     1
 90
        8
176
     1
 62
     7
176
     1
 40
1.0
176
     1
 90
        1
176
     1
 90
        6
176
     1
 90
        2
176
     1
 62
     7
176
     1
 90
        3
176
     1
 90
        0
176
     1
 90
        0
176
     1
290
     0
176
     1
 90
        1
176
     1
 40
0.0
176
     1
 90
        0
176
     1
290
     0
176
     1
290
     1
176
     1
290
     1
176
     1
290
     0
176
     1
290
     0
176
     1
290
     0
176
     1
290
     0
176
     1
290
     0
176
     1
290
     0
176
     1
 90
       50
176
     1
 40
0.0
176
     1
 40
1.0
176
     1
 90
        0
176
     1
 62
    18
176
     1
 90
       50
176
     1
 90
        3
176
     1
 62
     5
420
      255
176
     1
290
     0
176
     1
 90
       50
176
     1
 90
       50
176
     1
 90
       50
176
     1
290
     0
176
     1
 90
       50
176
     1
 62
   256
176
     0
 40
1.0
176
     0
 90
        2
176
     1
  1
strokes_ogs.tif
176
     1
290
     0
176
     1
 40
1.0
176
     1
 40
1.0
176
     1
  0
VISUALSTYLE
  5
34
102
{ACAD_REACTORS
330
29
102
}
330
29
100
AcDbVisualStyle
  2
Dim
 70
    11
177
     3
291
     1
 70
    58
 90
        2
176
     1
 90
        2
176
     1
 90
        0
176
     1
 90
        0
176
     1
 40
0.6
176
     1
 40
30.0
176
     1
 62
     7
420
 16777215
176
     1
 90
        1
176
     1
 90
        4
176
     1
 62
     7
176
     1
 62
   257
176
     1
 90
        1
176
     1
 90
        1
176
     1
 40
1.0
176
     1
 90
        8
176
     1
 62
     7
176
     1
 40
1.0
176
     1
 90
        1
176
     1
 90
        6
176
     1
 90
        2
176
     1
 62
     7
176
     1
 90
        5
176
     1
 90
        0
176
     1
 90
        0
176
     1
290
     0
176
     1
 90
        1
176
     1
 40
-50.0
176
     1
 90
        0
176
     1
290
     0
176
     1
290
     1
176
     1
290
     1
176
     1
290
     0
176
     1
290
     0
176
     1
290
     0
176
     1
290
     0
176
     1
290
     0
176
     1
290
     0
176
     1
 90
       50
176
     1
 40
0.0
176
     1
 40
1.0
176
     1
 90
        0
176
     1
 62
    18
176
     1
 90
       50
176
     1
 90
        3
176
     1
 62
     5
420
      255
176
     1
290
     0
176
     1
 90
       50
176
     1
 90
       50
176
     1
 90
       50
176
     1
290
     0
176
     1
 90
       50
176
     1
 62
   256
176
     0
 40
1.0
176
     0
 90
        2
176
     1
  1
strokes_ogs.tif
176
     1
290
     0
176
     1
 40
1.0
176
     1
 40
1.0
176
     1
  0
VISUALSTYLE
  5
41
102
{ACAD_REACTORS
330
29
102
}
330
29
100
AcDbVisualStyle
  2
EdgeColorOff
 70
    22
177
     3
291
     1
 70
    58
 90
        2
176
     0
 90
        2
176
     0
 90
        0
176
     0
 90
        0
176
     0
 40
0.6
176
     0
 40
30.0
176
     0
 62
     7
420
 16777215
176
     0
 90
        1
176
     0
 90
        4
176
     0
 62
     7
176
     0
 62
   257
176
     0
 90
        1
176
     0
 90
        1
176
     0
 40
1.0
176
     0
 90
        8
176
     2
 62
     7
176
     0
 40
1.0
176
     0
 90
        1
176
     0
 90
        6
176
     0
 90
        2
176
     0
 62
     7
176
     0
 90
        5
176
     0
 90
        0
176
     0
 90
        0
176
     0
290
     0
176
     0
 90
        1
176
     0
 40
0.0
176
     0
 90
        0
176
     0
290
     0
176
     0
290
     1
176
     0
290
     1
176
     0
290
     0
176
     0
290
     0
176
     0
290
     0
176
     0
290
     0
176
     0
290
     0
176
     0
290
     0
176
     0
 90
       50
176
     0
 40
0.0
176
     0
 40
1.0
176
     0
 90
        0
176
     0
 62
    18
176
     0
 90
       50
176
     0
 90
        3
176
     0
 62
     5
420
      255
176
     0
290
     0
176
     0
 90
       50
176
     0
 90
       50
176
     0
 90
       50
176
     0
290
     0
176
     0
 90
       50
176
     0
 62
   256
176
     0
 40
1.0
176
     0
 90
        2
176
     0
  1
strokes_ogs.tif
176
     0
290
     0
176
     0
 40
1.0
176
     0
 40
1.0
176
     0
  0
VISUALSTYLE
  5
38
102
{ACAD_REACTORS
330
29
102
}
330
29
100
AcDbVisualStyle
  2
Facepattern
 70
    15
177
     3
291
     1
 70
    58
 90
        2
176
     1
 90
        2
176
     1
 90
        0
176
     1
 90
        0
176
     1
 40
0.6
176
     1
 40
30.0
176
     1
 62
     7
420
 16777215
176
     1
 90
        1
176
     1
 90
        4
176
     1
 62
     7
176
     1
 62
   257
176
     1
 90
        1
176
     1
 90
        1
176
     1
 40
1.0
176
     1
 90
        8
176
     1
 62
     7
176
     1
 40
1.0
176
     1
 90
        1
176
     1
 90
        6
176
     1
 90
        2
176
     1
 62
     7
176
     1
 90
        5
176
     1
 90
        0
176
     1
 90
        0
176
     1
290
     0
176
     1
 90
        1
176
     1
 40
0.0
176
     1
 90
        0
176
     1
290
     0
176
     1
290
     1
176
     1
290
     1
176
     1
290
     0
176
     1
290
     0
176
     1
290
     0
176
     1
290
     0
176
     1
290
     0
176
     1
290
     0
176
     1
 90
       50
176
     1
 40
0.0
176
     1
 40
1.0
176
     1
 90
        0
176
     1
 62
    18
176
     1
 90
       50
176
     1
 90
        3
176
     1
 62
     5
420
      255
176
     1
290
     0
176
     1
 90
       50
176
     1
 90
       50
176
     1
 90
       50
176
     1
290
     0
176
     1
 90
       50
176
     1
 62
   256
176
     0
 40
1.0
176
     0
 90
        2
176
     1
  1
strokes_ogs.tif
176
     1
290
     0
176
     1
 40
1.0
176
     1
 40
1.0
176
     1
  0
VISUALSTYLE
  5
2A
102
{ACAD_REACTORS
330
29
102
}
330
29
100
AcDbVisualStyle
  2
Flat
 70
     0
177
     3
291
     1
 70
    58
 90
        2
176
     1
 90
        1
176
     1
 90
        1
176
     1
 90
        2
176
     1
 40
0.6
176
     1
 40
30.0
176
     1
 62
     7
420
 16777215
176
     1
 90
        0
176
     1
 90
        0
176
     1
 62
     7
176
     1
 62
   257
176
     1
 90
        1
176
     1
 90
        1
176
     1
 40
1.0
176
     1
 90
        8
176
     1
 62
     7
176
     1
 40
1.0
176
     1
 90
        1
176
     1
 90
        6
176
     1
 90
        2
176
     1
 62
     7
176
     1
 90
        5
176
     1
 90
        0
176
     1
 90
        0
176
     1
290
     0
176
     1
 90
       13
176
     1
 40
0.0
176
     1
 90
        0
176
     1
290
     0
176
     1
290
     1
176
     1
290
     1
176
     1
290
     0
176
     1
290
     0
176
     1
290
     0
176
     1
290
     0
176
     1
290
     0
176
     1
290
     0
176
     1
 90
       50
176
     1
 40
0.0
176
     1
 40
1.0
176
     1
 90
        0
176
     1
 62
    18
176
     1
 90
       50
176
     1
 90
        3
176
     1
 62
     5
420
      255
176
     1
290
     0
176
     1
 90
       50
176
     1
 90
       50
176
     1
 90
       50
176
     1
290
     0
176
     1
 90
       50
176
     1
 62
   256
176
     0
 40
1.0
176
     0
 90
        2
176
     1
  1
strokes_ogs.tif
176
     1
290
     0
176
     1
 40
1.0
176
     1
 40
1.0
176
     1
  0
VISUALSTYLE
  5
2B
102
{ACAD_REACTORS
330
29
102
}
330
29
100
AcDbVisualStyle
  2
FlatWithEdges
 70
     1
177
     3
291
     1
 70
    58
 90
        2
176
     1
 90
        1
176
     1
 90
        1
176
     1
 90
        2
176
     1
 40
0.6
176
     1
 40
30.0
176
     1
 62
     7
420
 16777215
176
     1
 90
        1
176
     1
 90
        0
176
     1
 62
     7
176
     1
 62
   257
176
     1
 90
        1
176
     1
 90
        1
176
     1
 40
1.0
176
     1
 90
        0
176
     1
 62
   257
176
     1
 40
1.0
176
     1
 90
        1
176
     1
 90
        6
176
     1
 90
        2
176
     1
 62
     7
176
     1
 90
        5
176
     1
 90
        0
176
     1
 90
        0
176
     1
290
     0
176
     1
 90
       13
176
     1
 40
0.0
176
     1
 90
        0
176
     1
290
     0
176
     1
290
     1
176
     1
290
     1
176
     1
290
     0
176
     1
290
     0
176
     1
290
     0
176
     1
290
     0
176
     1
290
     0
176
     1
290
     0
176
     1
 90
       50
176
     1
 40
0.0
176
     1
 40
1.0
176
     1
 90
        0
176
     1
 62
    18
176
     1
 90
       50
176
     1
 90
        3
176
     1
 62
     5
420
      255
176
     1
290
     0
176
     1
 90
       50
176
     1
 90
       50
176
     1
 90
       50
176
     1
290
     0
176
     1
 90
       50
176
     1
 62
   256
176
     0
 40
1.0
176
     0
 90
        2
176
     1
  1
strokes_ogs.tif
176
     1
290
     0
176
     1
 40
1.0
176
     1
 40
1.0
176
     1
  0
VISUALSTYLE
  5
2C
102
{ACAD_REACTORS
330
29
102
}
330
29
100
AcDbVisualStyle
  2
Gouraud
 70
     2
177
     3
291
     1
 70
    58
 90
        2
176
     1
 90
        2
176
     1
 90
        1
176
     1
 90
        2
176
     1
 40
0.6
176
     1
 40
30.0
176
     1
 62
     7
420
 16777215
176
     1
 90
        0
176
     1
 90
        0
176
     1
 62
     7
176
     1
 62
   257
176
     1
 90
        1
176
     1
 90
        1
176
     1
 40
1.0
176
     1
 90
        0
176
     1
 62
     7
176
     1
 40
1.0
176
     1
 90
        1
176
     1
 90
        6
176
     1
 90
        2
176
     1
 62
     7
176
     1
 90
        5
176
     1
 90
        0
176
     1
 90
        0
176
     1
290
     0
176
     1
 90
       13
176
     1
 40
0.0
176
     1
 90
        0
176
     1
290
     0
176
     1
290
     1
176
     1
290
     1
176
     1
290
     0
176
     1
290
     0
176
     1
290
     0
176
     1
290
     0
176
     1
290
     0
176
     1
290
     0
176
     1
 90
       50
176
     1
 40
0.0
176
     1
 40
1.0
176
     1
 90
        0
176
     1
 62
    18
176
     1
 90
       50
176
     1
 90
        3
176
     1
 62
     5
420
      255
176
     1
290
     0
176
     1
 90
       50
176
     1
 90
       50
176
     1
 90
       50
176
     1
290
     0
176
     1
 90
       50
176
     1
 62
   256
176
     0
 40
1.0
176
     0
 90
        2
176
     1
  1
strokes_ogs.tif
176
     1
290
     0
176
     1
 40
1.0
176
     1
 40
1.0
176
     1
  0
VISUALSTYLE
  5
2D
102
{ACAD_REACTORS
330
29
102
}
330
29
100
AcDbVisualStyle
  2
GouraudWithEdges
 70
     3
177
     3
291
     1
 70
    58
 90
        2
176
     1
 90
        2
176
     1
 90
        1
176
     1
 90
        2
176
     1
 40
0.6
176
     1
 40
30.0
176
     1
 62
     7
420
 16777215
176
     1
 90
        1
176
     1
 90
        0
176
     1
 62
     7
176
     1
 62
   257
176
     1
 90
        1
176
     1
 90
        1
176
     1
 40
1.0
176
     1
 90
        0
176
     1
 62
   257
176
     1
 40
1.0
176
     1
 90
        1
176
     1
 90
        6
176
     1
 90
        2
176
     1
 62
     7
176
     1
 90
        5
176
     1
 90
        0
176
     1
 90
        0
176
     1
290
     0
176
     1
 90
       13
176
     1
 40
0.0
176
     1
 90
        0
176
     1
290
     0
176
     1
290
     1
176
     1
290
     1
176
     1
290
     0
176
     1
290
     0
176
     1
290
     0
176
     1
290
     0
176
     1
290
     0
176
     1
290
     0
176
     1
 90
       50
176
     1
 40
0.0
176
     1
 40
1.0
176
     1
 90
        0
176
     1
 62
    18
176
     1
 90
       50
176
     1
 90
        3
176
     1
 62
     5
420
      255
176
     1
290
     0
176
     1
 90
       50
176
     1
 90
       50
176
     1
 90
       50
176
     1
290
     0
176
     1
 90
       50
176
     1
 62
   256
176
     0
 40
1.0
176
     0
 90
        2
176
     1
  1
strokes_ogs.tif
176
     1
290
     0
176
     1
 40
1.0
176
     1
 40
1.0
176
     1
  0
VISUALSTYLE
  5
31
102
{ACAD_REACTORS
330
29
102
}
330
29
100
AcDbVisualStyle
  2
Hidden
 70
     6
177
     3
291
     0
 70
    58
 90
        1
176
     1
 90
        2
176
     1
 90
        2
176
     1
 90
        0
176
     1
 40
0.6
176
     1
 40
30.0
176
     1
 62
     7
420
 16777215
176
     1
 90
        2
176
     1
 90
        2
176
     1
 62
     7
176
     1
 62
   257
176
     1
 90
        2
176
     1
 90
        1
176
     1
 40
40.0
176
     1
 90
        0
176
     1
 62
   257
176
     1
 40
1.0
176
     1
 90
        1
176
     1
 90
        6
176
     1
 90
        2
176
     1
 62
     7
176
     1
 90
        3
176
     1
 90
        0
176
     1
 90
        0
176
     1
290
     0
176
     1
 90
        1
176
     1
 40
0.0
176
     1
 90
        0
176
     1
290
     0
176
     1
290
     1
176
     1
290
     1
176
     1
290
     0
176
     1
290
     0
176
     1
290
     0
176
     1
290
     0
176
     1
290
     0
176
     1
290
     0
176
     1
 90
       50
176
     1
 40
0.0
176
     1
 40
1.0
176
     1
 90
        0
176
     1
 62
    18
176
     1
 90
       50
176
     1
 90
        3
176
     1
 62
     5
420
      255
176
     1
290
     0
176
     1
 90
       50
176
     1
 90
       50
176
     1
 90
       50
176
     1
290
     0
176
     1
 90
       50
176
     1
 62
   256
176
     0
 40
1.0
176
     0
 90
        2
176
     1
  1
strokes_ogs.tif
176
     1
290
     0
176
     1
 40
1.0
176
     1
 40
1.0
176
     1
  0
VISUALSTYLE
  5
3F
102
{ACAD_REACTORS
330
29
102
}
330
29
100
AcDbVisualStyle
  2
JitterOff
 70
    20
177
     3
291
     1
 70
    58
 90
        2
176
     0
 90
        2
176
     0
 90
        0
176
     0
 90
        0
176
     0
 40
0.6
176
     0
 40
30.0
176
     0
 62
     7
420
 16777215
176
     0
 90
        1
176
     0
 90
        4
176
     0
 62
     7
176
     0
 62
   257
176
     0
 90
        1
176
     0
 90
        1
176
     0
 40
1.0
176
     0
 90
       10
176
     2
 62
     7
176
     0
 40
1.0
176
     0
 90
        1
176
     0
 90
        6
176
     0
 90
        2
176
     0
 62
     7
176
     0
 90
        5
176
     0
 90
        0
176
     0
 90
        0
176
     0
290
     0
176
     0
 90
        1
176
     0
 40
0.0
176
     0
 90
        0
176
     0
290
     0
176
     0
290
     1
176
     0
290
     1
176
     0
290
     0
176
     0
290
     0
176
     0
290
     0
176
     0
290
     0
176
     0
290
     0
176
     0
290
     0
176
     0
 90
       50
176
     0
 40
0.0
176
     0
 40
1.0
176
     0
 90
        0
176
     0
 62
    18
176
     0
 90
       50
176
     0
 90
        3
176
     0
 62
     5
420
      255
176
     0
290
     0
176
     0
 90
       50
176
     0
 90
       50
176
     0
 90
       50
176
     0
290
     0
176
     0
 90
       50
176
     0
 62
   256
176
     0
 40
1.0
176
     0
 90
        2
176
     0
  1
strokes_ogs.tif
176
     0
290
     0
176
     0
 40
1.0
176
     0
 40
1.0
176
     0
  0
VISUALSTYLE
  5
37
102
{ACAD_REACTORS
330
29
102
}
330
29
100
AcDbVisualStyle
  2
Linepattern
 70
    14
177
     3
291
     1
 70
    58
 90
        2
176
     1
 90
        2
176
     1
 90
        0
176
     1
 90
        0
176
     1
 40
0.6
176
     1
 40
30.0
176
     1
 62
     7
420
 16777215
176
     1
 90
        1
176
     1
 90
        4
176
     1
 62
     7
176
     1
 62
   257
176
     1
 90
        7
176
     1
 90
        7
176
     1
 40
1.0
176
     1
 90
        8
176
     1
 62
     7
176
     1
 40
1.0
176
     1
 90
        1
176
     1
 90
        6
176
     1
 90
        2
176
     1
 62
     7
176
     1
 90
        5
176
     1
 90
        0
176
     1
 90
        0
176
     1
290
     0
176
     1
 90
        1
176
     1
 40
0.0
176
     1
 90
        0
176
     1
290
     0
176
     1
290
     1
176
     1
290
     1
176
     1
290
     0
176
     1
290
     0
176
     1
290
     0
176
     1
290
     0
176
     1
290
     0
176
     1
290
     0
176
     1
 90
       50
176
     1
 40
0.0
176
     1
 40
1.0
176
     1
 90
        0
176
     1
 62
    18
176
     1
 90
       50
176
     1
 90
        3
176
     1
 62
     5
420
      255
176
     1
290
     0
176
     1
 90
       50
176
     1
 90
       50
176
     1
 90
       50
176
     1
290
     0
176
     1
 90
       50
176
     1
 62
   256
176
     0
 40
1.0
176
     0
 90
        2
176
     1
  1
strokes_ogs.tif
176
     1
290
     0
176
     1
 40
1.0
176
     1
 40
1.0
176
     1
  0
VISUALSTYLE
  5
40
102
{ACAD_REACTORS
330
29
102
}
330
29
100
AcDbVisualStyle
  2
OverhangOff
 70
    21
177
     3
291
     1
 70
    58
 90
        2
176
     0
 90
        2
176
     0
 90
        0
176
     0
 90
        0
176
     0
 40
0.6
176
     0
 40
30.0
176
     0
 62
     7
420
 16777215
176
     0
 90
        1
176
     0
 90
        4
176
     0
 62
     7
176
     0
 62
   257
176
     0
 90
        1
176
     0
 90
        1
176
     0
 40
1.0
176
     0
 90
        9
176
     2
 62
     7
176
     0
 40
1.0
176
     0
 90
        1
176
     0
 90
        6
176
     0
 90
        2
176
     0
 62
     7
176
     0
 90
        5
176
     0
 90
        0
176
     0
 90
        0
176
     0
290
     0
176
     0
 90
        1
176
     0
 40
0.0
176
     0
 90
        0
176
     0
290
     0
176
     0
290
     1
176
     0
290
     1
176
     0
290
     0
176
     0
290
     0
176
     0
290
     0
176
     0
290
     0
176
     0
290
     0
176
     0
290
     0
176
     0
 90
       50
176
     0
 40
0.0
176
     0
 40
1.0
176
     0
 90
        0
176
     0
 62
    18
176
     0
 90
       50
176
     0
 90
        3
176
     0
 62
     5
420
      255
176
     0
290
     0
176
     0
 90
       50
176
     0
 90
       50
176
     0
 90
       50
176
     0
290
     0
176
     0
 90
       50
176
     0
 62
   256
176
     0
 40
1.0
176
     0
 90
        2
176
     0
  1
strokes_ogs.tif
176
     0
290
     0
176
     0
 40
1.0
176
     0
 40
1.0
176
     0
  0
VISUALSTYLE
  5
33
102
{ACAD_REACTORS
330
29
102
}
330
29
100
AcDbVisualStyle
  2
Realistic
 70
     8
177
     3
291
     0
 70
    58
 90
        2
176
     1
 90
        3
176
     1
 90
        0
176
     1
 90
        2
176
     1
 40
0.6
176
     1
 40
30.0
176
     1
 62
     7
420
 16777215
176
     1
 90
        0
176
     1
 90
        0
176
     1
 62
     7
176
     1
 62
   257
176
     1
 90
        1
176
     1
 90
        1
176
     1
 40
1.0
176
     1
 90
        8
176
     1
 62
   257
176
     1
 40
1.0
176
     1
 90
        1
176
     1
 90
        6
176
     1
 90
        2
176
     1
 62
     7
176
     1
 90
        3
176
     1
 90
        0
176
     1
 90
        0
176
     1
290
     0
176
     1
 90
       13
176
     1
 40
0.0
176
     1
 90
        0
176
     1
290
     0
176
     1
290
     1
176
     1
290
     1
176
     1
290
     0
176
     1
290
     0
176
     1
290
     0
176
     1
290
     0
176
     1
290
     0
176
     1
290
     0
176
     1
 90
       50
176
     1
 40
0.0
176
     1
 40
1.0
176
     1
 90
        0
176
     1
 62
    18
176
     1
 90
       50
176
     1
 90
        3
176
     1
 62
     5
420
      255
176
     1
290
     0
176
     1
 90
       50
176
     1
 90
       50
176
     1
 90
       50
176
     1
290
     0
176
     1
 90
       50
176
     1
 62
   256
176
     0
 40
1.0
176
     0
 90
        2
176
     1
  1
strokes_ogs.tif
176
     1
290
     0
176
     1
 40
1.0
176
     1
 40
1.0
176
     1
  0
VISUALSTYLE
  5
3E
102
{ACAD_REACTORS
330
29
102
}
330
29
100
AcDbVisualStyle
  2
Shaded
 70
    27
177
     3
291
     0
 70
    58
 90
        2
176
     1
 90
        2
176
     1
 90
        1
176
     1
 90
        2
176
     1
 40
0.6
176
     1
 40
30.0
176
     1
 62
     7
420
 16777215
176
     1
 90
        0
176
     1
 90
        4
176
     1
 62
     7
176
     1
 62
   257
176
     1
 90
        1
176
     1
 90
        1
176
     1
 40
1.0
176
     1
 90
        8
176
     1
 62
   257
176
     1
 40
1.0
176
     1
 90
        1
176
     1
 90
        6
176
     1
 90
        2
176
     1
 62
     8
420
  7895160
176
     1
 90
        3
176
     1
 90
        0
176
     1
 90
        0
176
     1
290
     0
176
     1
 90
        5
176
     1
 40
0.0
176
     1
 90
        0
176
     1
290
     0
176
     1
290
     1
176
     1
290
     1
176
     1
290
     0
176
     1
290
     0
176
     1
290
     0
176
     1
290
     0
176
     1
290
     0
176
     1
290
     0
176
     1
 90
       50
176
     1
 40
0.0
176
     1
 40
1.0
176
     1
 90
        0
176
     1
 62
    18
176
     1
 90
       50
176
     1
 90
        3
176
     1
 62
     5
420
      255
176
     1
290
     0
176
     1
 90
       50
176
     1
 90
       50
176
     1
 90
       50
176
     1
290
     0
176
     1
 90
       50
176
     1
 62
   256
176
     0
 40
1.0
176
     0
 90
        2
176
     1
  1
strokes_ogs.tif
176
     1
290
     0
176
     1
 40
1.0
176
     1
 40
1.0
176
     1
  0
VISUALSTYLE
  5
3D
102
{ACAD_REACTORS
330
29
102
}
330
29
100
AcDbVisualStyle
  2
Shaded with edges
 70
    26
177
     3
291
     0
 70
    58
 90
        2
176
     1
 90
        2
176
     1
 90
        1
176
     1
 90
        2
176
     1
 40
0.6
176
     1
 40
30.0
176
     1
 62
     7
420
 16777215
176
     1
 90
        1
176
     1
 90
        2
176
     1
 62
     7
176
     1
 62
   257
176
     1
 90
        2
176
     1
 90
        1
176
     1
 40
1.0
176
     1
 90
        8
176
     1
 62
   257
176
     1
 40
1.0
176
     1
 90
        1
176
     1
 90
        6
176
     1
 90
        2
176
     1
 62
     7
176
     1
 90
        3
176
     1
 90
        0
176
     1
 90
        0
176
     1
290
     0
176
     1
 90
        5
176
     1
 40
0.0
176
     1
 90
        0
176
     1
290
     0
176
     1
290
     1
176
     1
290
     1
176
     1
290
     0
176
     1
290
     0
176
     1
290
     0
176
     1
290
     0
176
     1
290
     0
176
     1
290
     0
176
     1
 90
       50
176
     1
 40
0.0
176
     1
 40
1.0
176
     1
 90
        0
176
     1
 62
    18
176
     1
 90
       50
176
     1
 90
        3
176
     1
 62
     5
420
      255
176
     1
290
     0
176
     1
 90
       50
176
     1
 90
       50
176
     1
 90
       50
176
     1
290
     0
176
     1
 90
       50
176
     1
 62
   256
176
     0
 40
1.0
176
     0
 90
        2
176
     1
  1
strokes_ogs.tif
176
     1
290
     0
176
     1
 40
1.0
176
     1
 40
1.0
176
     1
  0
VISUALSTYLE
  5
3A
102
{ACAD_REACTORS
330
29
102
}
330
29
100
AcDbVisualStyle
  2
Shades of Gray
 70
    23
177
     3
291
     0
 70
    58
 90
        2
176
     1
 90
        2
176
     1
 90
        3
176
     1
 90
        0
176
     1
 40
0.6
176
     1
 40
30.0
176
     1
 62
     7
420
 16777215
176
     1
 90
        2
176
     1
 90
        2
176
     1
 62
     7
176
     1
 62
     7
176
     1
 90
        1
176
     1
 90
        1
176
     1
 40
40.0
176
     1
 90
        8
176
     1
 62
     7
176
     1
 40
1.0
176
     1
 90
        1
176
     1
 90
        6
176
     1
 90
        2
176
     1
 62
     7
176
     1
 90
        3
176
     1
 90
        0
176
     1
 90
        0
176
     1
290
     0
176
     1
 90
        1
176
     1
 40
0.0
176
     1
 90
        0
176
     1
290
     0
176
     1
290
     1
176
     1
290
     1
176
     1
290
     0
176
     1
290
     0
176
     1
290
     0
176
     1
290
     0
176
     1
290
     0
176
     1
290
     0
176
     1
 90
       50
176
     1
 40
0.0
176
     1
 40
1.0
176
     1
 90
        0
176
     1
 62
    18
176
     1
 90
       50
176
     1
 90
        3
176
     1
 62
     5
420
      255
176
     1
290
     0
176
     1
 90
       50
176
     1
 90
       50
176
     1
 90
       50
176
     1
290
     0
176
     1
 90
       50
176
     1
 62
   256
176
     0
 40
1.0
176
     0
 90
        2
176
     1
  1
strokes_ogs.tif
176
     1
290
     0
176
     1
 40
1.0
176
     1
 40
1.0
176
     1
  0
VISUALSTYLE
  5
3B
102
{ACAD_REACTORS
330
29
102
}
330
29
100
AcDbVisualStyle
  2
Sketchy
 70
    24
177
     3
291
     0
 70
    58
 90
        1
176
     1
 90
        2
176
     1
 90
        2
176
     1
 90
        0
176
     1
 40
0.6
176
     1
 40
30.0
176
     1
 62
     7
420
 16777215
176
     1
 90
        2
176
     1
 90
        2
176
     1
 62
     7
176
     1
 62
     7
176
     1
 90
        1
176
     1
 90
        1
176
     1
 40
40.0
176
     1
 90
       11
176
     1
 62
     7
176
     1
 40
1.0
176
     1
 90
        1
176
     1
 90
        6
176
     1
 90
        2
176
     1
 62
     7
176
     1
 90
        6
176
     1
 90
        0
176
     1
 90
        0
176
     1
290
     0
176
     1
 90
        1
176
     1
 40
0.0
176
     1
 90
        0
176
     1
290
     0
176
     1
290
     1
176
     1
290
     1
176
     1
290
     0
176
     1
290
     0
176
     1
290
     0
176
     1
290
     0
176
     1
290
     0
176
     1
290
     0
176
     1
 90
       50
176
     1
 40
0.0
176
     1
 40
1.0
176
     1
 90
        0
176
     1
 62
    18
176
     1
 90
       50
176
     1
 90
        3
176
     1
 62
     5
420
      255
176
     1
290
     0
176
     1
 90
       50
176
     1
 90
       50
176
     1
 90
       50
176
     1
290
     0
176
     1
 90
       50
176
     1
 62
   256
176
     0
 40
1.0
176
     0
 90
        2
176
     1
  1
strokes_ogs.tif
176
     1
290
     0
176
     1
 40
1.0
176
     1
 40
1.0
176
     1
  0
VISUALSTYLE
  5
36
102
{ACAD_REACTORS
330
29
102
}
330
29
100
AcDbVisualStyle
  2
Thicken
 70
    13
177
     3
291
     1
 70
    58
 90
        2
176
     1
 90
        2
176
     1
 90
        0
176
     1
 90
        0
176
     1
 40
0.6
176
     1
 40
30.0
176
     1
 62
     7
420
 16777215
176
     1
 90
        1
176
     1
 90
        4
176
     1
 62
     7
176
     1
 62
   257
176
     1
 90
        1
176
     1
 90
        1
176
     1
 40
1.0
176
     1
 90
       12
176
     1
 62
     7
176
     1
 40
1.0
176
     1
 90
        1
176
     1
 90
        6
176
     1
 90
        2
176
     1
 62
     7
176
     1
 90
        5
176
     1
 90
        0
176
     1
 90
        0
176
     1
290
     0
176
     1
 90
        1
176
     1
 40
0.0
176
     1
 90
        0
176
     1
290
     0
176
     1
290
     1
176
     1
290
     1
176
     1
290
     0
176
     1
290
     0
176
     1
290
     0
176
     1
290
     0
176
     1
290
     0
176
     1
290
     0
176
     1
 90
       50
176
     1
 40
0.0
176
     1
 40
1.0
176
     1
 90
        0
176
     1
 62
    18
176
     1
 90
       50
176
     1
 90
        3
176
     1
 62
     5
420
      255
176
     1
290
     0
176
     1
 90
       50
176
     1
 90
       50
176
     1
 90
       50
176
     1
290
     0
176
     1
 90
       50
176
     1
 62
   256
176
     0
 40
1.0
176
     0
 90
        2
176
     1
  1
strokes_ogs.tif
176
     1
290
     0
176
     1
 40
1.0
176
     1
 40
1.0
176
     1
  0
VISUALSTYLE
  5
30
102
{ACAD_REACTORS
330
29
102
}
330
29
100
AcDbVisualStyle
  2
Wireframe
 70
     5
177
     3
291
     0
 70
    58
 90
        0
176
     1
 90
        2
176
     1
 90
        0
176
     1
 90
        0
176
     1
 40
0.6
176
     1
 40
30.0
176
     1
 62
     7
420
 16777215
176
     1
 90
        1
176
     1
 90
        4
176
     1
 62
     7
176
     1
 62
   257
176
     1
 90
        1
176
     1
 90
        1
176
     1
 40
1.0
176
     1
 90
        0
176
     1
 62
   257
176
     1
 40
1.0
176
     1
 90
        1
176
     1
 90
        6
176
     1
 90
        2
176
     1
 62
     7
176
     1
 90
        3
176
     1
 90
        0
176
     1
 90
        0
176
     1
290
     0
176
     1
 90
        1
176
     1
 40
0.0
176
     1
 90
        0
176
     1
290
     0
176
     1
290
     1
176
     1
290
     1
176
     1
290
     0
176
     1
290
     0
176
     1
290
     0
176
     1
290
     0
176
     1
290
     0
176
     1
290
     0
176
     1
 90
       50
176
     1
 40
0.0
176
     1
 40
1.0
176
     1
 90
        0
176
     1
 62
    18
176
     1
 90
       50
176
     1
 90
        3
176
     1
 62
     5
420
      255
176
     1
290
     0
176
     1
 90
       50
176
     1
 90
       50
176
     1
 90
       50
176
     1
290
     0
176
     1
 90
       50
176
     1
 62
   256
176
     0
 40
1.0
176
     0
 90
        2
176
     1
  1
strokes_ogs.tif
176
     1
290
     0
176
     1
 40
1.0
176
     1
 40
1.0
176
     1
  0
VISUALSTYLE
  5
3C
102
{ACAD_REACTORS
330
29
102
}
330
29
100
AcDbVisualStyle
  2
X-Ray
 70
    25
177
     3
291
     0
 70
    58
 90
        2
176
     1
 90
        2
176
     1
 90
        1
176
     1
 90
        1
176
     1
 40
0.5
176
     1
 40
30.0
176
     1
 62
     7
420
 16777215
176
     1
 90
        1
176
     1
 90
        0
176
     1
 62
     7
176
     1
 62
   257
176
     1
 90
        1
176
     1
 90
        1
176
     1
 40
1.0
176
     1
 90
        8
176
     1
 62
     7
176
     1
 40
1.0
176
     1
 90
        1
176
     1
 90
        6
176
     1
 90
        2
176
     1
 62
     7
176
     1
 90
        3
176
     1
 90
        0
176
     1
 90
        0
176
     1
290
     0
176
     1
 90
       13
176
     1
 40
0.0
176
     1
 90
        0
176
     1
290
     0
176
     1
290
     1
176
     1
290
     1
176
     1
290
     0
176
     1
290
     0
176
     1
290
     0
176
     1
290
     0
176
     1
290
     0
176
     1
290
     0
176
     1
 90
       50
176
     1
 40
0.0
176
     1
 40
1.0
176
     1
 90
        0
176
     1
 62
    18
176
     1
 90
       50
176
     1
 90
        3
176
     1
 62
     5
420
      255
176
     1
290
     0
176
     1
 90
       50
176
     1
 90
       50
176
     1
 90
       50
176
     1
290
     0
176
     1
 90
       50
176
     1
 62
   256
176
     0
 40
1.0
176
     0
 90
        2
176
     1
  1
strokes_ogs.tif
176
     1
290
     0
176
     1
 40
1.0
176
     1
 40
1.0
176
     1
  0
DICTIONARYVAR
  5
2B34
102
{ACAD_REACTORS
330
2B2F
102
}
330
2B2F
100
DictionaryVariables
280
     0
  1
1:1
  0
DICTIONARYVAR
  5
2B31
102
{ACAD_REACTORS
330
2B2F
102
}
330
2B2F
100
DictionaryVariables
280
     0
  1
STANDARD
  0
DICTIONARYVAR
  5
2B30
102
{ACAD_REACTORS
330
2B2F
102
}
330
2B2F
100
DictionaryVariables
280
     0
  1
STANDARD
  0
DICTIONARYVAR
  5
2B32
102
{ACAD_REACTORS
330
2B2F
102
}
330
2B2F
100
DictionaryVariables
280
     0
  1
Metric50
  0
DICTIONARYVAR
  5
2B33
102
{ACAD_REACTORS
330
2B2F
102
}
330
2B2F
100
DictionaryVariables
280
     0
  1
Metric50
  0
DICTIONARYVAR
  5
9EBE
102
{ACAD_REACTORS
330
2B2F
102
}
330
2B2F
100
DictionaryVariables
280
     0
  1
A-ANNO-DIMS
  0
DICTIONARYVAR
  5
9DCC
102
{ACAD_REACTORS
330
2B2F
102
}
330
2B2F
100
DictionaryVariables
280
     0
  1
BYLAYER
  0
DICTIONARYVAR
  5
9DCB
102
{ACAD_REACTORS
330
2B2F
102
}
330
2B2F
100
DictionaryVariables
280
     0
  1
ByLayer
  0
DICTIONARYVAR
  5
DD4B
330
DD4A
100
DictionaryVariables
280
     0
  1
1.4.4 @ 2026-09-12T10:45:55.588800+00:00
  0
XRECORD
  5
ABA
102
{ACAD_REACTORS
330
AB4
102
}
330
AB4
100
AcDbXrecord
280
     1
  1
BUILDING_ID
  1
R25_ProjectMaking
  1
FLOOR_ID
  1
356627
  0
XRECORD
  5
AB8
102
{ACAD_REACTORS
330
AB4
102
}
330
AB4
100
AcDbXrecord
280
     1
  1
-2000032
  1
Floors
  1
-2000051
  1
Lines
  1
-2000120
  1
Stairs
  1
-2000220
  1
Grids
  1
-2000260
  1
Dimensions
  1
-2000300
  1
Text Notes
  1
-2000938
  1
Stair Paths
  1
-2001320
  1
Structural Framing
  1
-2001330
  1
Structural Columns
  1
-2005015
  1
Structural Framing Tags
  1
-2005018
  1
Structural Column Tags
  1
-2005026
  1
Floor Tags
  1
-2006040
  1
Grid Heads
  0
XRECORD
  5
AB5
102
{ACAD_REACTORS
330
AB4
102
}
330
AB4
100
AcDbXrecord
280
     1
  1
45b57679-777e-4c99-916f-86692a3e7925
  0
XRECORD
  5
AB9
102
{ACAD_REACTORS
330
AB4
102
}
330
AB4
100
AcDbXrecord
280
     1
  1
-2000131
  1
Down Arrows
  1
-2000932
  1
Nosing Lines
  1
-2000934
  1
Outlines
  1
-2000936
  1
Riser Lines
  1
-2001329
  1
<Hidden Lines>
  1
-2001334
  1
<Hidden Lines>
  1
363616
  1
Cutout
  0
XRECORD
  5
AB7
102
{ACAD_REACTORS
330
AB4
102
}
330
AB4
100
AcDbXrecord
280
     1
  1
114485
  1
M_Structural Framing Tag : Boxed
  1
141729
  1
Automatic Up/Down Direction : Standard
  1
141748
  1
Cast-In-Place Stair : 200mm x 300mm x 200mm
  1
261
  1
Linear Dimension Style : Diagonal - 2.5mm JetBrains Mono
  1
339
  1
Floor : 150 THK.
  1
341
  1
Grid : 6.5mm Bubble
  1
354819
  1
Concrete Rectangular : 300 X 450
  1
354823
  1
Concrete Rectangular : 600 X 750
  1
355975
  1
Concrete - Rectangular Beam : 300 X 600
  1
357155
  1
Concrete Rectangular : 300 X 900
  1
360170
  1
Concrete Rectangular : 300 X 12300
  1
360326
  1
Concrete Rectangular : 300 X 3300
  1
366229
  1
Anno_Structural_Column : Standard
  1
366846
  1
Floor : 200 THK.
  1
367212
  1
Text : 2.5mm JetBrains Mono
  1
368646
  1
Anno_Tag_Floor : Standard
  1
371590
  1
Concrete Round : 600D
  1
372699
  1
Floor : 125 THK.
  0
DICTIONARY
  5
1A
330
19
100
AcDbDictionary
280
     1
281
     1
  3
BUMPTILE
360
1C
  3
DIFFUSETILE
360
1B
  3
OPACITYTILE
360
1F
  3
REFLECTIONTILE
360
1E
  3
REFRACTIONTILE
360
20
  3
SPECULARTILE
360
1D
  0
DICTIONARY
  5
12
330
11
100
AcDbDictionary
280
     1
281
     1
  3
BUMPTILE
360
14
  3
DIFFUSETILE
360
13
  3
OPACITYTILE
360
17
  3
REFLECTIONTILE
360
16
  3
REFRACTIONTILE
360
18
  3
SPECULARTILE
360
15
  0
DICTIONARY
  5
22
330
21
100
AcDbDictionary
280
     1
281
     1
  3
BUMPTILE
360
24
  3
DIFFUSETILE
360
23
  3
FBXASSET
360
8A7D
  3
OPACITYTILE
360
27
  3
REFLECTIONTILE
360
26
  3
REFRACTIONTILE
360
28
  3
SPECULARTILE
360
25
  0
DICTIONARY
  5
ACF
330
65
100
AcDbDictionary
280
     1
281
     1
  3
ACAD_ROUNDTRIP_2008_TABLESTYLE_CELLSTYLEMAP
360
E367
  0
XRECORD
  5
1C
102
{ACAD_REACTORS
330
1A
102
}
330
1A
100
AcDbXrecord
280
     1
270
     1
271
     1
  0
XRECORD
  5
1B
102
{ACAD_REACTORS
330
1A
102
}
330
1A
100
AcDbXrecord
280
     1
270
     1
271
     1
  0
XRECORD
  5
1F
102
{ACAD_REACTORS
330
1A
102
}
330
1A
100
AcDbXrecord
280
     1
270
     1
271
     1
  0
XRECORD
  5
1E
102
{ACAD_REACTORS
330
1A
102
}
330
1A
100
AcDbXrecord
280
     1
270
     1
271
     1
  0
XRECORD
  5
20
102
{ACAD_REACTORS
330
1A
102
}
330
1A
100
AcDbXrecord
280
     1
270
     1
271
     1
  0
XRECORD
  5
1D
102
{ACAD_REACTORS
330
1A
102
}
330
1A
100
AcDbXrecord
280
     1
270
     1
271
     1
  0
XRECORD
  5
14
102
{ACAD_REACTORS
330
12
102
}
330
12
100
AcDbXrecord
280
     1
270
     1
271
     1
  0
XRECORD
  5
13
102
{ACAD_REACTORS
330
12
102
}
330
12
100
AcDbXrecord
280
     1
270
     1
271
     1
  0
XRECORD
  5
17
102
{ACAD_REACTORS
330
12
102
}
330
12
100
AcDbXrecord
280
     1
270
     1
271
     1
  0
XRECORD
  5
16
102
{ACAD_REACTORS
330
12
102
}
330
12
100
AcDbXrecord
280
     1
270
     1
271
     1
  0
XRECORD
  5
18
102
{ACAD_REACTORS
330
12
102
}
330
12
100
AcDbXrecord
280
     1
270
     1
271
     1
  0
XRECORD
  5
15
102
{ACAD_REACTORS
330
12
102
}
330
12
100
AcDbXrecord
280
     1
270
     1
271
     1
  0
XRECORD
  5
24
102
{ACAD_REACTORS
330
22
102
}
330
22
100
AcDbXrecord
280
     1
270
     1
271
     1
  0
XRECORD
  5
23
102
{ACAD_REACTORS
330
22
102
}
330
22
100
AcDbXrecord
280
     1
270
     1
271
     1
  0
XRECORD
  5
8A7D
102
{ACAD_REACTORS
330
22
102
}
330
22
100
AcDbXrecord
280
     1
 70
     1
 90
652598616
 71
     1
  1
53F8BB9C-2817-4F1F-8354-F0F58C19D67D
311
504B0304140006080800E36D065D83D68EED17010000A80100004F00000044353731434330392D453446302D344646312D383044362D4142344334463644313544392F4173736574446174612F446566696E6974696F6E4974657261746F7250726F706572746965732E62696E6D51C14EC42010450F1A133D18F5EEC12B16
311
2C6DA989312D2C9EBCE807285BD96D13B66D9636EAAD070FFEB50E91EDC9491EF332F39879816F84D04F08A0680F30C17902F9C1B466DB54CF556D361A1DF88AED96DA5E012389E052B2120BB94831CB85C2455910CC252953252921A2D807DD21409A951EEDE0473E36AE32D6EAD674A33B8542D871B9D103ECD2F6DA5F3A
311
42C8A70980760DE727ADFF1C7993EF00FDD6DFDE6BE7CC7017C924A342901C2F982298294531273205574C30954A9AC83C7A32AE1BB7957151122B5E96B9C0379C6620A70AF338615811957041739966321AEAD13FCDB9B7B16C75632312050B2F7DBB86F21CC781BD9E5DC413F8B321CF824076BA8FD0FFFA47B71A3EFBDA
311
3415AC9EFFE617504B0304140006080800E36D065DA182650C0A010000300200004500000044353731434330392D453446302D344646312D383044362D4142344334463644313544392F4173736574446174612F496E7374616E636550726F706572746965732E62696E7551BD4EC330103E7E241800F5213A94C1521DDB49
311
3C25C4A97980AE2C5112A90C74A8905833B2F13CAC3C030FC023646186BBC4C696504FBADCDDF7E373925700F871812D9C600EF8BCC67ADFEFFBC363BB6D77FD53B34440099B5795362CC979C6A4E596E5424966D756E586EB3ACDEA8B60248BE0B2DE244A3325A560324D38AB6C55339E89B5498DD1771B8DB2692FDC3EBC
311
7D7CAF3E0BACA7880D987E9E2ACE186341E4EC005894B0A0718E65E9BB23752C1CF1D71C11E21AC03D67480F41E25D5FEE98AB40451D7DCFC0784F24706DF75EFE076364BE032174A48CA9A81F8B739CE8CFDD606E5F9AE776C7AA43B3EFFA8E180AF25FBA5721E56A4201C2351DE00AE963C4FB7F01504B03041400060808
311
00E36D065DB5A795FFE3790000DE7900006B00000044353731434330392D453446302D344646312D383044362D4142344334463644313544392F5265736F75726365732F35334638424239432D323831372D344631462D383335342D4630463538433139443637442F7468756D626E61696C2F302F67656E657269635F706E
311
6701DE79218689504E470D0A1A0A0000000D49484452000001000000010008030000006BAC58540000000467414D410000B18F0BFC6105000000017352474200AECE1CE900000192504C5445818181B3B3B35A5A5A4848486060605C5C5C6464648383835E5E5E6262624E4E4EAFAFAF4A4A4AB5B5B54C4C4CB1B1B1858585
311
B7B7B7585858ADADAD7C7C7C464646787878ABABAB747474A7A7A7686868707070B9B9B96E6E6E6A6A6A8B8B8B666666545454565656A5A5A5505050A1A1A1BBBBBB8F8F8F9F9F9F4242425252527676764040403E3E3E9B9B9B7A7A7A8989897E7E7E9393939797974444448787873C3C3C727272BDBDBD3A3A3A6C6C6CA9
311
A9A9A3A3A32020209D9D9DBFBFBF8D8D8D9595959191912626269999992222222424241E1E1EC1C1C1282828C3C3C32C2C2C2A2A2A2E2E2E303030C5C5C53232321C1C1C363636383838343434C7C7C71A1A1A0E0E0E121212484A484C4E4C1616160A0A0A4A4C4A787A781414147C7E7C9193915E605E4648468385838789
311
87B1B3B18587856668665A5C5A626462818381A7A7A5A3A3A1B1B1AFADAFAD7072705C5E5C9D9D9BABADAB7E817EB7B9B7585A58BBBDBB4C4C4A8D8F8D747674B5B5B3B7B7B59FA19F606260ABABA9A5A5A39B9B99A9A9A78F8F8D6C6C6AC7C7C5451AD12700002000494441547801DCBD89771BD7B5A70B8EE04C70264171
311
2605CE034890E220088028C93245451215B713AF388E7DFD9EEDB8DDCE6ABFF4B57D97137BE50FEFEFDBA74049B6AEED74869B7E87404D2814EBB7F76F0F67A8835CEEBFA0E42B854AA5B2BB5B6BCC951A8D52A93657A914FE0BEEE39FFE2FF395B9B9C6CAD2D4C4606F4B7FFF8D1B37EEDCB97587F7CD9B4343BD134BABE7
311
DB48E3FFA7A228ECD6F6574E4786C0FC8B5FFCE2CD5FFCE297BF7CF3CD5FFC92B52FFE58BFF9E69B776E0EF5F79E55CBBBF9FC3F5D3DFFB07F5898ABAF7CDA3B74E74EC0CE20230561BF096E97E05712BFFCC59BC80539DCE83DDD6E54FE61B7747DE17FB8980BBBFB2BBD4337DF487881AAE6C5ACC6AF25207877B2B527BF
311
F1CB3B77FA47561ABBD7F7FA7FE146A5B6BD74E3164C7F51449AE95DB412200EC539418717E7F2F11B376FF62E95FEAF1442BED0581DBCA1BD2780D23F506AFA16E1A7AD974EF17876F00DD7BCB187A1A97AE51FCED5BF2BC1F2BBE5B3C19BE27B43CF26DE00933658FE129B109C2FFF922CC22C4260FA01BEFB462A77DEBC
311
35F42F600C3F5B0795D2E9E02DAD5E650B4438A92801B65C35CBAB7B1EE5041CE69D3B6F1822DFB873EBD6AD3B6FBC71EBC6C86AE967DFC2DFA4CEBFF1BF54F6276EBC114E2F43FEC60B01A0D440A868B2920E5C4BC10D60931ADCB871F3268B21D3851B08E1D6AD9BFD4BF57F7577909FAB86F29B982571136AF01DF5FE32
311
AC3BD9406CAAF2440A54CF176EDD01FBADA1FEFEFE21FE4C9858DFF4183458A9FD2B6708A5A5A137E0EE1D11A9EC0C7C58B2C73C0AD6B479BD76B7790CF899E287FA5B06FB7B07C9195B7851FA8794031EF1FC5F9406BBFB23375420286399B631E93B08022A785C4DBF9996EC3551874094D71B6F487E80F6837E50F483BD
311
BDBD83232323AC420A18C68DA196EDDADF68A77F938F78FD972BABBDB7B87FB164AC6FC2CB760365821ACB74AED44FFAD7E7431ECD7E08AC421F391D199998989A383D9D98E8E56F84A318C58D9BFD2DAB73FF5222C8EFAEF4DE7AF30D756E5108683DA471E70D0502099A7240F19E4089D3FD203E620F1B47BF43501E8503
311
1AE44B4B9F2E4D2D9D4D51D8970983FA861B3706FF950CA170DE82F6B312CC4F42C8966295F7D725ED29882415DC055F36DEA1FE96FEC141493F05FAA9A9A5A595B333DED5B3D5A533F62183323032F46EFF13EA0AAFA5FBF7C8976F8C10F7280A014832593B90004D52341980D907EAEB73411EB2F1EBC9F507F92746C40E
311
7AE0AFAE54292BAB2BAB67CAE0746264A277B06508168C94BF772BE9765F7BF0B548FE1E07F3B5A521340A5CB5297C4B12811B89E82191ECF3E41B3259C529F135E23CF4C7F961FB13537F5A02ECCAEA76B5BA5D3D3FDF3F2FEFEFB3AA22053E5008833428DC6C59FA2F770595F311F235D427F379BB8A121BD901B96076A3
311
88DC4C3C61C7933CCCD770FF375A6E0CE9F535FE2534BF5ADD3E3FAFD71BF57AA951B6D4CFEBFB8864758A26154430080B06ABFF557610ECC93726224F155D1471041E0D42F82F4891C926C1355B0831649FF365F46FF05300A7A790BD8ADEEB0D4AA9569A9BDBADCCD56AA55AE377F5F3F3EA2A34983A1DE91D810543138D
311
7F28E57FF4E2B5335A3928B76EA1CB9B00BF158C8F63A2E788826896D0B5E7C461949ECE089144F8EBEFC7FB4D8C9C4E9DAD60F7FBE572B416C2F2423ECF8B86C439E450DA970634ACFDA977629098D0B2FAF313A36B3869E37AF7853378CDA1171FBEBA95DF1E44FD5144A420588641B0055A79ED91CC0DC41E27064512FB
311
33F1F04D09D0D2DF0203A646A6CECE80DF28356A348CED8C4F1EF137B9319E1BCD29867CA556AA97F7B757567006A447FD375A26CAAFDED9CFDCFB2BB0BEEE8AA5911BC2C7F85DF88A3775389990AA72219D582409210F85A4E66F2987D875C30848023088FDF77E87F96FD7CBA5B9DCCEF4F4C9FC7C676777577B7B7B67E7
311
ECCCE4E8DEE85E81A6D55AA3BC7FBEB242589CE8ED4770E785D7DDE23FF2587EBF57F50B9E820527316488E5C32D50F979BCA58207297E2B6D658702FFCD211840FE43FC9F3A5BAD9E97E6F21B9FCF16BBBB3A3A5A175B5B1787875B5B3B86DFEFFC687A72674F19D46A8DFDF3EACA59E405375ACE76FFA922C817CE86A89B
311
DD92F400F2C55B7462F610459837D3A61ACF50C7471C8F2F2A9D38C3DA2F068007F80EFCDBFBE5DCC674B1D83EBCBEB8BCBCBC3ED0D3D333D0B3DE33BCBEB0D8DA35FBF9F8CECE68AE020BCE61C112A4C1138CD47F9AD13F7DC6AB9CF9CFCFAF9D0E01FFE6CD503F5B91C5218E2899CA15098714848B04FCE5654884ABF0E5
311
54F11F6C21D73D5D5AADD64B7B9327DDAD8B0B7D7D6D6D07070763BC0F3E38E8EB4310EBEB8BC3DDB347E3E37B5842B97C4E44A0C630427E5CFDFB71E03F471E12CA9FF70E055AE141042DD81234B879EB4606361D9328149037D7D76A571A7E974FA20AD0323832713AB5BA7ABE3B3E3D3FBC30307070B0B9B645D93C3CDC
311
3CDCA41CFC6AAC2D64D0D579B4B1B397A7C1BDBEBD7D36657A3CD4B2F44F4909F2B9CA597F4245C59DEC354316F0587020D0C661742BC02869435FD12CF195C422DB3C5A3E2305C000CE6B7B27ED8B7D63079B5B5B878787C787C7C7C757C76C51B60ED60EDAFA06D67B965B3B672677080BB5329E60E9B477847AE2E9EB53
311
E35779FD37EFCD2D0DDD68AA355B6B0D81860502B8B68C801F5C697E9AD62F4B406244CB975560BAC756AAA577675B07C6D03778C17E7C95CAF1B3ABABE3E3ADADE3CDB1B1B6B681014470343EBA979F8B90383545727C63E43549D14FD0F927E5F1FDEFD7263058FE02EBCD1BDCBCA053496BD58E69BC44F9F854D4D979AE
311
9ADB908824382AC1D4014E9756EAF9CE85B6B54DB01F02F8EA5908E0D9D5F1B3E72188C3C3AB67879B07C8A0A767B8B831FE5E7EB754DEAE5261460243FFF07858D8EF0D658BDC563A2C5EF5833C13C90B69248C4DD97842B61DFA7F210A2F6108A0F96B62E2D3B3F3DD939EA47E30ABF5AB2B903F4BE5F9B36757CF65021E
311
616DAC6F60A1FB647274B4B05B2E5341B082D43278F67D8DFDA48AFF9A13F22B34C7586C9992BA6E66CABC190E313E7C811AA57304B421A75B289B9D174CC868C24548823E230B9A5A2DCD2CAFE1F98E61C015CA7E96B083FC59F3ED06EE60F360B3AD6F79787ED278D0A86FAFE00BA9220EAEFE1D5DE1F7855939C3FCC133
311
2426B377F692406E022C010DB437EF009803F0DCFD3B7C94440571D8F2C328F115F47FD324802070BAB43FBA80EFDB92FCA1F7E7CF9FA875CBB327CF9EB08C4DE4815BC4210E2CB7CF1CEDECEDCED5B757490968286899FAF95583BF46F9393CEE6A86D6F618CAAD9BFF0BE22B042412C5CFB50556815CC5BBE33E9F61ECEC
311
26A9BCB8145FD10590078F9C9E953B513FAE1FE387FAC246E14F9E3CE7F5F8194BD6594140876B6B84C5D6799C61A16434201E5237582AFD75C07EEED9863F463284E2E13425A036BD41061259289B6BDC1ED656FC8B8592C9D00701E27CEA749F0D8EF44EAD8C1F80FFF8F8F9D513191F6803384C800097F24069C407CFAE
311
88136B7DCB3D5D4A60B711F19070D83235F77331FD35E715966889038E2E0B346EAB7936C4162043E1A1F144093695443A570144898BC4079CEF1912809A3035A1D3F361235F90FFF1E3E0FB93C7E2750719F88E7D8E68123883ADB5B18185AE99F1D11C1238A792DC4BEDE8EC6FF503DF377E0445F68FAF4E08D43082D021
311
70F30131A154206CC559A8D9CFDD762B31273E4947A581E0D9BB71E33FFA07CD02CE2A6BE1EC80167497F2A81CFA3F7EFE58D0CF5D5D170DE4F89070B0BC4040CC17BEAC6B0586C3D3FF0309BC06F44B04A1E13729929B4DF73C44070692C810B08AC3012E8EE9EAE22067796288C193B2139B970B86F47FAD0F98382B1E03
311
5D9C32FD318A4FAFCB274F2E1FA772F94411B0CD42493C23393A685B5FEF3E1ACF554AF5F3552A478383374E6B2FDDFC4F6DFE38F4F4ED7A7FE838F488EA852482F412D3CB07E293D02C9F074F12E84C5AAC423271450572A385449844706475FD38DC3C22486A0639E5F1E38B0CFE93CB4B25910EF309A2224BD8DAD40C68
311
2C28341AD69047E8539A6AFC14EC573F7FAD10AE0FE6EB13E87B28E093B513B5803514DE408809BC12A14876DE0A25F643009E9176D9F0C330164285A7444DC8CAF0E9FE41429EE0A2F6A6DE91C0856C501272404A8468822E24C807030B1D33D40D4AFBDBABB411D093D88C86D7205E05FC57EDD1F805FA4CED5920F0CED3
311
9157E007CE21757C5DE440ECBCB46CD283E378029B43FB077B4F47E60E9F61E8D01BE017D7E843EB49F50A2028F1E442FCC90C9EE308E4C0C2C94EAE30B75FAD3A0EAFA57FE9EF960F14BE15638840EAF3BA490BB6850EDB38EECAFD21A0C746D0C4234DBD035EFC7EDD121FA585FAB73DB89FE6A03CF833AB0730E5E2F1A3
311
6CE3F202A128934B44E396961121E1F2C9F32BFCC0C140CFE22C1CA8E109B182919696BFB98120234F61B59F7BF46EC30CF067B21A33B0FB3E402448EE266CCD93135A8E823DB31F85E677434E608F53F8100BC0098EA2FD6BC01770E0F2F2D1E5452A711C4BB8486248FAD756D852026B6DC90A2AA5C6B69E9068B8F27AFA
311
BFFEE8AB36F1D23985D5960014FD711940800B560250D2272CC54FF1D3A660B275AC3881E349689C1616E1E9044129D032313509DE4700BC867C71F128C400159407C761022BA8A040F40A244788808C60B3AD67A17576279F6F946923191921B0545FC2F12AC0EFEFBD7262B6935679FC7F80629160ABFAEC88E8430E76D8
311
2A8DE62ACE50BD4A42FBF03B387B37FD321B37E31C3F063D99703F5160E6C9E5A300CF32A91E0A085A29C0FC507F6C21012303C6104B82C1F1E156DB3229D1A855A32A8352C9077AF733A0AFE0FB3EF81FDF2F0F82C21B0EB06998866878B103305E31EC17F4FD43831E570A2118D1667632D4FFFFB125782F96168A833DBE
311
78C3F11F8383A79D49F58F1E3DBC780417AE6581381E8610604888E2913E12492881274822C221AD04CB0B1D273B8542837460898C686864FF6F801E8269F40AD0481DFAF5E6E9C1F3BE391C325004DF0746A4E4448F7B52C0D5EAD39EC46896B888C4210D68E99DFA2820DF7FF850EC407EB55C3EBC5028611409BFCB8889
311
C90F1C52355AEF98B18100094C9D0EF6F64FD47E5CBF3FF5293DDFB4B50DDD54F351446FA1F14580DC3902C085F593CB24ACC917B213BBC11B3F0A61042FD8B24F4FB9C4556D0CB9E1A880DE89934CE9607F18F81FDD950DD0E1D143F41D56110E227C250621FF098838042BC85B5B6BCBCBC31DD37B34966E9FFD9936A2FE
311
FEA9EBA4182E5CD3E17AE35501FCE0707E5525A7DBC64DFD077825BE37CE0BBE1BBEC061410C660B6E49912665E2B3749C7C9F93834022F74CDE6CA5EB501D9CBC04B768292C5CCB84478F3CA83074092C6082169015E5800D5839DC6C1B58EFE83ECA513BDE3EFB8EF1242D2D4B3FD55AFE03D42F8492AF8A3F21444FA2FA
311
9ABBF525EAF84C09F0168527B0138A85D1EC0443C467B28BF844EAF76323BE13D7C11F72FED783837B970FEFDE7D7817E077C17EF7E2A1C2C0FE851FE4C008388C15E818958746129E1009D054B67530D6B3D8DA3D59D82D9D57CF70039FF50FFE0DE94089DB269C3655A4F25B38C49D0BD48E59F1526887C18FC5272197F8
311
5CA72862A593A4843CD25F920487DDF7AA0441A2C0600D062001F103FCEEA3D8560CEC3EBACB01CAE5A51E420349F602191E5F901893142381351CE17047E764BE50DEAF9E4D8C38B6ECFFACEB141E54A6865A88A60133EE9CBB4C256930B0B168C1C3AB59FE1743FB422C7166082E934AFA5EFA3E4BCE0B69362FA7041818
311
B7FDECE1DDFB4D022007CA23E521F0700AAEB5888BBBF08023E128B4045381542FA256B0D04E28A0C3804E233A1BFB476A2F48FD135BAF9843BEDA3264EB42BA499601F16B566E72C7EA35908ABCB9176BBED43204C696AFD3D7B24B08D3AFA44BE243D88A6D9D0B6562B52F741E1610C0EFBBAF2B0829289A640EC4C8A4FF
311
66A24430786CEBE1E1E61AF9507BFB496EAEB64F8F49B4129EBDEC065EC1F8A3F228A3CD0950883B41BEC6D1944AE06147289600A7726313AC69A3F91197F1438BCB743E76F01F6EF1D1C854071670FFFE43FF1EDED702EE5A14C85D0C42DF90B86068800659AC88981855E3E774A71C0CAC2F76754EE7CC87C808D1E1E0F6
311
CF47FD4224731337BE1E39C5010823EE997B1491BBD99FC8D8EF77482BEB5EB2CF66499A8E0F7511B19B3EFBDACB6507BC78731B1B383D02FFDD7BE8DD9256F7D0BA7B46015941097B80018F700FFA024CC08078F51806100ADBFA163ABA8A3B95B9D2F92AC30BC908ED31FABE0CBEBFFF0279B675868F9AA24E9530B08C17
311
4055B7F48E4F58002F3E82F0BDFA003E8B431EB6C4A91E4D9B5FFB791265BA8827BBE5F1BCFA7F789F72F75EC800F8AE43FFAEC42F13009FB905A9A0132015D0068ED7682AC608BA6771038DEDB3B33082891FAB1ABF5614F93238079726B833958796B845B731FCB86316713C1DC581B1E19B424EE32674093F80776F7E27
311
C6FBFAC85C536CD955B96EDA2A3FBF770FF4BE11845470EB3E42D022000E0FE07D161811020742162444668308801E133A4C163BE68F6826A5523071CA78B2FED51F28F8C70FE4190073A3E5D3259D7A288CD19BDE623F10021BAB0C6E327FD507B2741627727EA00D31856492F9F009D7F152D930704E642795C1C1B336E0
311
DEBB7F0FDCB79318543B25341F36802D64A981A690B94259607DE0B19D466BF8C1C5E1CEF9A3FC5C639FD6117B4BAEAB453F8EFBDA500A67E8BAF76C8A06566E36EE1184E8329419161F83D843D5DE7D8221163E145F56921C3EE383978072129E290A9B7166E63D26BAB1FCDBF710009E4051842390031845F20077CD0794
311
07C575F20364C4910ED2A574BC357630B0BCD8DE39335EB175646A698458F6A346F003A93002E846FFE0C459B8006E506D79BF902908A0AA05CB5E73530E33BA1D3C2EF99C712B7C8B41DF4D2A7830BE8707485FCFAEEB85A09AB6D39BBF7B4F23E00509C20DB04E240822A4B810E04D8D53D10D504C059ED86BB8697F5147
311
77717A8F8144D48A4C89077F7EDB00E2D89DC02A7B975640A282C49A4AA84B70B12BFED8EA6584860DFB7EE23FCB00C6BAF7332FF259FA3C9346508813E372F1DDE425065BB61FDF8300F7EEDDBE8D0C6EDF46F7D8823478590AE23759D60DA6B7A9F125EDE8F4A5D2B37470D0B63C30DCDE3D3D59A8D1501EB1B0A5377517
311
BDD6E301F995E3F955F0F58FAC2E81CE172A8344AC03DC6781939D2484B8FFC15E8F3ACCD3954CE19576B942D0A029188EC7013FE59AE90B71292DE774F1F63D60230180B30A2EDC65291B6211B4081128856001A680015CE000708254891851D4B3BED0FA4D7166B466BFF1D2A924885AD12B387FC0FCE6819AC3AE06A7AA
311
4B715F0927B74D119D4A668FB54B8A8C268D8B038A207D10A7B1E95E42195B695BE0240F7408B311257C23F581E987C180140C584A02B1670CB817CEC0A080F259F1360E58452013200E3EC107AC1DF4FD7B0F6D23F33347F9527D9F51E6138E31AF35F1BDAAEEEBA3D71BB402E2FB47CECEE96B4DB85536772B07C82A34F3
311
E66D0BCEC207FEB9E70643761276F7B50D5EE963CFF80C7AF4A2130F5BF8C4EBFB5F07B709840480DBD8007FB7EF3F90104908BA457D43AA2A6A02C91422285E5AAC143F3313A0CB74D9D164933B86C25587134E8D342B453FC982860D09FD13ABE72055ED020E85D3E312F74C25CB0293D978A1C4001927C80B86FD063491
311
26EC219F0C735C8053D8F5F310817EA01F1B7851F406144C211C6362C27DD51F1E310C0102280ADB891E9B085CC528A2B1369A46BA195B9A2B351862CE43174BA73FB7CBB430A5798F4C54B7333B96C3224A9863AD02B9FBD8E63092191924E77C199D92887DA594B6DCF0112857162FD0949FE6A441F5E62E42FB2105BC40
311
5A2301A3424601DC807912CB2C39C604A27908021CDA30C4C8C2019A883B3A8BD393BB3546136EAF561980FB63E9E035FF73B96D09A905ACB2C11D79571C5159026227DDBDB81396EB03F14100BEB66DE1FA9EF82C3ECCBE318119C4269FD014E66361FC8BB0B4EA9A98EF3D8848A01360430284335004C183CC25BCA82D23
311
02EB03B8419241C64DF4F5ADAF77B533BE786334BFCBB8DA72BDBEFFC36103AFB30608A0B39B58D93F0BF42180841DD26BDC22CF0A770E90240006BAC65197D90920131C7B2EB3CFD3C71C6378A305EE8488FC1FF8D391E2BDDB0F6E3F45E7C8207C419800DB410073A3173942CA8D5242642A74496FF115832A6314D9FA42
311
57577BF7FCF8F8E8CEE8DEDE5EBE76DD3CF892BA7FB8B90F629431B5525E92A15A3A4A6FEA3FDD73136172060959206591F4C927196CF645AA285CF3014630121754261C0D31E1A7E3DA2DBDB54B04703BDE3A4209F02045C4BB0F529A14BED07098A2A1CD47513DA64B512F409BC01663090796D787173B5AA141B1B39BB4
311
70EEBCF1E30F9D263ACC4D05110797CEF7B923B027F089F74D1D06F0A4D8C0CDA6604023FCA45B76C5CDE0BF3845ECBE13E0C0ED73700A8A753C1AC8AEFFF1B407FC8A20F42F0D94019121DE304077A027D4112283BB8FF0072444D68AAD111D6F591BC0061854BBC048EBBE9E81F6A33A95C21BFD13AF3C7E7DCDFFEB0DE8
311
903F77B41DF178E99C289895B0EA8CD640549D68935BA7C5294E0A1D66DA0CC419BD398E6265789CA1241441AC94532A3C19C95340BEFC68703077EFC1D307B71F3C500859C11494838E902203A2BE90EACC5135B80B078804340C920C2300BCC06F7A1C71B875DC572C9BD1D84BD5FB9363CA6BA7D03E5C40FDFC54FC23C9
311
B4B9DDD028787D89219038523BF64E638BB37CC25335937A00DFD32869C5B390C8C32FF25C8C47A7181B4A599A224A9DADB0E0406FEFF9F183B7448F081E3C55024FB33828784AB61704482CD0160C04174F9E33BA9291D58C2F1F1B1B3B5863B0D9F3E51C35C253D54A23E560E2C0CB3A6F7A81382601C2079CAE96B7B156
311
0D20A341E85A928A4E01083256420576C2ED477E2E565FD9223BCC691CF394D3D8E281501E0EE5C1C8159E92585D255CF30CC854C75318006EA4A01028EC853F9407C6053910BE105348324002260254886C156260F9189EE0F8C9A3CBAE9D5A992184568A69D5183A7DB97DB089FDC57AEE54F858FE54F577DBA853096402
311
90F2D220952620750C5811FB772A7876D1E4040FBFC6474D51246D8B3FB378283FB514F8AB3C20B8BF7DBE5DE541C9A5D3D38DDB30E00151E02523081BC89C2214103E0BC1B3D0199A08E002681A2613A2616CEDF0F0F9C5DDC75DA395C25C0309C03DEC8091A4AFD3FEB504AAC6633930556DAC86EE3561941E862C4A75DD
311
6B6BB3A0C59BE153DFA73EDFCBC3CE2188D3D378FC976D0EF9A95B7C8532F527CE3CF539581E0FE501291E9139FFB65EFF5DBD8E0C18DE3077170A64E033FD278F18068028802F156C3809FDEB11B1019C208D020C9BA2870457F0F8E1FDC7EDD393E3B9FC9C4308E9315704233F960E554802C14716B0B45DAB5EAB5E25AB
311
7830EBB8D25E6CA94E4AA01794FB1EE164FE9F040FE82C940A4BCEF913075D087E85A7237D3CF29C47E4E676777779528C4781761F0BFBC1D3A77880E40C9A2E5109180D5255317890394229F0F082010354082D574F1E3FBAB7D6553C2113DACB97BEB5526C7C6F69F9310A94C46CD89FF8F379AD1AA035FD00FF3F320180
311
F01417A6F255A3A8D86319FE0C0B0E06A0DCD33F79841339C01E5BBE1911AFCFF7C1E0A540BFBDBFCF2372352686D863F83F59CB6865F43104007EE06F52406F680341102048A01BB048823082CBCB0B6AC48C313F3E7CFEF8F2D1FDC3D6F6F9F9D9E98D9D7CAE5EADE2A6512FAD7AB526E17F600C85550DDE9ACFE9D97E69
311
4513103BC69F8A2813176032C890C1E9C49FC09C61670FF8705B1D7386260E7C8E7122C7F8208A55139E8C8D4763F7EBF5728DF9C34677364E3A3F9AEFDEC9CD95470788834F9FBEC512379890B38C94205B2557987C4186DF5C0837608DF0F9F3CB87B7EF6E920475752A01460E556919B2B64296FB9FB70DD5F47232A0F7
311
7465BF140CD001F00ADCA175090E2665A14E6329B62660E02A1CB50C6025E3DA252A670B3F0FFAA5EAD94A509FE7036B159E0D1D9F2E76B7AE1FD5A606198D3A747AF450023CBDFD162278B9446688111009B4029B0F2180AE20A542D40610C073B47FEFE1416B2B12200F3C991C2F54EC2491027A816B0A34A9D05C6F437A
311
C23462385DADD75642EDDA738AF1600DBE07EE8437804D2D011A94DF71C2085EDD40266A407FFA1D1C00B0C03927E60338E3B9D8C47D1F8CAED578E06F7CFAA4BB63B175FA7C301B747CB377F45192003CB8FD34B12009224543D8604494011A80C1903CE0518C986208E1C5FDDB8FDA161686873BBABABAE74FA637BEA894
311
A44078C19696F326E057D7F95D061A6B0394A9D5F2DCAAFE4C2388D8A6E9AB7695CB0BDD0A332430F1A9333DA41D1FFB97FA09AE84E738C75C407C260408F8DBD5EDED7DE1570A7BE333C54F16963B46AB0C2B71208EA3D16EF4EEDCD7005241166C005A73C03164792151205C007288AE337B4D7103741BDE7B7AC913350B
311
348B2D767515674EC6F72A0402BBCB41C81305AFCF05F2758D3ECAC8D26AB97606DB9581A4B7A8FFB068CD5C0604E6849046B70C2B60FF0CDDF93C13822B4E82FA0479A68220E66D9FD775FB3C1A9CDBDB9829B6AF2F77EC9E0678FB20ED8D1B1A1A39D10F9812E20D6281F5673121AACAA9C53424000DAC173F7E18C3052E
311
EE3E78E7F1160F5AAEAFB70E0F7775CFCE4EF384DDEEBEB9C0889D5243BDF557559FEDE5F17AB21E118C4C31A3DF6A96B56AC62180293910ECD6B721047664BCFCC6B2DD3C65CA0F0C823DFEF84083C7ECCDF05898EEF158F4FEF97EB9C123F1B9D1D1A3D9F9AEC5F5CEDA84A3C96C14A55584D62893D6A54D8D2028D05C8B
311
1F124884543F3223B29D208B04910D3FC43F5C52196AEB5B5F5E58E8E82610F08C21BD443801233C0CE8BD1E40F84A1CA86001990048031ABBAB11EF83F9283EA89F181F2A0D9A9F62D94B7F625FD727E6A93F63F200F614F7CF100D4511C07DB45FC5F0CB4CA359ABE4774631FDAE85E599EA0878A3C33D5AD6430CF4C055
311
EE5FDB80629000D7855DED3F436F3B61B3DC7FFACEFD2B1BC6FB0696312CFA477CE87A87070C7998E04FBA78AE3F915A065E819FCF35B410321D9ABB308146A11AD5196CDDD7C477A171C8AFC74B45CBC6F641AB53C8D4ADA5870C02379BC0470CF83DB55F073E29CF5CE5F7A3F8FD62EB7AEB1774C2C6780B9523F9287193
311
FD23DDB79FBEA513B45200E2E0C1B51350163AC19043C600F2C1DBF7DEBA7BB9B5457BC0D840CF325EB0BBABBB786D301437000020004944415472B491ABCCEDAFC0591201CAC8EBFACBF367FE7B6E40E69F551BBBE7123E3C00AC560CE20C62436E8C3C54CC225EE08C0D74CE26148877689EDD004FB2BFBFFFBB98403537
311
3A7954EC5EE8591FE531348654514DB1D1C56411DFA2A7C212BE5ED91278F2851A432244C6822C29C85A8B320ADCBDFDD63BF71FD32648E7D098CD018BC35D7FE89E250EF2AC75F96C15271602687965C844B8807C6E7729D93F22E81D39ABD62A0820C1FE9F11CFA7208125D33E96FD69E83AF6052DD32D49FF0802CD9F9D
311
FD39260389A950887A647CCC99BAB17132DFB5DED35138FB3A060F6295AA5E195BF0BB56495A5A4A8FA440026E46A047D40ED2520A441C302D240F201FB8F7E0EDDB0E12A04D8816215A0579E8FE1B1281E9F19C9900DE79842E2A7CCD48E9876EB01C75DBA0E0C8D44AB5512947A00BE7CF5DE9E1A6A6BE43CF1A78783DFD
311
5A404E4477336C1ED8B18908B2A847B2AFE9839E891137A6673BBB96FBBA2A4B8E9373B001F08369BA11BE8ABC4302FD2345FD6014A127068427D007BE28B41D9B0D40FFB7EE531FA673C8870A69135B1CEEE8D009C08042A5B4EDA314920B635BF941E7487E45256439DFE9D276295F87E698389CD49FB394FE19720412DE
311
DDC40E9CE9C6DD605E0B719FADC416CB15AB3A61F9B5B9B9426E54F81D8B03DD950946D432B40CEDAB7BB5AF11213CBA73C9BCCCDAFBCF06127C7980FE6D1DC9B4DF14832D6568FEAEEBA76FBF438300B541064ED33F3AC0B0D10505306FD370AED02859234402F6C3FED006766DDED2034D90D119057225EEE3DAF787EBF3
311
0EC51ACB4F551678BD6728E1944730C095F13E4D81A4DFFBF67C5BEE37E62A85FCCEC6CC6C7BC77A5B477E22223ECA4FCC0F87E2A5E3EB782BDB25B8CFC6736A044DE5A7CDA604526361D650484FE283B77EFBD65D52C1C73C4F48E7D0D81ACF572F2E2280F98FB230508FA906B42DE240ED651B301CEC83DE1790C9FD96B6
311
CBF986BECF3BD332C18EF627A0B6EECD5B152E02088D03D828AFFAD26B05BF671B4F9A09A8CE0CD2707F67F2A4B3BB75B9ADA331C1305BBAC182FB4A79820B7EEAF73199B8404C0B81231CDCBB871B80FC41FF5860E8E108222A1A076C29E6E03B6F3FBD4F1F295DC457573C7ADED636D6B7B8C88413DDF3B327E1046AA510
311
40B40CB50C7E3F1D2E44DAD34CFA604029BFFBE714DF0C069908027EB275F1F366C132E1A7450B04011CF82B2B647CE754F650FF6E25BF37AAF65B7BDA16CAA791F1D09F6CAB989EC5AB7809BE145FA459E8D3E4B0FB47DAEF093B946FED585B80FE1A0305FD5330FEDB4FDF79FBF6BDE81D8300CF6815E5F9896552412A03
311
F31FCDCC7CB5E32365550CD9365FDCCEC8752E943161D78047336F8AF6539840A1F2E764FDA2970999F205CD2BD1F5CF496571F76EAEFA0E1CF8FD2A55FD06391F9EEF8B9DC9994E72BEBEE1FC928E2F223EBA0FBFBFB4F2DF137BC894B8087643D64ADE6EDED67F7680FAC9060239E845FC94AE93D880F994FBF71FBCF5F6
311
6F9F32C292EA900F9C1E6F1105E81C5B5F58A067A448143842008D7275EA3BBA3D2516FDF02FF79260020D6B3C714711F3CFB61BFF56A826E627E82256F7400FB387FEF23C1C1E77FD6A21EBB1B2B35F2F95E7760BE1FA3ABB3A981423477517EEE36FF96F122B942F6FB64D9502BD1B9089162532A2FEFED255028FE653C9
311
F46FA321E0B588B7DE79FBED07C44106CC85133CA65190543004D01D02D8181DDDA5A9C91A7110805B7875B689FC3902200FB192E7DFD936B37B57D9C338BD49E99E181F4E5FCAB2ABC1CA7AAB382CBC7D515457CFABE6FBC63D525E5CDF74B16378B9AD6774A58531912D232DF01BAA913DFB7D3AAFF912984302B84D0500
311
077800D26C60A4742101DE420C610C2E92FA93056022EFBCFD5BB6B38651470CD33BD87630C05831BA864C85997B8754B05167F0706499DC442FCD22592AEC2ABF3FF13F950039BF159FA9B36ABDB2778EFF83F70972B83BFD3F4899E64DD8346AA495CB155A7499F2CE39B0AAE755125EB84FD8CF8D8E4F4E9FB4B72E8F1D
311
BCCB98B31BC4607C2CFF21C8145FB48EA0F2159F86A3098415609554DEFA7B27EF1301033DD06D274BAF6821D220DEF96FA4CBB60B3CA241C021D38E1AA76B4406B4767576166766A6C7F77273F5F395291BBA19F64F2E3095C14F3E60371827741CB27E89543857D6D96BF9A47C6A9A26057840332EB843717AAD17188021
311
7B71FCCC0355AED3D4819911F79D0EA8AD6DA31A83E36C5DC2D470295C011302387069158F6C9966022367ECF1D00BA9BB95C389AE7B6105A1FB640689033A7FCCFFEDB762189103A61C3A4FEFE0D6A6B5A19EC5755A443AE78BC5E9235B047890A65919A0D2F96AA3C01CEE913BB3ED239C3E0CD8DDAB99E4348BF3F8B977
311
B6C43DEBEFBD7721A839A63B94C06A10DB87FCBFA3C2932F8C26F88B6D6BB30C3C4E09AFE40FAB52EFAA1EC0316920E031A46D65A0FFE45A673432E907FBCF86717AC04F2CD0EF512D665FF53F05BFCDC43489F150890C60A8E0314E70A06F619D30D841189CA15D3417F3CD50191AE4396543F0C42BCFD696C58DF163F5B4
311
6D708BD5FDDA5E5E5FDF9401BC4F7E00E8A17520833D1CBFF495B5D1CE037C664123EEE74737268B5D1D3DBFDA6AAD8C08DF2C0BC7A737E10AAB2A7B958990CEBF556CDBEE823CB09FB344143463C630CFFF585D330CF0320E921744A7918280FEEF981161008E9FBC78C830217A07B7D6985E83F9A79884ABB5AB383B4D7D
311
788F9FB3D867A2112A43F19042B33A108690CF6F472F8661CFAC971478757F6E6F2F7AEB82FEA85E5715941778B278281F28C268AB24BDB470EF3303E09C359E9DF1CF990D8A096106E6A66C8620DDE7D281DF0B2831F20439A30D68386CE13E002F7EDA8D7806162B205D6A19AA1FABFD6B1B400EC2BFFDD66FDF7E8755B4
311
883C043F43046C1326136680404F1F934EBDDFDD39CB58A98DF1BD7880E0532E671FA1435E9D6EA5E9071000BE8F262E7C4044FD95D5FD526EB40A05A634775F32205C3D779FDC168CD5E56BF982508BF572BDA4F6F57D3304BE9EB18149461B12F760D7485891CA47CFC44909136FBF4931716A2E100123FC6CCAA6A644F2
311
5EDF4AC980B14039009BECE8B798BF69A05DC5B6885CD23F8E13A46FF0C0A986D617F001C52241801E87C2974C31411DA3A5D7B6175472763D637D3E57C33B908F867F4A59CFCA7923375E5F027A983E18BD7BD4E6FDDBB2250C1529F4202EFAAF979DFFB1F2612E87EBEFEC58581EDB9AA95AD1D7C1905F7305BF8182D5BB
311
B524D47C4E3B81CD843220DE1E6536497C0962C225F75A2D6A998303B23FC501F0B3F736EE1FF01200FC8C99F5515207C9C40081DF304C0A17D06E26CCBC5B3C47459308178301FA8057C2C0AE9D99B05F038828B08400F2E3251254DD7EB8BC4853B101F99AB48E387457C96951E5DB670648BAB70A7B04FE93EEC5F5B183
311
F9739C98952C6845C380D401B8FC86E70A20744EC720E09D35955D96A9041720196D183AC2CFE6AEA816652D0234883D788BEC8F5DF2615261DB031C2381092401B48D8D2D870FECEA9C3D99DDB036C8A051058030E32190976718C89F031DFBFF2EEA3D88606A8A19BD0AE305BDFD12BA4FF46F1A0002B07137989C748936
311
E9DB2C91F43B07E4E4D16C3779CF5A4FFE8CC981F07C29E34B7C012AF0054FAEA4A6A3D49D3A16D2B3CF220A029003366663053C89B3FB1827080DEC2780076FBFFD8E39810CB0593CC68B5D9009F2D400418028B0BC6CC74067E7C9CC0C2690FBB084AA5254A12AF63543B35EB40D17B693F7E3464D5094C00AA9E04E0E05
311
24F5C35C5EC6BA94B21AAF2440725E2A9FF94FE7A8F0E769EB83FDEB039B631B18BF396F5C13CF89ACC02C387DA56DC3B1CD84B96CFAAA37B55FE723B611062258257D331F186AC93D8AD600B4FEF4AD777E4BF68F2168FF08C081A37AC13446C859964803961928476D78F68419390D830C1935B5C2A0A22A3AB17D3D6428
311
BF12DC373B8D464E04C0A496BB3B3B75639DCC2500E0F0B15FB6F47B5A7ED0183A87CAE8D535F2EDBD4B3B7FC762DFE65A07C30B2851DB890082ADC07131EEEFA3DB7DD5CD32C0860CA83CD4B7993A175F422A8149B1C1D94C1145059D9C78A8A572A90B7C8B1E3392FF77A80C50220880FF3669004E90F101740D2B808181
311
455A044904674E7482CC3EC85C4BCE339404C0B0BF6A5611E4F9B8157BAB6DE327EC9BFBA1B4557ECB609C1F45326499EFB90EE78F18227F09E563C9E63D847EDB3B68EB9C39E95AC4F7ADCF7D87F6752BB6912040281E4A0D8A8314E80D60470999B8A51FB1488A66A9F3F81FFA61C83F4FA6969E472288FADFD61B005E0E
311
A4284822E018911828E868614DA0C36E11F3A051070BF2F0840E35F200E2C0C80A776CC9E7E6841C0503D0EDF15ED9AFE527E798D23BEE5F0604E58DFB7099D739BF0BA5D332EF29F1535995BDBD0DE681C4F71DFE6A7AC5A13554AE6910963E9ABC9A0DB5B202225545F5CFACC942B5B93C207352B6E5310BF349AF200175
311
D7DFDF78F6D683B7C87E087FA9B35812C4F8F13452CED610A2207541E6D659A739441F3833CD0C9C3C3DC2B0712F62333C4FA9327C9CA1124904B4FDE0FE21C119776CB0C212AAFBA5CAF80EB43772ADFE77CD9FA8A4144C54C2FB2304C65F62FC3678E4F6C68F30FEE1BE8383CE7DB86F58B1AE0C51F0F055E188D02F0091
311
1DDB0991832228B3172B3E623E513FF1734FF414A611A603163F401BEA790FC9FF7FC3FD3DB02DC00184145B850D01D120424DC03C00FCEB7880EEEE939399F1F18DBD4AA54C939899304D913CC2D5CFBC55E50C7FBE4C0E14AEEF53D6843DFF56BE2D554637EA047D3C210E2C61077875FB5B40E19F43AB7470CAFE1C0D3E
311
D3B3B4778D1DF6D4F837C08747180FE8394F2CA1E0A46B6DA62CE2B2DABEDE0B1924098580FC16B369730E9E90541D3730D47FDE16EE1FFAD3419CDA05ED1F2715C607F2E81893AFC5936303F40EB776F1D808BDE393A3FA401E1C706E154C892860AD74A2949C409E28A8FB3349C764D13E4D1D3468952B7B1B35001BF411
311
42CAD58D6011C8B78961EACAB66E9AFBC627673B61FFDA4167950A274145BF11EA17BA9AA60815C2C43AE1F648E3772E53C94E6364AF826019E723069A8AA353A3BF7FB5359281700061FF64C28C10B9AF0B70B0B0D30A31CD1CFD22F68C76DA1E44558869257892363C091D313EFA46B57C3BEB252E9C6BF5B4799EC58F19
311
10F469E25AA17B343799DB3E33CF410061F96C6D63FA91B1000CEBB7D2971BDD39A2A76361E000F5DBC1688D47CB812DD60F8001AF25B328D173A9E4BAC18CE9F1F628704330741B2649B92E9714447C68559C6CD2F681919367E4811100750058809D0230C087A89FF3C80C23C4C60882E481F48D531764BABD5CCECA308D
311
E2F63D3BB50373D630796126803C2D1FBAC148F7592881B395ED7D26B7DD38D7096AF98841CB37592561D9C6565317AFBE9FC4AF7371E060736C7635E0CBA1809FC80F544DBAA1F2F9393D970D44C0615A0C6930E758B9E63AE690F73045F0C8C0731DE9CD80F718E94652383458799E02C06D328010011C7090D8C5E5336A
311
83D4059953877EA1E1D66FBE994F04608C4C991917230FB61F9AEE183A40AB9108D032449FD1A7283DD25ED15360EF7EA9303EDDC0043403531EDEAB10DFF87F5E2FD56DF0F1B701A9F614DB17FA0E0EDF6FD0B1622A81FA3D1DE5A33F551930335C353A87F9AB05C60455193448246944A232C5D07636D864CDD7A50D0B44
311
40CDCC465D1C418321F50E1648D500294065D869559EF3C40C8FCC6C323E989AD0F0C73142480B200842802C061008B480A9954AF282052B3AF67350FD0DD30D1F4075AC303A5D490250F5400ACF479656861E4C77AFF327F3EBECA4B57B6B6C8FF62602BF150744656A87DABD7BC6BED50527B2120C001A0B3718C74F0C65
311
CD34F275164D7968148DDF259AB8AD6CA81CDA4E8819509B996A7F642D987A401A2B04018C01E6C169A8700F9DE3B489DB2BC49C9B7B858A4F50D22AE15428FCA4A1EDB20C83492690CFE361CC7F8C8066FFD0D77AEE797977F468A36E0B0DFC87F90EE6348BC748F7CB73B5B9DD5C6EE7AB19ADBF6DF359F1DC2A0F9E44F2
311
13F8041F64274C0859A2AB7C37440FEDDD2F95BE44065F22067E3EA0CC3BD8C0D8194EAB291CCEE20B9CD8E02950AD806080047A279F19024C837C848816719AC4A34DF8F0706CED904E8185753A458A27E4C1E37B5F30A104932BE140E0BF4E400160F320B054A8705042FFC47B4940810173F9C9E97240C7FCC3F3813EA2
311
39B745DE9F1B1F3FC2F9330374DBD1A7B475923F9A2ED81716D18D1B577DAAB9D1A0458655AD3CA7E211867AE7C702DCACCD291E0F798013DC01BC326087775C0833E04EA3778FBCB8DA4687A0255CA0AD210C15661E4E92001A4449031D1DD27D327334BE830B64DAD90CBF537A45FBD4E94A7A88888E715B7E74FCD040E8
311
18BDC1BF5AC609CCCC015DED23877080FCDC47BD8EF3A7B783A17D33F3ADEB6D6BC7AD75EA7C7852C5B6FDADA6AFEFC2D181C03F8C40DD8A4AB5024F0B72E34B57BC1182472DC80946789AFB711DB7F1193C03C893B0345F420246114D3EA71D04FBA731C0DAB0D3CD311B218F0D5A15ECC105D02F3AC32F13600084731A83
311
220040019B03180634B5923D438300B05BAC80881F061095FED5D572A3323ABD83F1D37A2301A8C930AB3F66ADF7CBEFED30BAAD7D78A06DEB6A87F15491F5AB7E25842B6B34BEFC12C8A159F187C64B3CBD2356DE5FBAB98BBE9583F0E3280C0076DA15BF34C15238145742B07080B1EFB83382F9FEF2239D003541041083
311
C5AF9EF3C8944DC2030BC3ADEDDD9D27475800693049E05413BFB3FEB4308731512F13400D06F813368A0101D8D863EB3E75FCCADED124F532AD3F123F131AB46A93DF1ECE7F96CE9EB6C365C6D6A07EEC461FC919FE288AF7AE1A7D012D291EB073735FF26BBB1C99FB706E972192819B7A34BF22424BEA1CC7958AC2E04B
311
FC8E02DB90A4A1DD04811ACDBC181037864672C78F6C0EC3073A40CC49D5E813593B7002763BC6A909D31AC86F3F6E335C9E1C309BC58F16418642E2AF6B290A34FEDC0CFEE08FCA0F56700699CB73B9C99302AA17BD516D7F1FD755A2B32B3FBE7134D3BEC813195BD355020A7DBB541539CD2C06E45F46FC0EE08293E6C0
311
E1972176D9B678340AA1A4823404EF79B1E2347E47C35D0A2260730E0B513025DC0BD1C07E3366E9B9D17F767405FB531070700035618606F0B40C73C974CFD321B0C174A80C0F3AA54945FFEF348F5488895713E89B5C98DA501E06D8D24FF04FF0CD7ECD7BAA755A854EC6A180AD13BE094E8D5D63BFD6DFA5F5D3E4DB1B
311
A18FD8473DC6E17FFC9832B71A2A94D96E808BB53F9192955D62C82E282B05168AA0927D54AB20A20A74800B7CC9655C8B15F62377CA4C91641F9F4D0478F4FEFDCE273A002CC0A725EC165CE3A149F0333E8E9600B2C05A7D15FD831F0938DBE5D0FF13E3C0F0765965A0961C3FA86DEEB0E28304747BFBA5FCDEE44C2354
311
4F7BB7BF7A132DDE34F99E44EC3FEEAE92F667A10F7E90B0E8C6442DF5A5318B0F816311DB2E6DC6F172C363FC800EE09186BB9EC82A24C0117700CD884AA42023B81EA6E0CF8B3056411110D78606EBC5AD5417B45BCC8E61EA01C4006AC233933E35D860BC1B6CB9C9CCCE7840D2E0C1C1FFC11CCE54D59300F2B47D66A1
311
0F09D8E24B71B9BDDF98FB62A3B897C53EC88D16D1FFE8C649B17BB8E760EB20B784F52F992544753F2CBF642CD3C9C70D8722C197142C567E74FB431EE248A8F3FC00377F5142144A82FFC28AC2970A780C85A7EE9146FA4B2981F3C93BCB0F3FBCB6DD3DE69C72B6073B99140DE28B8E919D9D9E7C2F5FA99FC1FFD07E9A
311
C0965CDAEA0A945FADE52C791EA989E8E7A21A355FB37E44405D171B98A6E946DB26AE71DBD01FEF07FD378F5B4B518724481820890E7486E3FCE61A60E096D577701890EE07CA5D7F2B086040749FCEF3F81972E510A86359C9BB579883035887542090614E5C4461705D7CA1CF84DB564838606CF1597E8119790D021080
311
C935A908324EDE9F60A04B7830A33F0670CB08605B8D01BF9A3D435693FAB4FD84EF6754930640C1F9D74B052A7ABBA9F502B39DA3BF6BC7514EA4BEC71D752BFDC198EDA8DFE8F32B3EF811E4576B0A2074B99B070A069F60173E7427BDF285024E35A4418B7A412914F2800F1965C4F1120A2D5D2C64400563D594204480
311
7BE7C738EBF3034C4A6F4D70C04ED1F97673C039FABC4CFF18866E08200BB66BDC9CCDCC3FFD1E43BEFC52C317F0F5E64900FBFCDA4DEE68768FFF46350E0EDADB7B34DBBEDE3776BC55599AF84E312229F931E700D04478D66A0D88D09B2276141AF0F8811C5F8067DC04C0F90929F7F1AC9CCD368488AFB965C97B855A3E
311
2E93AE5B4866502E55991B82D4388614F2C36B8484A5FA06E3EFFA984A6AF17D5C2073299D9F12FD63826F67FC460E54030981684E9FBFC22009A3006962285FDF4FC84B699FB5BEF3736C6072F6844C15EDF25883037DE6BB7AFAD6AE164B367812FA8CFCA6FA25725D99AEC5C6EDEEC64ADDA2BE0056002032E1D7A20A54
311
CF444E360D520A5B69816C0A953CE0434A8A898BF18E2B704588C01BDB2133342F5404FEE698957C200EF54E31BE6DF4E888C9C67F5F3F1B41F922777E7FA6332677C20098C59F762F5DFE4A23F9801A3BB6F8A4F66E0D40EC867E92DEFCE84C714FC7CE8DD3DD3BDBF9C781B1C3B549FAD2C89D711808CAB100E09700BB85
311
240374A7209212F320CA577222A7020E7824500179FC7096C714884BDFD9499E027ABEB3CB0226CD293CAE6E0C41A6788F396606A073E28CBE5CC67D584D36CA39D37974FE1023253E3FFB007A26F657FFC901D851130DDC2BF54884F20D5D40A0B7E5C7BCC7CC87B84F2ED820192CCE1AABA1FF24ADBE1D03635B5B3B53D4
311
A5F84120125FADC36A0E792D3AD7E255792CD5241A4C84171F1104090017DA493D0A7790A7BDE6DF326180398E4B0DEADA5C2763825E43E05C388E184678C88CE6422606C017F030366981353DF03A753DBF6370879F79889DD0BF75408724DB53C5B0063AB6568D02DC47AE4627B58D7E367A6000267E7840C23A0940B992
311
DB98ED1C4731B4FB4DCFB6D3EAFB6CAC7646F0335C5031888CD74E2103380260AD47176D703960230370FBBF28813524C17FFFBD6288BB28E4F905ADB4A788B40B4A6201C1878BED224DE9906C4C79EF32EE679B9F5D3B5DFA137327320643909A823F62106CB8F9BFE4BFEAFF0FC7A6393EC7F64A698EFF8ACE31BA05ECE6
311
DAB6DF124118D1D13F892F3D3530602E3F3ED3D59DFB821ECFA3D9AE85B1ADAB9E328DE738BF55D5DFD039445AE76D0194180F57B15BEE5F09C07F952F9A10372BC894CF7DA12CF6507E2A8916E0DF430C519485C55D61EFE209912D8C32866214E121611E22A0B1238DB18E86636A3BFAFD5B4EE02FF1E505F902BDF424D0
311
516907BFC95EF3A76B6B3872769D67E25B548F0DA46E2B93DFDFD5F2B9E9EEE1EE1DCC7FBE6380DFBF38A165CAC73DF912AD76A4690D2B766A3EB4AFA2D05BE543EA20B095FB17AE3F1928D84482049B659E671A4763CFA567C08824913D37F2F92F841FC244085C1681225C04AD6DE1684831682CE0D6096B56101C0D4FB3
311
A1BD3F11FC1105AECF5660BD3FEEDF162B0D9DEC6DB55AF27FC98050BDDEDFF63ED14B01336053A19DE9AEF5F5D9E9D9F9E19ECDADCD497BCC57681922F327EB41FF681E17C1921B04FBAE371AC69E53F98183E91B84897A5DB164158BD1D12FF6F6BEF0E02847727BF2628F9FD48B6FB11DF6928C868B29590A0606F92140
311
D0C08850DAA7DD8A5FE8A50389F61288AEB743E9C801BB67DBE0A7F64F63BC87770FDF57AA73FE1F5A84F8DD3AADDFC32087FBC0A7D645C327B97D65E7A8BBA76DFD9BCEE1B1CDE3F5F7CE4E6DF4013ECD7CB60BD1239E8A4E9A5722AD9C4FAC8F7FF17B214AF8801950430639A08E3ABD05A0D94E253BD5951C885B0CE750
311
309070555FF21F2EF83FF53F4E15038B8D8A244740A5C9CBC120043DA0B323FB1DA0A4EDA268C05A304619505000BE10415DE898809DB6B66896E60AE347ED3D6DC707CB7D5B5BC374A158EDC343D0EA61C217D4878CBBDC1D85686782C3CF4272E7DCFB5E9EF628F5A95AC1AC0C6848F5771329EF8DF2BB79EFEDEC8DBEC7
311
2EB7F245287FD4B31008AB38EA4D52F2BF57167159E3004CD8950E217DDD6F699FC763E9D1A0AECC701F7BD4430A3E030374066938F883C01DE40E7DAFD609345E33570F4CE6BE467FBD7F793B5AF2A9D331D86DBA7BF98067918F9FCDD609A0384B523F4413B574B818C6889FAEFC5E7B8F90CEFD62BC2C85B2478D54DD07
311
6635BE434FCADE68B3ECF1C8708E27863DBEC352D87BCC7A92A8E135700CDE65BC114026DE5DB68275E656D2C0D4087293D43BB4C9C14EA83C0D806783B40DD7CD4F19EE9F33801F55A3F1FD600017A6CD5DE607783D5F74E34680E7DAB98D99F6E5B5ABC7F7DF19D8278322F6A97FDB2FADE1539BD945DDF868EE2B8B70D9
311
EDAA45D1BB0A5801198CF1DA891540474745BF0317F8A3703E02510AE94B084221F887FE950272D62D4232781054A87C58D015CD45EBF9B70E60820A2056E9D4D619E8494BBFA68B61EBDD8CF52CCBA124BACD4A4077E8420A7F36FCDAF661E577B792A7E1B7E337C7CF1FDEBB3B49F501F3C7366C1730E793F51FA20A9C3D
311
2E9F18E63DC277449054CEADA36DA0807467D45F8A744E1BDED725A033868703F1392BBE221158220588F30574A0B0893D0515B0B7C404AD0E7F40C11D504C49BD7DA39A85A19CD7357DFC966E5D92272FF06D59CA5A6A1C8AE30E52F1247C1F1D78F81887F9F3E387075B170F9F5EEE4A7F5BFC69DF02FD8795FCFFAB472E
311
7C88D563DA514861B85BD41594A75F5E866BE69471110A9F75C8609C7E6BF6C7C727431EE3E9E3773D2378C25226E82C08104A57ED273FE0921D6990E02B006BD038263BA360355E8DC446A380F0BA35FA9945A80CF60DFD54054202F91897C241C147D59F8E0FC67CD0F2BF377A3463F8BBBABCFBD6833C57E214AC3F5AE9
311
C2FDE88852968F20337972C7E04EE5658223008AE82D93BC37D8DDD900BD6B16EF221F0D4149045D740A8A215D4FC186C658E01994B8CCD317465828704BB630DA2243B3B4ADD3EA554A97408454148C04A1A0CAAC2E04033C04073851F54380E0BF2DFFA43FAD3D6B574F2E1E5EF6E5F4FEFBD1CA87C161FCBCF5C7AAE2F7
311
26F814027BAE10F79BC3D765D61D1803952210A9AA07F8C6BB2105B61145B324F96014EF223D4A9261080239F03FF6F4DD4975C183B887E081F7A467A25EAA0C94028FEB808637768B07400A8235D4EF33143253198900E079E3FACB0C59B00F827A5785A6FFE2FCF0C0E6F1714F11CDE5140D931D707950631F3DE877F300
311
002000494441540ADFB08704E252AADE1BD4E8DF55796A32B9B6F17737C67702E5C638682737286CB0E0A89B624D5BF28222432848C9AB8C07170C97B814FF492A61072407D638006F7C8400860444C01B1930A522788045633DFA9507267A3A42BA05925BAD705CDD3792FA23C1075C6EE768A673919EB6C3FCFE7629B731
311
0AA794CC9C0D14A1FB88F95C845BF22543F57996E0B26C9E4C2ADF187F979F8A55F11B47BC26594C52588518D25E6C2B1CCED231EA1B748F093E5726A21A54C91EF95789041030C20FD5AD68613432E19A4D0DA2505B6BD843516E10BB00AF9AC315EE9FDB39CC1F9EA59CD88F9CD071D470C86C4647FDEDDBB1CDAB81DA94
311
034747A779F4CED497CFF817348F69F52E55490840E48840BA72DB71F3E84F6DA2F4717AA928F153DA6E4C7E8E00363CEC9A2E1C8E65F298FC4A52F087FCDEE5CBA38A80CBE11FF7BC2AFF249203FFAB77A128A001B1987BD334AD9B901890A8C2005B6B248196AD09C0025ED841325B31845032E327C531C839E66DBAB395
311
66B631C2FF0A1DA5A3CC47E665AD8751B47CFE33899DF047C9F3C365E3B11278D49DF939298E09002F6430F9958803309827A7C791048CA070061B7E9A64C557D235F83EE24822E5EAB805F9862F20FC58F483DC0EF02181F572930205107E00E523861895A2811309808F2B6C14B2AA579E893753C155D2F54302007E9FF3
311
6AC5FEDBCAD47E182D91A73920CFA5C18E01F8FFF4C3F1FF553BCAD0E58DEF85DD63B91BE38ECE1A9FFC4AD4A1FBA30D462C328C5A0340DFD393D3D3D3C0659195C96990F391EFF4175213BC74C020922D4830FE215E76940962BC0713A3B82784C0CB6623DC40D6E1485BAD454F6892200B225096127FBD82D2B12006BAE2
311
E329C771E25FEBC0DAB3B5395289D56D7A8A89081B34EE06F80F819EFE75C67DEEE95D227E283FE98A7B9F1C97D2D05B4D07A469153C3DA3048EA68FA667A6D90E291C7D7E2D063E4D044964D055F2DBF3E31BB851AE9F78A0A7314F0AD24901F581D74A6929142039C65AF5830D1C809536CDC05E4BA51038F79D713DA930
311
CF18BA3010E385351CF47F74D439BCBC793556A1F99814926AF12835E251C59BEA3C083EC2B2760FEBDF4304C9EB87B35769E1EB24B648542CFA4EBA9EF93CD42F03C08F249A2C98897D8E2225E90077823F4A52171A61219998CED6FA050992B6B0A74A2220ED12123004FB977084208F8E2AFC80F456CB110BCA647A3A0F
311
854085D84FE0052BE31FFE7F925610BAFEC06FC33F9931BF063F39DB3D1BB20EE357F594045F4226131578582CB055A59A073AE0413989D215019B6EB8A21CF154D71164E0D8F4E730C2CD382D098DA5261456A425643686BC8301710F2C50665881399156AA2B4C3191BC555728384800CE10040F746A3D8A80A5F0E500A9
311
3456FEC52833BBB45203DACCA37FE1D3EE4B9BF0EC27ED47D89B8266F11EA2DB8B5A8BB93EAEDF0C06B7AD0402B9EAC6E787365535AF19F15158308A9D9785C1BC1C01377F8C6B4D07B50DAD25649764A91DC9812C7B34CA98184084F7C01055466B48058CD44085AF26648520C85C41C67805462D8425680425559F4440F3
311
ABBE1F3F81B1EC72708767DDC8FFB6465796C8FE310FEABE0C9B242A74137EC3E0427091967023299BE5D6D4D0C6D15747DC2AEA4ECC57C72856E827D33CBD319D70FF854369EB841282F84B7CA4881447ACFCB257E252E00FBB3272120A75B99119840858486615636E0E0334031AAA8C08A62E080053A0AAA4158431EC72
311
7A084021D41CF5D630C94184F6FE7432E8F5F9A4FCDF3EA7CF136FC2988093F98ED622E38E4976E1BF0CF49D2889E6DF3566719FE1F9B47A2D3BF89C69155DCF24F88C609EE551160F0415900B4C48FB013D8900A9192A700748002924771A3686A0A580FE4009E00ACC090253E280B90AC15048E047020483A038A60ED232
311
831F2CC90498648690D960C48E439F18F4DDBEB0B6F5AC7B7B89F6230243B4FA160A7B9327F3AD5D937C8BFFE5FF8B3A5E64283BEF8EAB9F71159514CFED62DBC880614AA1F7994CCFAE7D8C87057F451733699B8DF87056E1F0654B5021E38097E4E23221B810DE20559AD183A61C2C88A648DB096081E9801CA00BC1DA01
311
24E08DAAC15FD2936905CA8DA1C40E42B13F1764E0C4015EAD7F8BFEC99A310B1B7C0BCC7746D3C0702759C89EAD57122092122D1F857067684A578F1DAB7EAC400841F493A468113282FFE42316CC74C756B1C880FE78795C692813CF4644480EE9B02991BCA257A71861F00666D9410288487618D120D0E80D7773E2B7DD
311
180E100EC98B221C94BFC4FF531A09B986230F1CD08378A8E4D0FDD7D9B1BC75F5C12EAD7FF83F3ED19EB018620303C217A6A35D826E72ABF2D8E2BB1B783F6E48D2E3F360806E1D192085D022103473A10375B63853EC54F500B5B064DBC20945B88160DCF7E4F83A0200BF6FAEAC88E9F54D22D898E43F378D20B51B5D6B
311
1457000922202800DD401A9266483029C0D6D57ED80D42A0E6E08835F0F3AC73D7FAE6D56185F04FC44472B854EB7D9CBF7134DF3DDC35A9F6B38417DD6F508B37C1A718B0D054124176F7222F62DFB327F34D451799D56216880193254FF782D7DDE26C271BF38C6E422E271CE4AB8823C9510F021126A7A944E00DB4031D
311
013C88EA0746C96D4574069BD5439C4110403B40020C30B07A604F1E41D19C21A93FD9002DFC35F23B1E7B98E95E38387E3603FE7393680410D702FF9ED5A3C5E5CE68B5827D721FA78F3A9A0C08A79722D9C9B418F46C0057BB1640C70AA4A03D29CECF33987596D53CFB27B32C3BE304C540E14BF8464E080918268D2548
311
38C91A01F0FFB99154FD8A9C0495EAA6534A6C464440B4A71E16100E7405088122A35F7A511DC003D002E6C8E7E15F6D1D2FD09014139EC11FDC89394621F77B9F88EB5A583C41E2FEDBC8F82334494C0BFA97FF3C3A34ADE60385B60E5A30CF036E5E75370BE3B83AE73B3B7DC0BB337DA0045299ED0C66681E4AE223D01B
311
1BC3BD4C921E2005FEB5114739040758189BA8A320067B62A3995E4720055065AC2B4A8006BF8CFCC907C0063EACE41813C5F017065AD46CFDC6FF1BFEE052932CA3478C8E5A6F25DC8503D40F61FC1B047E4DFFE8E84407C81F1AC7B5C79DA358551CD0D13785A9AEB38D6EB68A0A8087FC6543E7471082873CDCE5CBEA1E
311
FC5CC0579469E225428E9A43D6A6000B4219DE52E8DF00A55F4BF5035960661C2DB88AC1F67C2890A93FC420193C8326409E7B595FBBBA9AE1D1511B3F6D65B09AC10A71C2317201A603E88C56CC68C91279E83F5C147787EFE6C675F00941D23EF092920330982DF38C65EDFCA89DA98E8ADDECCD77CB86D85118F3DD9884
311
820B1128010D02F1060F582871CC8FF42024C02239273A1CC3BF71E770DFB7E96081682803188118B50310BD620234F230B12711B063E0F0490FCDA9248B580D3D3DE944A30CFCF2A1E0F6E59E8FBEA289CCCC943785BB8880ADA9C2FD70F6A13F5418444E3A669273C006C4B4EEEC067827539FFBEA9CFF04D84E7F170480
311
037005AAC8829084329899F90B5E013927F8E646514B4824B01D11F72C012CEACD163B6358A4454A4221D06E68A71062520649BF9E9127D0772D6E5EADED52FF216BC2FC513C7D3C5CC4C8AF009811826AE20203B076A2AA66D8D32E317DEE0EFC000FCE16D9E0BEB17C74AB009256C5D8AD1CBABBDA61402612C675FBD72D
311
07E633B1A42F2421208CE01397560811204306617A5141706105C9F4984C459F2D0F6C392FA05BED808512B0B9A8A9FC6CED89640EA347D31F0DF76D3D9E61E800FE9F7601BE4C9614A1C58E6C839F13A12D0EB426DE6386B82369A9E6A7F1F9146EB578A2EF4289AA109B4F6CEFEC0463E0072A05CC9DEDEDFE08407B173B
311
8AA65399C80B2911252E6290C82CC1B8909140C11B7AE161B42B93905045D017E00CED6D27AAA15F2C2179F1E83D411A7020B9408D202381E7E5DEE5A9E7E5CDE3B186433F488AC81554BEC09BC579018ADD1DCB3D9D70F02B14BF9159A4DA376225FE43DA224FED327941705DA582B2FD1BB5DC0540667B650BECDD1D5DDF
311
B0C7F36DEE2B94F6EE2EE4E426F20A1174C31DF153321A24114C4FFF25E505475F6906D4149B21F1BD9D9DF7B059F8E0FD83323CB97991FE80EE131A9003B81C491B218B1D42C0C0D593D9D548003839DC29A740298B0C23F0CE14BB167BD61989AEF0B985C8FAC8F923A73F31953989F0F6C96CA6C4D0A9A88184BEDBBBDA
311
3BBADE77CD8E2FFEDEEF46184A86671D7DDC51417477BE9F04804F305AC82C2D018A21EA903866A0F959FBD4139916D036635EE03DDB7408BCF0627A03027AD314C09B0A27F0A79490D53839D0DAF1416995CAB24101FA63F75029D57A4CBBA9FB4D120ADB17FB5A999FC9420DFE04FA670430B90FE7F589F7FE8D50A4B5F0
311
04CE5F07EB4EA007F8AEAE8E8EF7DB3BE2F81F42166C7246FA9E62D02C8209BA1024414C483498B50229FD923F2414040B2081390AAC353B5283EADA12A30B1080866D746B9ABF5BC107F33C2A015B275480759334B83AB02175EFD0DEC785DFC505E0064F4EBA5A97073A74C5C9FEC97BD25D819E28AEE661FD2732B8BBFB
311
1BF13441B3C1F45E8AC1752BBF80C113DE960E0AC7D9D02C58C80505A19BA0E84B14402601A590A4AE00A825E98C3212342302EE10FC5100681F86834A2804BC409D70270A2091DCE874B16BE0706C974EB3D26EFEDFFCA6C4579AA4DB781708469F055532A7046C6BEB0CF39F3ED2EC4FBCA3D00EA91CA68FD2B87B5C191E
311
0EB2C300F00A1C9881F263571C6CFD83D079D09F176FAD839340CF030F70458F81F09AEE1329505150CA0A00576B56C06D58070B23086F685E44232D9D53DE3FC3731044F286D19F459351863F749F1104198D6E14BBC68E17CAE70D7AFD958E350BEBBC70C9C4DFBA075240DA27D40AD7DB063A097DD3F041EDB3E4B682A7
311
A12A548F3393DB01945547175879989302521EEB1431B08759B632B174E0F700E774FCA1BB83F95029ED1A084288C8893520E49415E00DA080AE8027C34206D35491D050A4C6B080F6A20889A2FF82379AB6234F6710C05F9080ADF002B9C9F9C583AB220F45D618D7E7F7547FB27CED8A8B7A7D24EDA4988B0C1C2A1AFB53
311
FDC61BF3DE50D63C560F0120B0372F0839DDDAF13E583B868717C1CB8CC71D1D7F440CC82184803144196EFD58BBE00B7EE77DE8C015942357FB06FC906A5E2B8882CCF9FFE184B0035A5CF186A962A63F84B3AAEE3D5A2C830008807568B6A9F424086D2095A3E262DBF124350082C4B5DF4704A9D2C93553DE47BD6766B6
311
9349610716999FA25854F759CA9792599D3837ACF6247CE8597B0F960FA3EC45B61715050260C5844FCCFEC9666BC71F875B17E3BCB4CB151405D7D08F846B4CB952248B4603CC402B609E90F0044A007FA800EC46D07A51232B00E5683C55D5096E1374DA4FCBBDE2C25A5B8D26008227CA7758033D7D70DF12CAF7F24793
311
9F93F1CC63047D63ADA0B7CC8771B234D8095FCDB577B586D1834062035670E204B245EC093FCBE15626C10D210CB38A13F50E10A0D5C0814B0C4B30AA9858516001669002229618F100767AA3D6D2528595FE7A398C2D2300ED0013A0AE60B91644A057327BD3C36BEBF48C91279B45F8BD145494674AFB211A91977CB838
311
DF35DCB3D6D6AA2FB2784B591ED785DFD7DB77747DAC9D2F7674810EFC2895F9ED8007EC7885101679C06F21E4B1C8A6120956F80518D1DAF1717BEBFB5803E20C6F2A11B2E48AFF4AD2810A70054623E341B3D1ACD92DA91150DE631EEB2C28882D092049C0DD38E262A7BD6F98549930C9D44B7C37028AEA9F8C5628A2BE
311
F5704C0DCB2B428181B1BE766F43014498D2E57791E4C8DA6BD2ABF5003F0C40202E2E32EDFB02852D16C30B7F646B98FDF86C7891690043128B0A0DE6B4EA27F08C30CA34C9D0AA0852A5997F8D11A6EE84E040B20472020256F4AFEBBB74E6705A12083B249089218E6452C8E5A69717E904A3F5EF3D5D08EC1F4D4E8508
311
6B238CFFC11AB9AE972CB775616C6D1DE04DDF073B4DE3747C41FBAE6072901CAD0237100670C5A00C2C3CE063610ED824826C1F6650700E88C00B62468903A0D71D3A390255AD7040048348C56C4647413C2C2561216E0C469203EF06A5B101AD40D0E207F78B124747DB5B4BBB4E88B1C373C114E0470B345156EDDBCE1B
311
4DBDF81DBC400746B0B54E05F693707B89A5E430982C2AC7D10DFF11D5B102B9505034B35D07E8E5F585757F088B390F2D4C85CF7218E8418BB4F25B885053D07D5A908326809F31D6CC6B77CC948413B28664484439D118DBAC27DB5AC40C1AD166F25E6A2F0AE82100C0BF220405323E1FF80DFC518CACA8DE1003F3C9FA
311
E9C7B2D60703A0004F8EAEAD2DE0F5485452D15B77B4B67F4C2403B8D8F9C533558ADE058A9E177A1698F75DC0EB4C800F74C0270178C8579C1FACD025F0560844502D2BBC01E620030CB93636C1041636A693949CD80139FD15BE107F905590A292840F8860706D07E2970A2F15E5B13B87C3143CB2930374CC46A6F9B9D7
311
A5CCCC14E11B9E879A49FBE27ADBD6DA82410FBB94FAA8487D61B51F4BE0A03FD08743C31020D6628ED20305A22C2C2FAFA7ED1E7881C438AA5B9035F20759E243C51F34D0D5F02F11403B9E204CC1686C0B6C9000470561519CBE1B0E4FBEAB37A39EE4B84C05F023858779341991F36D9D9F351E7BB3B5ADF00148D9D057
311
84F9AD8B037D48C01BFA83D4247F03BB768BEEF973A14E610090D4B96B1EEC5C5E66928F28EBEB6CF578B067DD83086081579848E60DFC7684044D8174993C39F886043481F6A2B743B18749E52447CD4D230513032D20D20206E536E15BCF7B7D211634F98FF9986287F33F9A94615A5A0A7CACF8DF5DCC1AC6EF9AF1945E
311
B78E0A2FED1DA2ACC00EF983F9A012260BD722EF61C9DBCDD8719703ECF839029010CA0B9F100B1D2842153E01A1A3837AB579516A31982FD2908A09100DAE591016CBCD4B011A2F4DE299E1338CE065DC4841BF9895D8C81714800CD08F5AD39601BC929B55D291F6CDCEF2AB40DD5D98F4E6F107C47AEE4A09A079C05316
311
F479DAF4C2BAB83221BCC0CE23FE3D3D4C7BC9AB673D89A3677D6020F6E182332028012FA0FBE0B2668FB85485902A8E7FA0BA2105C213E20BC2169211A4BABA7D693C3F1DA961F203694853137073AD5CD25F1C017DE0477626D7BA55B88F83B5EE513C41D814639FD1BF759171F4577D3CAB0C3DFF68B2D3B1F8478C18F6
311
7BEBB2598FA76A4545E9E961BACF657E0791D2373030E0EC9FAEDD17BEA7703A738185D08236C407448A4CB504CBF01FF43859D3115488EA01B55078000DF085911805790DE1B41B6F8CB2889C3834FE02AFE07D85143C6C008438A944EA63E047023A7EF37E13B0903AFEA7BBAB9579330FAFDAACD540022980B65A75FBA1
311
7D388F1E6576405CCE7032D95BDA420E7DC0EFA320879E5F8B3B04C1D2D9C1114210C19FCC49DC6A855E12010184DB8968109ED016E4683CD552A36B3AFA13BFC2114068935A7E774CD2C7225642B73325938052D8634ABC18DC9442BF9E0402E85B42F9F3273672DA8E8F1070405D1DC3248487574CD98092B8B956E6AFE1
311
566530B78FAE05B4A0DE51FBAF85DD075C7E11939F80E015A58D1F87E400CFFD2306C4D1D3C634380A201545A92BE01F445800BE12302AB477BD6F62600D211232EB061448A0D2B877BB940D63D059C37E0569A83DE93E214F4BD86209FF6F479C640AFF8AF6D1BFD987D029A94DB7C329B4184D4BB013BF912FB88FEEF913
311
071A8D82B651BC10DB067A7EC52FE1B421883144C00F64FA23A11CF708BF16CA59F18D4C04B8085964B2D8DA4A855187000BE440BC816FFB13374640B0EB1D0998AF38A1AEF503F14302E2811081FC12EA6CD38A63B33035125F40F170C0B0AA45E9FCA38FC6D688D48563B5C4B4B7C359D3C7AE0EFB16ACD5E2FAA47EF830
311
7044B4EBE1C71E84E742D81431FB06B90B600B9C239E277A57C94C427EE10E7826980C0136600D916A06058CBE8604DB4D314FBC014EDAACD0820F14BF75449B70339490FE5A0491221BF95F949DF1235380E969AABDBE2D32EB4403D3FDF17F42F9A0A7C28ED75BE86BDB7C7EC80C76F86B8800F77B305EB88F00A4352E0F
311
8089EF811EA02A3DF08F7DA008F803BE4B4EF5F41E56087099E920708C3D720916444440FDFA013D4E1201414123A09290F5BD7AB729298209C4306D007BB0829FD4EC3A6D7E4F00B67DF38CA0764F832F0448E58439B952CB4F70DF964AFA74CCFDBABBDF273E2FF4F56D3DBFF2A78D42FFF2755DF307066497F44062AADF
311
C0CC546F6DCCFECECFA232E14F408F05477D311B683A35BC245FCF8A5CD2AF20022C21022266905A5BCC8B20235D6FF04019CC04058AC80023662E25F342063165956320BE50370F2A657BACC817DDA3DDD3EFE04028645780A768FE38DBA88BF2EF3ADADFC7FEACA952E5A77568ECF0C971DF32BF1D24F8486B22A649EC81
311
B1B60315CBEFC026091CA45F858D7D04C1B437079431E63E38F880758842E780A9E03791C0FAAFE10012588C3C592FE35461A6047802BA18686887023A422A49599399893103942CF6DA53A8E387825FA0678B261F139F801E2B17C901D0F5217E07AC2401A87D0480F753FBED44FE949C93A1D042B879FCE499B3D861AEB2
311
3F9C1F372F0C24D0B7D6E70FE1AAF60F84BAE642D82F0A9F53E22783915518494FDBC0AFAE7DA282E5050B703570E06319A015E00D693A6BEFFAE493941C3B08C13B96BD20D0115A9565701DC58568A3009DA13E965765C03091F0FF339F7309D44F6E61F837F1B1FF920450EB8FC48F9B40158BE89C81A597CFB0DAF5F575
311
5D3886DC13D4479599B583758CBF35663AA234F133F91D3BCCFCE0A794367F385C59B19431780F1C099131384056616E15A1563B50021D369C593FB292685A68A8B2A50A0A2085CF05434617E05FC24A6B077B990014421A68401AC4D65788EE25F737EB780D08A6E38F060F2ABD889E1B889C44852C2FF368C1E3E710D73B
311
6589EA83F7417B341ADA1F639A23D15298F087AD0326410E116C3A1B325218433C71AE62C07C1480F1C045629724A076A4BB8D622D24690486727F56108D07046DAB065000678E04C4F8C342DE27F4AC102D854F2D08D59B4ED0E4F697B0FF62F113646BC5B7F3131D4EA8BF8B265EA3F2026E7061B96F6DF3D993276B2180
311
B8E57067587428579460551049049B074CF8B1066C7E14C705F0B39298C0997C17F701097023BAC31081390196801FB0C2A12380042927503D5A01CA127F9841B460310639C674BC8CDF1A320501448E0068905B07F6E5602F8C1F07786253438CEC51AE61FDB25FF71B09893AC026A9EAE3F30F369F5D5EAEA5801FBAD3C9
311
8B38C13EE017B054F81A56F05259DBDA64FE270B1FC4C77200FE276FE814B916E222575ED717A62A92956504605268408CFE13FD61F84252228376060206802B9550F00B9D47E6AF1022538A752CF4FFF1F5931384A9FF8700EDD4FFA2B93FCBFABB3EA6C607FF714B0B8B04EBBE83B52B246092AB018C0D0002FC490849F1
311
E214AE6FC42009D6D86616C835B65DB9862EFC4480C14137603C3089D0A5588FA27E693DD184131BA4E88C35045ACEF1CDE1A82323C20B842F2419604821196EE8185BC834AD44F8E9B7549A32900196E9ECBBE20FFB4706861AACADBBFD9B56A23FFD3AB8BFACC18B1B5AC0ECD7B6AE2E2E9CCD2BE8AF1B1BC3A813B94107
311
E82DE67A42E7CC7D4A6116700B5B2EE3C338A09B840F07C40A64800D7C605AC42B72227C4C7020AB1F20056E26F542717F56534261DE3766AC10A6ED2D006DD03BA9DBA507AE0510A8B385C92363B9154167F1230C40D76AF6F3BE0CA08F8BA2FFBBCEFB09D0986550E0F0EAE2F2780CDF850CB0F88CFC2815FE87BD83909F
311
474F45DD47F1C821DB2107A8817FD45384F57891B65F2543D0C1E20A89B4A8DF806862AC27C60F6A054627FD344250718AC0FA21CDC4E28DBF2650D1B39D8B8A420C348A4F846E2BE824BF8C45E1DB8EEB52F576F47A75FF95F90FCE0FD3A7A08D48D5B9AFBE3EA658E1676FE3372FB57F0AD8D70ED4AEBA3D4C2BE0AAF1C3
311
AD63A6004D12900CFC481A47430C9EACB390038642C8C41B13303166614210592736B8603AD4FAB17189DBB32F3915F0C380795A089A15228460BDE8E52203527D41B5470901B088D84FF8B3FE2BA7F4FD30ACAB3DE0B7E2FF95807AB0010FFDE3A048F7360F9F3FB9380EE537F16F8673131325D3351A3F664022020811A0
311
FE8C019CA17370725CBFF64132025DA1BE2555102212E80A907FB43ED80A991A8AAC183932C19AE17524B06590B6AD286EB99BAD18FF4BD64BAB519202F992A963648ED30E7521F909F090C0213E367A77D8836BEB6F34D92EDA624183070248351F1A079E5D3E7A9EE81F2CE6678F92E299EE312B6C0572C0A7B5EEE07853
311
612403813152C7125E2022A20C18F855DBAFA399817FC97FB6E1CDCA31D348434ACD0012F0D32A5456B4007E6E92D72B1A4E9971223A42C1042819E4049C0C5801300C0013FA48F8944FBAE71DAFC27F1826FA2304ECDF3F6C10FF47D5C7E49748DDD687DE8E91C09394EE0682A4F84CFD6067EEDF43E67EA46CB2F4070160
311
439245F00343D03BF25D7E2F26FC400A896DBF19FB8D4D0A66DA669C3D608F9CD048A0533621B25690EE19D5D15248E390F042B12C682511B02BFE3E5700E4C9A9B2107A8F45248FA48234FD23005ED1F4EFE80D1320836F04003BF42856D478D1DCA3ABEEE3C68F9F30C3A16E5C238EA5DE3FF37DACC2F8B7980033F47FAC
311
34421EF0418A045394802CE032D61C70023D788136788613887C0011A4EA316E005718AE191F8D0D841B9C679CD2FC478442D005429166F5A24403B1E6ACF3298F388B6D0BA933D92339D48969A5C11F09B4FF017A9900A4F887010C474717E10F36468032FF33F4AD610517777104CD920C3CD15FC5F3B3A0C75BBCA3B00F
311
2724863C10BCD4A0E00736C7981F2F72E4B001438B99714FCFAF713A2603BC710376A1715FC602022202E06FDEBBC680A3DF1C4C095A12C50B554FE7623B50374FB2129DDEA4C392C9188077658C87F55FF92FFA507FF03FC8DFD3F31BDAB46DD51AEB03F7E1B38B8B87CFF47EA1479C3EBAD5C6B382C221C0F1B358B39D76
311
D9D3142C4A20935F541E492E0EF081BA41B3620A8E172B584EA1485632E22A8221CEDAC6110AFA4B6D43E2B76A18AB240BB24337721C9321D2C033B2D3E2641A55A400A28403C12D1DADE39AD23FC5FC08C47A64DC3FF6DFF76B5235124022D7E6D6D5F3CB870F9F31C96FE477FAFE54100068A3A87FA5908A2C08011CF313
311
09C10025B089FEF9C510522B8DC07C30AA469841723A10C08E27F00F7FBC181C083F2809EC3B2B328E294AEAD5A071B3A95C81D2DE3F930372D022C9C793535B92FDAD5426E90490C3C81D000017C6494441544698C416520C1C40C71FC204B22448FD9303782FBA67089A1A7D4CE38E89050FEF5F1E078A4DCCFADA058032
311
C34C1CBC2E1202B1F8962B1A8024F0EB7A11F209E96FB369D4B64202FE7BA230AD24C46413536EAE955B341B726C593B5D4630C0BE822480908522B0D85430230352618DCD4F7BA6D568BF4343801480006658EA3EDCBFFA9702B4FDE9022163C43F9B72B58001A23FCE6F0B3FF0E4E1DDFB9801A6FC42FD0132CC1F2224F8
311
9933107AD30B6C9131A53818AE944BE25A70810821C38F098411980E46D108F483DC63F49B91B852351604091D60546702F58A3872A1716411B642C7629C267E64E77719F46B0548FD6BFFFC86A38DBFADFCDF700228C124C8664FAA02BFB1F92B09800876FCE4F2D1C3FB4FD0A44E0106A8DB8079751CBF0BD9340066C3D5
311
2BC64706467C05B5A54401BE4A1B0132A55EAC1CCCB10D378A3DFEB9812022327745EF2102886A9142C812A1A2C9708027BB55B7006357459F9C2080E0BC34489FC629510F3017B62D5073E2A2C64048A0A42580E413BA9E08274091A398EA80B5BF31C87BF5ECF8F1C5DDFB4F22AAC181F070AAFDDAE5650C4000516440D8
311
806786D874215149E69ABEC43FF0EFC820FEA112B0522003C84BE03FB76623513B6D840820358B084119B0CEC8C00AE888826339A54091F5FCA513AFE147975BB1A86FC50618D9D74502F0C7C8815AA306602FEE3A5E79E0D7DED1B221001118B73182CD439A092FF801105D1AA14E1918EC282F6260869D55108065988BD6
311
7F68E5581720A708051F7C8070F582389C682BE53F2AFD85853F2A013D21564028E06E79B7A71E43212180A81541EBC88F451E02385100491AB0C4A3BC5309A95911E66D04C0B448366988ECD204C2FC930F8CEE8FA410EE4C25B58DD1B6EBAD83F6196670F7DE635282C0A56A851AB035831725F0471A10FE52097089C804
311
95804100318405F0DFC2136004B4C40705EC9154315129205EC357930035688F61AC02188250CFA9A980233925F16A117A48CA54DAB6400221976B75D863330942E20EE3B00B08FBB71AA813B0E502FD2B023DF70114E0D7DF2E2EEEDE7B789504200112075478F2FBD6897835C91F0C20782401E801A2F9142700B7480570
311
3426023A81CC0BE88B537D0003E0C5181D29EB8D83050964DD2580910A1E7A8138F76253DC01DC2F3824391AD748276C0B0CDF12366625D038603D0003E0266CB42704C8CE7FA7F11B4D59C0BF454A78F8FCF1E50513715D469607031272358F04E0003C90107223A581218F10008B10247CD20D860FF0BF48801040B36180
311
8148714764028EAC137E871501EFDD97C89B52107FF1235B0928C562530082573CE137840EFEF82A0BDC602736C595912FBEC69E6A3A26903B3A300C5A098A9E3F1810CDFFBA019D97B4E7A7A075850F2E92569BD960CA7B8304995FD006FC4213BB1448A6F4BFBB3A9F9FC4962D0A1369129B10073771FEDA38B1737B663A
311
71C088D8848027FC3008DAC4E4397A6F76271DFFFCF77D6BD7F1F67DA51E0E08875A6BAFBD6BD7AE52CC04A0B4A2206F650EC412841A48258258E8662C3838FBE21E25172C2A15A4F78D82DCF68A005DCF07047C183E1CE47731BBCCB5469D9169E0D588945BEB637E87802A03D88FB82486210D28FB3B858D13DC7CE75F5E
311
6F3B03C1744D30CC58C7C7A256146853A05243060B850072A7010CA47CFBF9A1E24F414037B8781E8E9F219A774B36481CB43E48A79819D638C8760D672FAC19FB9D3FC5EA9158DBD0159C27860409682E8FF2595652FE189D2CC2D7C023E944158355806FC320087CC74116030CC376C559C098B93A041C5DDA48AF33827D
311
2327DC761D19C17CC62780D82A170E6CE7415A5E7FE825E053048F88D2AC2A561CA4D4C60098DA28EF1A01382772484698F60C8DD24BF396EA76260542810A625978C03580A9CAB91D10249BE579B0377A3DD15749A45F24C4D81FF3D7D7996F6A1690288008C0FF6CC186DA9D5FC95BB09B1301004B016E707FDFED306A1B
311
E8FA208828F00BF342186839839F1F6FA338DC5A0200FF383DE92614C03A4508DA18F4D85F9354F7E867AA77A42FF49BBE6757A1A7454448D0BFC3C220714FE43A3D8F1547BE10F0BC5A05985AC3C28829A06FE24CD062700601F4AF12AF99099B08E7071DC4626A97C920C3FF96E190C9D1FD7CB6163E800D79E5F3F10A93
311
06C02B799E80F1AB380E0571A584C0370A220C3125000B500900D96FEA40409F980E2083E4EDF4D8D2480AE5667222E020BCDAD4EF19682120818FE18EC7FD6AAD67C03F7DF1955E697456F517AC4F24700C30171C67E9168B109A4F60AFA60F98BE30941BF776DBC7C70792A2FBE98AAA97224F8BEA39B47BFD14A8CD0332
311
0DA2B676E3AA397E652E30A42CE2987B7DA1EF7F75242413800A04C0270C62A13372400B435ACD84B8B5009208F5AC73EB149FFF3508E21C2201E0338BE07E50EB47E7FF6D97724A601028C5519073E7978EC88834410450E074DD58AD13A4900103A6444A9CB99103229F0EF8C0C78161EBC68137240734CDCFC349807851
311
E0EB46CE864D2E405ED341B71A390CF2DE20CF5193189E1901E866D0230409684B193D17E2928534D04240937D3C84477494FC5E0FE0B448E35AFC19007926C1C6A6E622FDB8A12E30993C6710E070397C4B26304C0AE38218D19F01FFB15BAE1C0E7E74DF75F2406E373C414E848FF8E500EFAF3C1029C9C0ADAB2313A742
311
6CA9B2C1B9E30032C84EF31A09A88A386F136E8C2F1D582EA0459207015F10F1F001F0B1B7DF7222011EA2001F00BFD36BAEE0850928B08C077030FE3806C880EAA74BCE0863A952812E6008B3A89199C1EE918AF96AF583F1A073B0A355B9D861AF1460DCFB3BFC6B7EFDC834B09700CBED3510E48DC7129041C991F06BA5
311
006CA6B5B34EE21501374E8DFC910042036111EC9C7CFA1C05D48A7270F7F835BF04A4194DA4CF76CEC66718C84CD020D04C412AC848F03E3C61A1C8D50D0EA6838A00376054D3DF61A0E393E1F8B058A6C994093476D601A4A06F0CFD3C0A6BFA910E75CC10400A80FDA93AC9B5EA4303F6C0D188B559086091CC59101377
311
72E14F2376D03181B5CFE74C0EA38440D0AC256D6C4D104CE05302FCC00B60B9CD4D71E08BD40C144A025E60D4C1F45FE846A2105D717EEA84808A5DD90A168E133640311CF05DD870768683F5D2F1800F485AEBE5CABD8FFA3C0BEB33702493AEB551B1EB035EF5C8E5757FA7832141F88E8578A363802B560007AF93D7D4
311
70B478C4D00B412D634C9140C4F9275C00DCE8DFE3C7F8C0AFBC5B2CE82E3C3BDF393D4375D50C43CD1C17E3777CD2C170725B7B42B41DF15BFC344DAD089C1E9118522B4A2C60B794E4E8F33081BB7C8CFCEEA0B2015E49D586429C6C78646180B7710E06018A3082243C275F077FBE412C17DE80D3E6B9462C5204C5D980
311
D1DF84A864401C483CD01B143F4A4868087A0F780F37230200A4FBF6AED325114C367C22512750A5C7C3E32D545CE20A0904183BA10015DCAD89864B3E1EE97EBAE8B204266A48E010511838E2FE413FB116E60880C2D8440AC3880DDA6DF6618C138CF1CB2A09637E18D00F80CB0DC05322E31EADB8081C29410903F06BFC
311
DF5AB46024E4A75828056440503C707856EF0C037623DD4922A400E8A6BD75E4D2800905F18450A00CEE88860C8964C7B3F90F56528BA18F71CFBBBCD2D05797E168FC37DB26DBE0DD2EAEF39686C18440820013C1444055402A541400DD362A0A402F1FE51246404E098249FEE30708C10CA0B54601053159480C00BAA9B1
311
223A773234FE72FD5C3BD81804D8D196FE3D5315A0C981D88D04FA01DFC185CA93F9120E1F480B08063364A0A318F08DF95056E4C91F1150D31B011200383502E079EE43CC18603AE2F88FD139C802A739F208E88D06DC78267C448C27C4113C19B0F51B0E9C1C021CF8F9167C6B1F2E10E461002910105D1042792D1CA303
311
F469714C018C23D72179E165049C40E801CB96CF334562E5807291D1E0C70FE6CAD91656715F0E5C5E70F8D7F83290549B1BAA6F781D25180EBCA93EC84E72A74081CE3020789B3790E1A9E478E658C099BECFF01E530E80EC5FE31204ACFF70AF8177A03059240CD074978A002A878BF883FEEC81DD684E406CA630ACFDE8
311
7292822A11953710F000885D6F68A67ED40CD772B0828359B753F7CE23D9479AB9845771B389D6A77130F8C134EFC83947392029B10E4425440A84AF0E54825228FC1634D369874739C837A9DDC83C20D320C36042610ECDFA750303710224D01202488012CA847424F8D53F78AB6BECE9B3B35A7F32396AC6B7444566327D
311
BB4DF06FD9616744F4D3A397EB3B0A3FBA8D763702883ED742FE5CD24146D8E353ACCF811C806AE09914D8446E93840FF4D6C963FF32BFB6AB015D1D3B0C9A0968776F021F21404B6260CF84A14F35180CE20B5E85BDA2EC91FD5A7DBA7E5705F4F0F97AF26CE18E3BA078138202400A62930FA6CC7882F911A92F33E547E6
311
4990B0F27323D73B6222863F86425153FA8009361C675554C25382CE148420C8DCC47A20122806CA178A0918C14CBD33440289078A00EC6070184CA9907FD0A1270478E0B325B67C2193694EDB7DD0F3C238447C8A11485562FB4902134E6AC952FD5320A4F7C780882DA9684285CD81D278C0E8FF8DEC9F45D22DC3C2CA99
311
C2728110888799575B6834BF22B0F01EDE72D7F21B672C40F0A972999E2200B7C91403F9BB3D09C01990819238CBAE5E7510D7D57450507E3DB04AAA0A3C280064E0775380C8C16EEA4834346A04BF0CE847B4B3AF760D06D24BBB267C32E2C9257DE5EB748AD101AF1FD33265E2B674EED8C01A0AC901392211011AC81056
311
0F77778E85B13BAFE3E25C95B70919A4862C15928BD8989664AD8638101D009A80F00BDC41AF27602A4BDA0C077E550048E7F1011410F01405045E1C140B4D0E70E0F6E034171C3D6FD12004FCC1FA304312518910356628A4A326EC9ADF5DFFD1B2C0399503F14B4F8E3E0E4E39A06ABCB56A8014687E86E462BDDE512461
311
5ECDB412B7314F62E6E0C76ADEC0F717B360E741960104CF1706CFA18E0605004B01AE007869B095ED92144A807841EFF2811C047889A04901C809062057192688C92346F97F279449F89B113500BAD282D1DA80A55C27EFFE02C8D4F395003F285B617BBF0831F49B055342DDDD414378E8888E92C16789F269A27C9A221F
311
AA4A0DFDDB9F935B2ECC04DC51481558A69301E0460B02665AC4DD30C03D480866C3409400051811876014C0F294C542821AB045011A3E3F09001FF304E3A0BED05CC11A811B865001769507FC01ADC611F400CF68C7B093606E30F3C7E0F00C1D10C31951C1E2D7252181DA00345842A19130715C736EC9ECE686A712FDB3
311
1E4D3E50AB336E5666D7B212C0113C4A4406029709B43D0228F3FBAF49921B19CA0C82A2D5BC4A2079809240F37D3E10F9637607C3983F0458508A98B8B4EFC92AC13530180CF55359500080061DF59B98BB3FEACEE881DC8127F182A885A86FB12B43C590A4380504E32305E3148BBEEB2D2782029765428092545BA5C2C6
311
81FC5F8E869C0EE1034A822FF09A12C94084505AA868080303473F8161F7AA0A6610745E280BE4427FB770106F8800EADABA19F453210435BDB2348471B13B65F2FCB554827632C4C44467333E4127095D22092ED492009930413251B5408345065065E415266E20279A40B3F520370BE2050C8360E6BB4601C1673B9BFE00
311
7EF5200B6483CD195400A783E6DEA0653515B0FCE8E86D1618FC1EFC15C2E727F24F2A2DAB57326D8D0877D4E298894E7A0C3C7D9CE8A0E2D17AA2020FA1097D6372F2A9F955060FDD467AD0426368C24A8340FD0D6687A76316DEF5179ED9042005A2BF02A5DD810A4DEFA4A8F700EFC50FF4FB8C06410F0303C106ADF885
311
2ACC6A2CA9046E9ED070739339857222CC009E206479886EA26227BF7A341A15C351A8404A6C10080A2140FA4B4E8D9B9A11645899332363FD69887F436A660566964250FD752E787B64BCF8E6C8190DF8EA0C854C062D8A5A1346F810414313E606ECA0AC3A01D6928544029D5F42E202C0CB386F880F7842A31287061F32
311
F3CBE09F2950783394F2F2B23D85386C6F51943E99DD10C8A0000BA9569A14805693274BD0E4F4DC3F28E331EEA91C4F33ABE057889BFB92819187840A08E57A276A8BFCB75B0342668C70C565C8059996D209C2800941A21FB82B2F520BC2E6FE6F1A8827043DE17000DACC8193E78BBB8DF1467978C06F6AFE986123E3A9
311
5272CAC122046F4C65C4B88FED2F1CD1D918F7CDBF8903BF1A90057D42F4DC133AF804ACBB58446A0DB78806FC053FA1E45D0AF1112613CC0DD976C5E70AD3282F42725C0D02AC8588DE451B1C01ABF063E7748A3882F0DD484BB78D037F9812240EB88B6034C0AD53E5116D4C6D920C6A89F084E6D0598AD7EB6930CC7B29
311
3E27A666E5CDFE9A3FA52FEB3C97976FDAAE9A60008FCA6B33099CF9880D35D419FC687D424378E3099441E110C5B3C6DC311E6653514A67A530D863326C4D8430E0C28024803B5B069B0E60C10EDB6DF087034171DF01F1F3404B27B1056D8C0E56E7CA6056E7798147BE4C2F01CED5987E413AC6A724876DE3F599E0601C
311
E7B9CEF3BEB3671E12DCE8AF9631B8031D3F360B6955DC2342B2A0E4632A00264C0DA002220CFEC3E10D9BADC8904D88DC51928593AA16C91DF6FFF82B3234404C7214D0F8608E0052283EFB2B0563F1D072936C4017706010BCF1B16CDE0C1FA9C777E44E1F5259B0C9BBC8794A82A6C182A3AF56B16921405351FDDC91B5
311
BAAA617860E8D76C97C377FE701A4EB4378FA97C2C8E3CC8950886C6FD93AF70A1F5F676B7ED16CBC56AF5D09110EEB8607CC08A795882358280DDB98AFFE7087C6EB593D62F041CDB4018935238E73F1098100D0C8769818F777057F64C703C6530E142FDF5C837AE1CF66C94C4887D3A3726AB990DEA248F73B5D32C8E04
311
F6714B1E67C53FC52040252E605B322407CBF8C7F05453462A295ABF4D95592DDD76AC23512E9A2DF964715C80DD752CA8E263AC36F02C3C28A133EB22AC8D099BDEFDE28C3E8FFEE3815D5D00C17C00511058354D62443C1A546280E43572A9C661A34FA5891F8E7570608C8DF21DF51DF9D2A84D4501F41B8CD4F4C9DEB2
311
F901E810C0E4CEB6EC08DFB06341C864CF8D0EEE779A606545E1E64AAF30A4324C20FDD3BD558BD966BA994FA915CD162B1978642AD01694E533EC190368A68234657085B5F88E27A0805E04B8BB6A00A51646EE3C10A50FF007FF410F1963CA69BE2002F0F902E701AEC995FD41F83A3F0C3809A3288A083003A6CC2A20E6
311
D703EE48E3777AC07ADD51EB6101603A9FCF17B3D5928F6D742EE7E4CF38AE2B03C5FB39C81D7B2978FAFE85AF3D2710B0582C970F0FEB0E4D1103B8BE2B4D560CA10002FC8F334C891C07B44FE06B2E3ACE5E1E2D1FC32203110ABF9CA0E8381F68EC3C06701328E5A38278A5FCD944CEA5283DA933DF2A2448BD23F1C5D8
311
BE04CC2DC3B43B3EEC29F8B5FF926D11D3E97EBF7FA1BD1E5E5F5FE6D3D972F548547783146ECD84873F377C5820F7F9FCE5E07378D6CBCB7E036DF7F7104079A05B77C6942D1BA95D47424BFC3DB6411009A42E207871B7EE9B06614BBD20F22F7523FB985F3F7068E37600273A3ED0C1CCC380F6EC4AF01CC1CF95E4848B
311
7BF950AD14C44F10460221E02D21D01DAE800F323704C00035DFE97CB37F797D3D1C0E4FBF35EE1E5E9E0E879FBF3DF6F474780A01FB3DAF01FE0C0798218007C2090A3008BA7682A338F4A8804A06CBFE6A80CEC766F49853F15B2F45FCEA3F8250012841315016E75E797EFEEC4ACA6C79F515CF1738F7C36E2406071051
311
043817C9E8C5888D49D0332E800062FF54FA562BF7446CC0BFDFBF8603D1FEFCC9F7FFB5A7F000430755C2D3F72F2D02A022820897ABDD44594475BDCCA4A10AF34C06B08B4AB58BBFAE30999DC66C7CE903A83CF8EB006EEEAA063430F84B05F0ECF644825F5E95073870E72A0771AB89B080022A0C5A9FAF34C89286257F
311
B7BEA000EC65B59750C68E0815B0D9834B15606328F80709DE09018AC2A7817F83F96DB3D562C10A0A31300230CD4200B87F85808BAF64D04600254047F9C14DE93464009E7F5AABB4FDD6D55142A2C0BF1541FCE19C20C899BF4F76AB54B84CB97F88F48ECC029FD253F0C70DF4816B9AC94BCBD653B1A283C4001A033795
311
5E4AFED3FB790B6B1F5EA0B5514074103A38D84280EE0F5F9BE974EAB2D16AB1EA969684B6E4166CA28264B300474C7308D20013B204A65F82970718D05678B3315D442E1C0A327E2F56556040C005D2FAB1326A68A07507C9E46A3648555A7080F5F50219A00E6222E3E0862CE95B5680930530742F1D041805E69B788161
311
F015944D041182B861A2C17F3AF01CF5BFDF6C343F9171F5B004BF59C016719164B888EA206A02AD05E8464D06B48E4381A0E9345FD171625AC22198F57C003BEA5510F81FF78D31C9B033D0030000000049454E44AE426082504B0304140006080800E36D065D28BB58AF800100009E0500003D0000004435373143433039
311
2D453446302D344646312D383044362D4142344334463644313544392F536368656D61732F436F6D6D6F6E536368656D612E786D6CBD544D4FC23018BEFB2B96DE15493C78601010A34B880709DEDFB52FD0D8B54BD70DF6EFED3AC0B12E6442E2716BFB3CEFF3D18E26FB440405EA8C2B1992E1C323095052C5B8DC842437
311
EBFB673219DF8DA659866649B798C078B48AE6410122242F2A4994AC7F93815DF85C049C8564CA0A901499DD886B2EB9B1E02448F358701A9235880C49A0119892A20C89D1B9FD768815CAD268CB5E0355B40B1E47F3E37A2020464BED06AA57CE8FCC20C3C3446D46761A2632A8C1283D07031EFF2AE7CCB1BFEEE916E406
311
DFAC8E36FFD99A9D60A6944090EEDC3B670C7DC13DE86B6B2C5C240D6E503BB85ACD579D513F1B9F9A69DC9CC22AFA80C426D40AF0B21EA168559156B6276F0F726A6BFF04DCD513A87A62CAD41FB24FCB2858B3952E3D852084DA25B9303C15687973CC8E8AAE11DF2836C38C6A9E765E8C1BA1BFB1DC29CDFE518C8B5A76
311
55A4ED7E77291ABEB80DBD82EC866ADE1B8D05AF9E35CF09D7A061F38A986D9EC412B8F0F65E5D81534D9B231D1E5A8FE577A241F3A5FD01504B0304140006080800E36D065D1004A04F380500005C1700003E00000044353731434330392D453446302D344646312D383044362D4142344334463644313544392F53636865
311
6D61732F47656E65726963536368656D612E786D6CED585B6FDB36147EDFAF20F41EC7F69A2005E214768278069665709ABE0A3445D9DCA80B44CA89F7EB7B0E2FBAC4B2A32643D10E33505411A9C373BEF39D1B2F3F3D27926C79A144964E82D16018109EB22C12E97A12943A3EB9083E5DFD7239558AEB07B6E109BDBA7C
311
5CDC902D959360CE535E0866DF07A7579733AAB85D5AF234E2C51DD5B081CA7A87DEE56E47E2D6689E735AD0947194500A22A249308DB6F82682A3782C52A141BD80E4E54A0A3609622A150F48C16994A57237097451C2DF462738529D3AC5FCFFB5B401988BC78824973CE1A9A628D91CB968BDBAC335B9A4BB379C6ABF5D
311
2474CD7B9F773F7F78C349F055EF13FE2CF856F0A7379CE2BEBCCE6456F8E316A9E66B5E18E4AC77BF5812F5937FDEF0F5BFE3E3C785576D96659253EB54863A87AB5D98ADFEE24C3B8E38FE48BAE2C062631799EDC8BDDD833C6E88585B9287340B23AEA990CA49B1A473421E81F856D06D9125E45E6F001C4F7F85D6DECA
311
8C6A835753A250DA50DF92F743409CBC3BFA4C6EFCE2618D302A0CEDDB264D93950002937BC66489A18D0A345DD650415124BE376A745EA9F0E016108E328D14C979C1302CD6BC0A4191B2C2C49112FFC0DB51401288D6A44C26C1B87A160AB6A11E5BD862514BE8B3DB750607BABFF6F781D6A74EED6EA7AC28FB3BA68C87
311
AC94B2138A99DB41AE7147A71F56659287340123812054CAEC8965690A74E111C5BCA7260158B0963EC50C07E38FEDDFC5C5C70AB6A915F446D44E46C321E46087E23E221E2BC0DA6EB440EE6F44E80CE5AE2E2D2F31AD7AB71B8B139AF730773909401FE0D8DC3FCCFCC3D438DC1176062076C3CB4A9D953ACC72CA84867C
311
DA0361E0910F4EF3B109A07D332211C72556825745A215835F47678059E337068E3ACB0E2EA2B507175B0818FD1082EB4D26186F85BAD33464988F1420E1B9E43D522F8452A450106B04F01362BFF1B2BF5059B60F687C9F663A54396722163C7231012E7480FE916910E6572B6D8F4A54CBF92C5CD324A163C8508058D3F1
311
6A399B13B348C6830FB5FD47257A1B8D2CF08253EE776B3A72D782D895363D96020B6C18D3C86359B3C6D45E728B4B9D716893D091E4D533045F495D2EFEF633FF5A660A520A5790765FE52E12F0AC82685E7FFA0398D65528850A132894DDE9F837B1DE48F8A74D487795A482C7122A6DAE377BDC5DC212A465ECD8B03E7E
311
2E208EC88DD9DA89456CFBC477FB798C74389668AB1A75C820AB7568FCBE0B5F94DC9AFF0D038D9F77E49D45B8278FC7177D0DDCE732FA0BCDDB42720FA90E87115FF76375C5696F368AF83103F6A5911FFF03561EE06AD10ABE933AA9DEC398588888137017449E09C377051FCAEED1E8BC3BFA9CB27DA2CFDBF533459F37
311
4FC0C4FDECCBF3E06CDC6874E0710421EEAA6CEDBFEE60EB913607436C3F5BBF713F6F42253B9A4A0FD64C08416FA986EB02254B1846D82E7CE2584EBE31E340E9A8247483F07D5B84AE3A5AE0D4C5B202EE585468BA84105B1F5EC00C16FADB133FB7399F390FCF245CBF9027A137FD26D1D651058D44D9B331A93985CAC2
311
046CB4ED9E0314977128A42C13DB06879A273052525D16BE833B8706BD1269FA69F2B9B109BB55D30D37679986D85848B86F026CF21E74809100180B0D280C36F6015A7DFBD06AEB6F8D503BDCD7DD6DABBBEF54E1FF5EDF0E3AD53C03509B5B816FE9F51BC8026F44DAB82BA989F200C4220B24166C3037854094FD46C564
311
8D9C42F8B07E53687D824917FED3CE56F3FBA68BE3C6853FCD64F4A00BB85831B1243346654A134805AF5CF39A9DFE22C9906A6EAFE8303A5F4AC4FBE637489CB62EA59B9D529255F326CCC28ECB77F812A7D6E63DF957504B0304140006080800E36D065DF702076DC3010000E60400004500000044353731434330392D45
311
3446302D344646312D383044362D4142344334463644313544392F536368656D61732F52656E6465724D6174657269616C536368656D612E786D6CA554CB4EC33010BCF31596EFF405481C9AA2A64851255E4A816BB438DBD4926347B15BE0EFF1236982021512B925E39D9D9D59677EF3510A72C05A7325233A1D4D2841C9
311
54CE6511D1BDD99E5FD39BC5D97CA9359A0DDB61098BF9CBFA961C4044344599637D0F066B0E22C074BC98C7A0319C58A9B254B2435ED23BC2F388AECB4A6089D280B18D139496815152EDDF046711DD82D048498D902B293E236AEABD7DF74D5D839F69EE1D9F48E1F3BF448FC9E6BF144F351E38BEFF9D662D0D16587B77
311
825FAF2195BF515C395B563BC5197A0AE68DCF363BA831CF7C7C8D7F0DA23D42898037B451BA833673DA92BC82D87F636ACFFB0CEC96F4EA30EF9A0FEAB85D91CAED89348D80E9B178DDC3ACFC71D06F2528A182138DD8672E4DC6DC57CF91467432BA985E4DBE3DB399079353607C0A5CDA0B70D4E65A122FA41BAEEF6C27
311
2908D315B076451BD55EB0FF9E092E11ACF8C6B5306028F9D5F15EB95426D31532BEE5D6EC700FBA0C1E94211D7ADC8341143D429D2671564059C2EC72108B4EE3847890CC4697DDF8A708DB01FD7AD8209A41EFC2DCFD7063A504821C7869545188D6C16DF801342CCE6B276363DC8EFA4AFD0E86ED0677C3B77747C7FD3F
311
D617504B0304140006080800E36D065D111F29D951000000570000004700000044353731434330392D453446302D344646312D383044362D4142344334463644313544392F4173736574446174612F41737365745461626C654F66436F6E74656E74732E62696E53616060303576B37072B274D635B23034D735713374D3B5
311
303635D175337033B57036B4743133771102AACB4D2C492DCA4CCC492C28484D2C4ACC4B4E050A82012F90744FCD03CA26072767A4E6260200504B0304140006080800E36D065DC55C663656000000680000004100000044353731434330392D453446302D344646312D383044362D4142344334463644313544392F417373
311
6574446174612F53747265616D56657273696F6E5461626C655D8CBD0A80300C06F73E4B29FE6CDD8A2E82A083B8B7F209014925C9FBA3AEAEC7DD2555D896CB85E51C2A1BD834F6A1F56EC4494C4695278364ABB24ABD2146F88CCEBB89D5321FF8F3F43D672A3B44DF3CB6A1710F504B0304140006080800E36D065D8919
311
8F0E350100009E0400003600000044353731434330392D453446302D344646312D383044362D4142344334463644313544392F4173736574446174612F636E782E786D6CCD94314FC3301085FF4A648931B15B50A92AC71582A51348540C6C57E7D25A75ECC8BE20F8F7D86D0650115387ACA7EFEE9E9FFC4EAE3F3B5B7C60
311
88C6BB9ACD2AC10A74DA37C6ED6B36505B2E59B15632784F3F305638E8B066B9CC94DC073FF463A9C116069BABD6B8E3587C8811690B3B8BCFEDA377848E222BB485186B16F5013BA86020DF603C560D1054B32A60F443D0982691E9709CA4030261C3D45CCC17A5589662B19DDDAEEEEE5762F12E792695DC796F47DEA465
311
C1F73773A1CF7B9912926740C9219891CAAF61EA2F95D5CE38C913A964A4905C193BE8AB4F1DD0F7D668A0641EF79A90CA042174929F61257976E197174FD81A6772CB264903F2E12509C4400627E8C97F6AAFEFCDC64502A771CA8E5C6ABCBE0FAFA75FF4768EE52937D34BCBA5C62BE4849F4E498A4DBE2CEA1B504B0304
311
140006080800E36D065DBF31765EE7000000600100006700000044353731434330392D453446302D344646312D383044362D4142344334463644313544392F5265736F75726365732F35334638424239432D323831372D344631462D383335342D4630463538433139443637442F7468756D626E61696C2F302F636E782E78
311
6D6C4D90C16EC4200C447F2542EA3181A455BA5A11F627F6D44B458937450B1881A9DABF2FB41CF634D6F8C9F28CBC7C7B377C41CA16C3C6E649B00182C1DD866363856EE3890D172513223D606C08DAC3C69ACD943C1296D8AD1D6EBAB8E63A1BEEDD3C2040B2E63D86830DC6E99C3796CD27783DE942B843BE4FBB263DCD
311
53828C2519A807C87AE8074C024DB033B588651DC56914EB757E3EBFBC9EC5FA26792395FC40749DB78120617C5A84C13A86FA8F90BC014A96643BD54230F5F09CE475A964A654F377887E6285748CCE1A4DB5268E8680C60A81F692FFC34AF296B7CA5F19555B37EA17504B0304140006080800E36D065DA233C2345D0000
311
00800000006500000044353731434330392D453446302D344646312D383044362D4142344334463644313544392F5265736F75726365732F35334638424239432D323831372D344631462D383335342D4630463538433139443637442F7468756D626E61696C2F636E782E786D6C4D8B490E80201004BF42E6EE76F3C0F216
311
234B883063108CCF170C074F95AE5473F5C4C06E932E4F28601967600677D21E9D8092EDB002539227A2FCCB80E1168D80A6417297A89C5D6963B7129A0D1E8F2EE73AA7B62BBEB8B27DE50B504B0304140006080800E36D065DBE89762363000000880000005B00000044353731434330392D453446302D344646312D3830
311
44362D4142344334463644313544392F5265736F75726365732F35334638424239432D323831372D344631462D383335342D4630463538433139443637442F636E782E786D6C4DCC3B0E80201004D0AB90EDFD75167CCE820A4A845D83603CBE602CAC26799919AEEEE0D965E2E908050C6D0FCCE04C8BC355404EB6198129
311
C92351FAD580A10E464065907C8D948F8F166375F655BDC3FDC3B4E530A176BE7057BDC43B2A593FE403504B0304140006080800E36D065D6517FDF87E000000A30000003600000044353731434330392D453446302D344646312D383044362D4142344334463644313544392F5265736F75726365732F636E782E786D6C4D
311
8CD10A832018465F45FE7B5B562E0335A8F03D6259C84C87CBD8E34F4717BBFAE0F09DC3FBCF6ED1A9C3DB782780142520ED1E7E316E13108F153340BDE4C1FBE3EF06C8CDBB16903148BE051F5F175AF43A479BA935EE79415A2B360CDD882B465ADC28A230AB698355A9281B4937DDDB2919B7ACA4F9F5D2E6BCFC02504B
311
0304140006080800E36D065DE3C73EAE0C010000550300003400000044353731434330392D453446302D344646312D383044362D4142344334463644313544392F536368656D61732F636E782E786D6CCD93314FC3301085FF4A648931891350A82AC71D1898588089CDD8D7D6AAE38BCE0E827F8F1D3CB4121B0CDDECA74F
311
A7F79E7D62F739B9EA032858F423EB1ACE2AF01A8DF587912D715F6F58B5938210E319C62AAF26185996991407C2652E9281BD5A5C569DF5A7223EE034A17FD1479814ABB453218C2CACD7462D110D84536354544DD710045C48439A10ED0465822650110C933DEF879A6F6A3EBC76B7DBBBFB2D1FDE449B4929DE115DE1AD
311
8F4038DFF45C633AFA64888B3603522C640B95533079EEAE497D883611528448A98542C6AF39916A9E9DD52AA6B2DA15FC61A46873D88BC88FE081ACBED6CC17F6FE2DF4337803F4945E8AAC72D79AFD37977FABA05D37207D83BC10F21B504B0304140006080800E36D065DE3603EBE7A000000C20000002C000000443537
311
31434330392D453446302D344646312D383044362D4142344334463644313544392F636E782E786D6C6DCD410EC2201085E1AB90D9DBEACE05D09878023D01A1D34A8419C380F1F82DA68B9AB8FDFEC93C3D7C52546FCC12980C9CBA232824CF63A0D9402DD3E10C6AB03A3397DD192872090D3406ABE7CCF5B5D18893ABB1
311
690CF4DCF02282E5EA8A5BB96FFE536F285CB347F95BEFFE81C9ED5AFF9D5B1FB575BB00504B0304140006080800E36D065D179C05697E000000A300000007000000636E782E786D6C4D8CD10AC22018465F45FE7B4BC1AD0DD4519AEF319A1B92D361337AFC3476D1D50787EF1C3E7C568FDE36BD5C0C02E88900B2E11127
311
171601799F710768903CC5B8FFDD008571B5022A06C99714F376A0C9CE63F6957A179E07D4CD852A457A7C678660660CC51DD12DBEDE9862A6D5B4D17D31CE5529F3EB95AD79F905504B0304140006080800E36D065D1E7A0675A400000032010000130000005B436F6E74656E745F54797065735D2E786D6C95904B0EC230
311
0C44AF1279DFBAB0400835ED02B8011708C16D239A8F121795DB93D22D20B1B467DE8CE5BA9DED281E1493F14EC2A6AC4090D3FE665C2F61E2AED883689BFAF20C9444F6BA2461600E07C4A407B22A953E90CB4AE7A3559CC7D86350FAAE7AC26D55ED507BC7E4B8E025039AFA449D9A4616E739AFD7DE8C8338AEBEA54A82
311
0A61345A713E0B17153F7257E37E705E3371913892B25F02FEA0F1FD83E605504B0304140006080800E36D065D3DEE336E64000000790000001B0000006175746F6465736B2D64657369676E2D7061636B6167652E786D6C35CBC10E83200C00D05F21DCA56CA76D41FC96062B120735B69A7DBE268BB7777961F8D5AF3968
311
93C2ADB70FE7ADA196782C2DF776D7A97B5933C430F15651E5469C55D70F80A4992A3ADC954792C525AE70A1E4D6AD9816CC044FEFDF01FE3FDE907802504B0304140006080800E36D065D37E85252F9000000960100003700000044353731434330392D453446302D344646312D383044362D414234433446364431354439
311
2F4173736574446174612F636F72652E786D6C8550CB6E833010FC15B477834D8092C8388222BEA0A7DE2CE3502BC1467E54FDFCDA814AEDA9A75DCDCECCEE0EBD7EAD8FEC535AA78CEE80E41832A98599955E3A08FE865AC8AE8C5A63FC2F1A649AAFB2830403A38B35613B2061B4973AA1DACCF200B973D243261EB1E9C0
311
890FB9F29C071F19EE9E6F5CDCF9227392EF3C464350F3215573745337252DB0693897642A2B34F6638FAA81B468A8F0845E477CEEEB76A8EBBEA6451233EAD5FAB35D58C9BD9C8195B86C106E116EDEC8E952BD5C70F34E8BC464D4791B7F3E96A6EF80F5E9EA917B4E8B7DFAC7356CF3FFAE41697F2A0FD75DE1809178E4
311
73C06891528AE51961AC2951F60D504B0304140006080800E36D065DAF679A81F40000008E0100006800000044353731434330392D453446302D344646312D383044362D4142344334463644313544392F5265736F75726365732F35334638424239432D323831372D344631462D383335342D463046353843313944363744
311
2F7468756D626E61696C2F302F636F72652E786D6C8550CB6E833010FC15B477834D8092C8388222BEA0A7DE2CE3502BC1467E54FDFCDA814AEDA9A75DCDCECCEE0EBD7EAD8FEC535AA78CEE80E41832A98599955E3A08FE865AC8AE8C5A63FC2F1A649AAFB2830403A38B35613B2061B4973AA1DACCF200B973D243261EB1
311
E9C0890FB9F29C071F19EE9E6F5CDCF9227392EF3C464350F3215573745337252DB0693897642A2B34F6638FAA81B468A8F0845E477CEEEB76A8EBBEA6451233EAD5FAB35D58C9BD9C8195B86C106E116EDEC8E952BD5C70F34E8BC464D4791B7F3E96A6EF80615AECE81FB7B0CDFFBB05A5FDA93CDC76850346E271CF01A3
311
454A27966774B1A624D937504B0304140006080800E36D065D57266350FA000000960100006600000044353731434330392D453446302D344646312D383044362D4142344334463644313544392F5265736F75726365732F35334638424239432D323831372D344631462D383335342D4630463538433139443637442F7468
311
756D626E61696C2F636F72652E786D6C8550CB6E833010FC15B477834D8092C8388222BEA0A7DE5C708815B0911F553FBF76A0527BEA6957B333B3BB43AF5FEB927C0A63A5560D90144322D4A827A9E606BCBBA11A922BA3466BF78B0689E2AB6820C2C0E86CB4DF0E68D4CA091551A5277180DC5AE1201997D03460C7BB58
311
79CABD0B0CFB48373E3EF82C5292EE3C46BD97D3219553709337290CB0A13BE764C80BD4B77D8B8A8ED4A82BF0805E7B7C6ECBBA2BCBB6A4591433EAE4FAB37D34823B3101CB715E215C235CBD91D3A578B9E0EA9D6691C9A87526FC7C2C8DDF017377BF7E282E179AEDD33FAE7E9BFE77F552B9537EB8EE0A0B8C84239F03
311
46B3985228CF08438D89B26F504B0304140006080800E36D065DD025AB2B0E010000B10100005C00000044353731434330392D453446302D344646312D383044362D4142344334463644313544392F5265736F75726365732F35334638424239432D323831372D344631462D383335342D4630463538433139443637442F63
311
6F72652E786D6C85904D6EC3201484AF62B1C706DB3838C244FE1127E8AA3B6493142586C840D5E31762576A575D3D34CCF0F1865DBED647F6A936A7ADE900CE11C89499EDA2CDAD03C15F2105D985B3CD5AFFCB06322357D5812403CE6E9B0DCF439AADF1CA24D5D8451DA2744E7990CD8F78E8809B3FD42A73197C74B87B
311
FE94F35DDE548EF3DDC759087A39A27A89AFE9AB561BE062684B2CCA1A4EFDD4C37AC0140E3512709C50DB133A10D21356A430675EAF3FF47953D2AB05F012950D4414A2E60D57E7FA7446CD3B2B929333E7B7B8F3014DDB014E2A4187A11D6149F109D6020B482B52438104A1236EA7E634B1620FFE0186E7F23F3068E3AB
311
F200EE0907388EFF7F5D7056A402E378B51B672A9B7F03504B0304140006080800E36D065DA3B4350FFB000000960100003700000044353731434330392D453446302D344646312D383044362D4142344334463644313544392F5265736F75726365732F636F72652E786D6C8550CB6E833010FC15B47783219092C8388222
311
3EA0EAA937CB6C889560477E54FDFCDA0995DA534FBB9A9D99DD1D76FA5A6FD9275AA78CEEA0CC2964A8A599955E3A08FE4C5AC84E9C5963FC2F1A645AACD8418281B3C59A70DF2069B4479D506D66DC40E11C7AC8E42D361D3879C155E422F8C870D7FC2EE4552C9897F993C759086ADEA46A8E6EEAACD0029F8643554E55
311
4DC67EEC493D942D196A3A91D7911EFAA61D9AA66F5891C49C79B5FE6C971685C7197845AB3DA12DA1FBF77277AC5F8E74FFC18AC4E4CC791B7FDE96A6EF80BFA133C14A74AC784EFFB886FBFCBF6B50DAEFAACDF5A970C0CB78E463C05991528AE51161AC2951FE0D504B0304140006080800E36D065D4785249CF8000000
311
940100003500000044353731434330392D453446302D344646312D383044362D4142344334463644313544392F536368656D61732F636F72652E786D6C8550CB6E833010FC15B47783214049641C41113FD09E7AB38C43AC041BF951F5F36B0395DA534FBB9A9D99DD1D72FD5A9EC9A730566AD5429E624884E27A926A6EC1
311
BB1B6A20B95262B476BF689028B68816220C94CC46FBF580B8564EA8882A3D890364D60A07097F86A605CBEF626129F32E30EC235D197FB059A479BAF328F15E4E87544EC14DDEA43040C7FE5CE46351A2A11B3A54F67983FA128FE875C0E7AE6AFAAAEA2A924531254E2E3FDBB911CC890968818B1AE106E1FA3D3F5DCA97
311
0BAE3F481699945867C2CFC7D2F81DD0B7ED4E4BB27DF6C7D3AFD3FF9E5E2A772A0ECF5D6181E6E1C46D404916330A650B30D49827FD06504B0304140006080800E36D065DB29CCACF03010000D80100002D00000044353731434330392D453446302D344646312D383044362D4142344334463644313544392F636F72652E
311
786D6C95914D7284201085AF62F51E05FFC69942A6128D27C82A3B223D0E35235882A91C3F184D25D9252BA8C7F7BA79DDFCFC3EDEA3379C9DB6A606165388D0F4566933D4B0F80BA9203A0B3E5BEB7F60101939620DAB0C820FB35DA65DEAADF16856D55885BB289D430F517F0F971A5C7FC551C672F18170B77892FD4D0E
311
18B378E304F77AFCB2F6334A8F0A444AD392D08AD0F29965A7FC70A2E50B4F5652F0451B9FA57B331C5F514576F221128822E3C9F61CB045AB1DD22A7C525F34CE20DAE2C09A861EC953DE5192771D23156D4BF2F098377957B6AC688FA148300BEEFC1C46B3175987F057FB66FC156D99D43FA36D0E07827D874AD6390B9E
311
7C2E219CEB4EC407504B0304140006080800E36D065D1BB8401508010000B201000008000000636F72652E786D6C8D50C16E842014FC15F2EE28BA6ADD0DB2D16EFC829E7AA3C2BA64158CC0A6FDFBC26A93F6D6D32333F3DE0C43CF9FF3841E72B5CAE806B28400927A3042E9B101EFAEB80674667435C6FD9201D27C960D
311
4418181D57E3971D1A8C765247541B2177905B2B1DA0610A8F06EC7093334FB8774161EFC9C2873B1F6592259B8E51A7E69FD56195DC49012C277985498D49F5961D4EC5CB8954EF348D4A46BD5762B75222B8ABAB922BB0BE3BE6599F17F8D25E5A5C74598DBB82F4F8F5428E6D597765D996348DCB8C5AB7863FEF47424E
311
872C7F445F9A6E14A31FC64CBB208412C8E8E90B18A16924FE84F68BF84768A5DD21DF0F6E1B165816023D89601C1B0CE3596F98B16DF60D504B01021400140006080800E36D065D83D68EED17010000A80100004F000000000000000000000000000000000044353731434330392D453446302D344646312D383044362D41
311
42344334463644313544392F4173736574446174612F446566696E6974696F6E4974657261746F7250726F706572746965732E62696E504B01021400140006080800E36D065DA182650C0A0100003002000045000000000000000000000000008401000044353731434330392D453446302D344646312D383044362D414234
311
4334463644313544392F4173736574446174612F496E7374616E636550726F706572746965732E62696E504B01021400140006080800E36D065DB5A795FFE3790000DE7900006B00000000000000000000000000F102000044353731434330392D453446302D344646312D383044362D4142344334463644313544392F5265
311
736F75726365732F35334638424239432D323831372D344631462D383335342D4630463538433139443637442F7468756D626E61696C2F302F67656E657269635F706E67504B01021400140006080800E36D065D28BB58AF800100009E0500003D000000000000000000000000005D7D000044353731434330392D45344630
311
2D344646312D383044362D4142344334463644313544392F536368656D61732F436F6D6D6F6E536368656D612E786D6C504B01021400140006080800E36D065D1004A04F380500005C1700003E00000000000000000000000000387F000044353731434330392D453446302D344646312D383044362D414234433446364431
311
3544392F536368656D61732F47656E65726963536368656D612E786D6C504B01021400140006080800E36D065DF702076DC3010000E60400004500000000000000000000000000CC84000044353731434330392D453446302D344646312D383044362D4142344334463644313544392F536368656D61732F52656E6465724D
311
6174657269616C536368656D612E786D6C504B01021400140006080800E36D065D111F29D951000000570000004700000000000000000000000000F286000044353731434330392D453446302D344646312D383044362D4142344334463644313544392F4173736574446174612F41737365745461626C654F66436F6E7465
311
6E74732E62696E504B01021400140006080800E36D065DC55C663656000000680000004100000000000000000000000000A887000044353731434330392D453446302D344646312D383044362D4142344334463644313544392F4173736574446174612F53747265616D56657273696F6E5461626C65504B01021400140006
311
080800E36D065D89198F0E350100009E04000036000000000000000000000000005D88000044353731434330392D453446302D344646312D383044362D4142344334463644313544392F4173736574446174612F636E782E786D6C504B01021400140006080800E36D065DBF31765EE7000000600100006700000000000000
311
000000000000E689000044353731434330392D453446302D344646312D383044362D4142344334463644313544392F5265736F75726365732F35334638424239432D323831372D344631462D383335342D4630463538433139443637442F7468756D626E61696C2F302F636E782E786D6C504B01021400140006080800E36D
311
065DA233C2345D000000800000006500000000000000000000000000528B000044353731434330392D453446302D344646312D383044362D4142344334463644313544392F5265736F75726365732F35334638424239432D323831372D344631462D383335342D4630463538433139443637442F7468756D626E61696C2F63
311
6E782E786D6C504B01021400140006080800E36D065DBE89762363000000880000005B00000000000000000000000000328C000044353731434330392D453446302D344646312D383044362D4142344334463644313544392F5265736F75726365732F35334638424239432D323831372D344631462D383335342D46304635
311
38433139443637442F636E782E786D6C504B01021400140006080800E36D065D6517FDF87E000000A300000036000000000000000000000000000E8D000044353731434330392D453446302D344646312D383044362D4142344334463644313544392F5265736F75726365732F636E782E786D6C504B010214001400060808
311
00E36D065DE3C73EAE0C010000550300003400000000000000000000000000E08D000044353731434330392D453446302D344646312D383044362D4142344334463644313544392F536368656D61732F636E782E786D6C504B01021400140006080800E36D065DE3603EBE7A000000C20000002C0000000000000000000000
311
00003E8F000044353731434330392D453446302D344646312D383044362D4142344334463644313544392F636E782E786D6C504B01021400140006080800E36D065D179C05697E000000A3000000070000000000000000000000000002900000636E782E786D6C504B01021400140006080800E36D065D1E7A0675A4000000
311
320100001300000000000000000000000000A59000005B436F6E74656E745F54797065735D2E786D6C504B01021400140006080800E36D065D3DEE336E64000000790000001B000000000000000000000000007A9100006175746F6465736B2D64657369676E2D7061636B6167652E786D6C504B01021400140006080800E3
311
6D065D37E85252F90000009601000037000000000000000000000000001792000044353731434330392D453446302D344646312D383044362D4142344334463644313544392F4173736574446174612F636F72652E786D6C504B01021400140006080800E36D065DAF679A81F40000008E0100006800000000000000000000
311
0000006593000044353731434330392D453446302D344646312D383044362D4142344334463644313544392F5265736F75726365732F35334638424239432D323831372D344631462D383335342D4630463538433139443637442F7468756D626E61696C2F302F636F72652E786D6C504B01021400140006080800E36D065D
311
57266350FA000000960100006600000000000000000000000000DF94000044353731434330392D453446302D344646312D383044362D4142344334463644313544392F5265736F75726365732F35334638424239432D323831372D344631462D383335342D4630463538433139443637442F7468756D626E61696C2F636F72
311
652E786D6C504B01021400140006080800E36D065DD025AB2B0E010000B10100005C000000000000000000000000005D96000044353731434330392D453446302D344646312D383044362D4142344334463644313544392F5265736F75726365732F35334638424239432D323831372D344631462D383335342D4630463538
311
433139443637442F636F72652E786D6C504B01021400140006080800E36D065DA3B4350FFB000000960100003700000000000000000000000000E597000044353731434330392D453446302D344646312D383044362D4142344334463644313544392F5265736F75726365732F636F72652E786D6C504B0102140014000608
311
0800E36D065D4785249CF80000009401000035000000000000000000000000003599000044353731434330392D453446302D344646312D383044362D4142344334463644313544392F536368656D61732F636F72652E786D6C504B01021400140006080800E36D065DB29CCACF03010000D80100002D000000000000000000
311
00000000809A000044353731434330392D453446302D344646312D383044362D4142344334463644313544392F636F72652E786D6C504B01021400140006080800E36D065D1BB8401508010000B20100000800000000000000000000000000CE9B0000636F72652E786D6C504B0506000000001A001A001D0B0000FC9C0000
311
0000
310
504B0304140006080800E36D065D000000000000000000000000370000006662782F32333346373246352D433443382D343843312D394233442D3237343134303836313446442F617474726962757465732E62696E504B0304140006080800E36D065D000000000000000000000000350000006662782F3233334637324635
310
2D433443382D343843312D394233442D3237343134303836313446442F76657274696365732E62696E504B0304140006080800E36D065DF270F1330600000004000000360000006662782F32333346373246352D433443382D343843312D394233442D3237343134303836313446442F747269616E676C65732E62696E6366
310
60600000504B0304140006080800E36D065DB5A795FFE3790000DE790000420000006662782F32333346373246352D433443382D343843312D394233442D3237343134303836313446442F7265736F75726365732F322F305F67656E657269632E706E6701DE79218689504E470D0A1A0A0000000D49484452000001000000
310
010008030000006BAC58540000000467414D410000B18F0BFC6105000000017352474200AECE1CE900000192504C5445818181B3B3B35A5A5A4848486060605C5C5C6464648383835E5E5E6262624E4E4EAFAFAF4A4A4AB5B5B54C4C4CB1B1B1858585B7B7B7585858ADADAD7C7C7C464646787878ABABAB747474A7A7A768
310
6868707070B9B9B96E6E6E6A6A6A8B8B8B666666545454565656A5A5A5505050A1A1A1BBBBBB8F8F8F9F9F9F4242425252527676764040403E3E3E9B9B9B7A7A7A8989897E7E7E9393939797974444448787873C3C3C727272BDBDBD3A3A3A6C6C6CA9A9A9A3A3A32020209D9D9DBFBFBF8D8D8D9595959191912626269999
310
992222222424241E1E1EC1C1C1282828C3C3C32C2C2C2A2A2A2E2E2E303030C5C5C53232321C1C1C363636383838343434C7C7C71A1A1A0E0E0E121212484A484C4E4C1616160A0A0A4A4C4A787A781414147C7E7C9193915E605E464846838583878987B1B3B18587856668665A5C5A626462818381A7A7A5A3A3A1B1B1AF
310
ADAFAD7072705C5E5C9D9D9BABADAB7E817EB7B9B7585A58BBBDBB4C4C4A8D8F8D747674B5B5B3B7B7B59FA19F606260ABABA9A5A5A39B9B99A9A9A78F8F8D6C6C6AC7C7C5451AD12700002000494441547801DCBD89771BD7B5A70B8EE04C702641712605CE034890E220088028C93245451215B713AF388E7DFD9EEDB8DD
310
CE6ABFF4B57D97137BE50FEFEFDBA74049B6AEED74869B7E87404D2814EBB7F76F0F67A8835CEEBFA0E42B854AA5B2BB5B6BCC951A8D52A93657A914FE0BEEE39FFE2FF395B9B9C6CAD2D4C4606F4B7FFF8D1B37EEDCB97587F7CD9B4343BD134BABE7DB48E3FFA7A228ECD6F6574E4786C0FC8B5FFCE2CD5FFCE297BF7CF3
310
CD5FFC92B52FFE58BFF9E69B776E0EF5F79E55CBBBF9FC3F5D3DFFB07F5898ABAF7CDA3B74E74EC0CE20230561BF096E97E05712BFFCC59BC80539DCE83DDD6E54FE61B7747DE17FB8980BBBFB2BBD4337DF487881AAE6C5ACC6AF25207877B2B527BFF1CB3B77FA47561ABBD7F7FA7FE146A5B6BD74E3164C7F51449AE95D
310
B412200EC539418717E7F2F11B376FF62E95FEAF1442BED0581DBCA1BD2780D23F506AFA16E1A7AD974EF17876F00DD7BCB187A1A97AE51FCED5BF2BC1F2BBE5B3C19BE27B43CF26DE00933658FE129B109C2FFF922CC22C4260FA01BEFB462A77DEBC35F42F600C3F5B0795D2E9E02DAD5E650B4438A92801B65C35CBAB7B
310
1EE5041CE69D3B6F1822DFB873EBD6AD3B6FBC71EBC6C86AE967DFC2DFA4CEBFF1BF54F6276EBC114E2F43FEC60B01A0D440A868B2920E5C4BC10D60931ADCB871F3268B21D3851B08E1D6AD9BFD4BF57F7577909FAB86F29B982571136AF01DF5FE32AC3BD9406CAAF2440A54CF176EDD01FBADA1FEFEFE21FE4C9858DFF4
310
183458A9FD2B6708A5A5A137E0EE1D11A9EC0C7C58B2C73C0AD6B479BD76B7790CF899E287FA5B06FB7B07C9195B7851FA8794031EF1FC5F9406BBFB23375420286399B631E93B08022A785C4DBF9996EC3551874094D71B6F487E80F6837E50F483BDBDBD83232323AC420A18C68DA196EDDADF68A77F938F78FD972BABBD
310
B7B87FB164AC6FC2CB760365821ACB74AED44FFAD7E7431ECD7E08AC421F391D199998989A383D9D98E8E56F84A318C58D9BFD2DAB73FF5222C8EFAEF4DE7AF30D756E5108683DA471E70D0502099A7240F19E4089D3FD203E620F1B47BF43501E85031AE44B4B9F2E4D2D9D4D51D8970983FA861B3706FF950CA170DE82F6
310
B312CC4F42C8966295F7D725ED29882415DC055F36DEA1FE96FEC141493F05FAA9A9A5A595B333DED5B3D5A533F62183323032F46EFF13EA0AAFA5FBF7C8976F8C10F7280A014832593B90004D52341980D907EAEB73411EB2F1EBC9F507F92746C40E7AE0AFAE54292BAB2BAB67CAE0746264A277B06508168C94BF772BE9
310
765F7BF0B548FE1E07F3B5A521340A5CB5297C4B12811B89E82191ECF3E41B3259C529F135E23CF4C7F961FB13537F5A02ECCAEA76B5BA5D3D3FDF3F2FEFEFB3AA22053E5008833428DC6C59FA2F770595F311F235D427F379BB8A121BD901B96076A388DC4C3C61C7933CCCD770FF375A6E0CE9F535FE2534BF5ADD3E3FAF
310
D71BF57AA951B6D4CFEBFB8864758A26154430080B06ABFF557610ECC93726224F155D1471041E0D42F82F4891C926C1355B0831649FF365F46FF05300A7A790BD8ADEEB0D4AA9569A9BDBADCCD56AA55AE377F5F3F3EA2A34983A1DE91D810543138D7F28E57FF4E2B5335A3928B76EA1CB9B00BF158C8F63A2E788826896
310
D0B5E7C461949ECE089144F8EBEFC7FB4D8C9C4E9DAD60F7FBE572B416C2F2423ECF8B86C439E450DA970634ACFDA977629098D0B2FAF313A36B3869E37AF7853378CDA1171FBEBA95DF1E44FD5144A420588641B0055A79ED91CC0DC41E27064512FB33F1F04D09D0D2DF0203A646A6CECE80DF28356A348CED8C4F1EF137
310
B9319E1BCD29867CA556AA97F7B757567006A447FD375A26CAAFDED9CFDCFB2BB0BEEE8AA5911BC2C7F85DF88A3775389990AA72219D582409210F85A4E66F2987D875C30848023088FDF77E87F96FD7CBA5B9DCCEF4F4C9FC7C676777577B7B7B67E7ECCCE4E8DEE85E81A6D55AA3BC7FBEB242589CE8ED4770E785D7DDE2
310
3FF2587EBF57F50B9E820527316488E5C32D50F979BCA58207297E2B6D658702FFCD211840FE43FC9F3A5BAD9E97E6F21B9FCF16BBBB3A3A5A175B5B1787875B5B3B86DFEFFC687A72674F19D46A8DFDF3EACA59E405375ACE76FFA922C817CE86A89BDD92F400F2C55B7462F610459837D3A61ACF50C7471C8F2F2A9D38C3
310
DA2F068007F80EFCDBFBE5DCC674B1D83EBCBEB8BCBCBC3ED0D3D333D0B3DE33BCBEB0D8DA35FBF9F8CECE68AE020BCE61C112A4C1138CD47F9AD13F7DC6AB9CF9CFCFAF9D0E01FFE6CD503F5B91C5218E2899CA15098714848B04FCE5654884ABF0E554F11F6C21D73D5D5AADD64B7B9327DDAD8B0B7D7D6D6D07070763BC
310
0F3E38E8EB4310EBEB8BC3DDB347E3E37B5842B97C4E44A0C630427E5CFDFB71E03F471E12CA9FF70E055AE141042DD81234B879EB4606361D9328149037D7D76A571A7E974FA20AD0323832713AB5BA7ABE3B3E3D3FBC30307070B0B9B645D93C3CDC3CDCA41CFC6AAC2D64D0D579B4B1B397A7C1BDBEBD7D36657A3CD4B2
310
F44F4909F2B9CA597F4245C59DEC354316F0587020D0C661742BC02869435FD12CF195C422DB3C5A3E2305C000CE6B7B27ED8B7D63079B5B5B878787C787C7C7C757C76C51B60ED60EDAFA06D67B965B3B672677080BB5329E60E9B477847AE2E9EB53E35779FD37EFCD2D0DDD68AA355B6B0D81860502B8B68C801F5C697E
310
9AD62F4B406244CB975560BAC756AAA577675B07C6D03778C17E7C95CAF1B3ABABE3E3ADADE3CDB1B1B6B681014470343EBA979F8B90383545727C63E43549D14FD0F927E5F1FDEFD7263058FE02EBCD1BDCBCA053496BD58E69BC44F9F854D4D979AE9ADB908824382AC1D4014E9756EAF9CE85B6B54DB01F02F8EA5908E0
310
D9D5F1B3E72188C3C3AB67879B07C8A0A767B8B831FE5E7EB754DEAE5261460243FFF07858D8EF0D658BDC563A2C5EF5833C13C90B69248C4DD97842B61DFA7F210A2F6108A0F96B62E2D3B3F3DD939EA47E30ABF5AB2B903F4BE5F9B36757CF65021E616DAC6F60A1FB647274B4B05B2E5341B082D43278F67D8DFDA48AFF
310
9A13F22B34C7586C9992BA6E66CABC190E313E7C811AA57304B421A75B289B9D174CC868C24548823E230B9A5A2DCD2CAFE1F98E61C015CA7E96B083FC59F3ED06EE60F360B3AD6F79787ED278D0A86FAFE00BA9220EAEFE1D5DE1F7855939C3FCC1332426B377F692406E022C010DB437EF009803F0DCFD3B7C94440571D8
310
F2C328F115F47FD324802070BAB43FBA80EFDB92FCA1F7E7CF9FA875CBB327CF9EB08C4DE4815BC4210E2CB7CF1CEDECEDCED5B757490968286899FAF95583BF46F9393CEE6A86D6F618CAAD9BFF0BE22B042412C5CFB50556815CC5BBE33E9F61ECEC26A9BCB8145FD10590078F9C9E953B513FAE1FE387FAC246E14F9E3C
310
E7F5F8194BD6594140876B6B84C5D6799C61A16434201E5237582AFD75C07EEED9863F463284E2E13425A036BD41061259289B6BDC1ED656FC8B8592C9D00701E27CEA749F0D8EF44EAD8C1F80FFF8F8F9D513191F6803384C800097F24069C407CFAE88136B7DCB3D5D4A60B711F19070D83235F77331FD35E71596688903
310
8E2E0B346EAB7936C4162043E1A1F144093695443A570144898BC4079CEF1912809A3035A1D3F361235F90FFF1E3E0FB93C7E2750719F88E7D8E68123883ADB5B18185AE99F1D11C1238A792DC4BEDE8EC6FF503DF377E0445F68FAF4E08D43082D02170F30131A154206CC559A8D9CFDD762B31273E4947A581E0D9BB71E3
310
3FFA07CD02CE2A6BE1EC80167497F2A81CFA3F7EFE58D0CF5D5D170DE4F89070B0BC4040CC17BEAC6B0586C3D3FF0309BC06F44B04A1E13729929B4DF73C44070692C810B08AC3012E8EE9EAE22067796288C193B2139B970B86F47FAD0F98382B1E035D9C32FD318A4FAFCB274F2E1FA772F94411B0CD42493C23393A685B
310
5FEF3E1ACF554AF5F3552A478383374E6B2FDDFC4F6DFE38F4F4ED7A7FE838F488EA852482F412D3CB07E293D02C9F074F12E84C5AAC423271450572A385449844706475FD38DC3C22486A0639E5F1E38B0CFE93CB4B25910EF309A2224BD8DAD40C682C28341AD69047E8539A6AFC14EC573F7FAD10AE0FE6EB13E87B28E0
310
93B513B5803514DE408809BC12A14876DE0A25F643009E9176D9F0C330164285A7444DC8CAF0E9FE41429EE0A2F6A6DE91C0856C501272404A8468822E24C807030B1D33D40D4AFBDBABB411D093D88C86D7205E05FC57EDD1F805FA4CED5920F0CED39157E007CE21757C5DE440ECBCB46CD283E378029B43FB077B4F47E6
310
0E9F61E8D01BE017D7E843EB49F50A2028F1E442FCC90C9EE308E4C0C2C94EAE30B75FAD3A0EAFA57FE9EF960F14BE15638840EAF3BA490BB6850EDB38EECAFD21A0C746D0C4234DBD035EFC7EDD121FA585FAB73DB89FE6A03CF833AB0730E5E2F1A36CE3F202A128934B44E396961121E1F2C9F32BFCC0C140CFE22C1CA8
310
E109B182919696BFB98120234F61B59F7BF46EC30CF067B21A33B0FB3E402448EE266CCD93135A8E823DB31F85E677434E608F53F8100BC0098EA2FD6BC01770E0F2F2D1E5452A711C4BB8486248FAD756D852026B6DC90A2AA5C6B69E9068B8F27AFABFFEE8AB36F1D23985D5960014FD711940800B560250D2272CC54FF1
310
D3A660B275AC3881E349689C1616E1E9044129D032313509DE4700BC867C71F128C400159407C761022BA8A040F40A244788808C60B3AD67A17576279F6F946923191921B0545FC2F12AC0EFEFBD7262B6935679FC7F80629160ABFAEC88E8430E76D82A8DE62ACE50BD4A42FBF03B387B37FD321B37E31C3F063D99703F51
310
60E6C9E5A300CF32A91E0A085A29C0FC507F6C21012303C6104B82C1F1E156DB3229D1A855A32A8352C9077AF733A0AFE0FB3EF81FDF2F0F82C21B0EB06998866878B103305E31EC17F4FD43831E570A2118D1667632D4FFFFB125782F96168A833DBE78C3F11F8383A79D49F58F1E3DBC780417AE6581381E8610604888E2
310
913E12492881274822C221AD04CB0B1D273B8542837460898C686864FF6F801E8269F40AD0481DFAF5E6E9C1F3BE391C325004DF0746A4E4448F7B52C0D5EAD39EC46896B888C4210D68E99DFA2820DF7FF850EC407EB55C3EBC5028611409BFCB8889C90F1C52355AEF98B18100094C9D0EF6F64FD47E5CBF3FF5293DDFB4
310
B50DDD54F351446FA1F14580DC3902C085F593CB24ACC917B213BBC11B3F0A61042FD8B24F4FB9C4556D0CB9E1A880DE89934CE9607F18F81FDD950DD0E1D143F41D56110E227C250621FF098838042BC85B5B6BCBCBC31DD37B34966E9FFD9936A2FEFEA9EBA4182E5CD3E17AE35501FCE0707E5525A7DBC64DFD077825BE
310
37CE0BBE1BBEC061410C660B6E49912665E2B3749C7C9F93834022F74CDE6CA5EB501D9CBC04B768292C5CCB84478F3CA83074092C6082169015E5800D5839DC6C1B58EFE83ECA513BDE3EFB8EF1242D2D4B3FD55AFE03D42F8492AF8A3F21444FA2FA9ABBF525EAF84C09F0168527B0138A85D1EC0443C467B28BF844EAF7
310
6323BE13D7C11F72FED783837B970FEFDE7D7817E077C17EF7E2A1C2C0FE851FE4C008388C15E818958746129E1009D054B67530D6B3D8DA3D59D82D9D57CF70039FF50FFE0DE94089DB269C3655A4F25B38C49D0BD48E59F1526887C18FC5272197F85CA72862A593A4843CD25F920487DDF7AA0441A2C0600D062001F103
310
FCEEA3D8560CEC3EBACB01CAE5A51E420349F602191E5F901893142381351CE17047E764BE50DEAF9E4D8C38B6ECFFACEB141E54A6865A88A60133EE9CBB4C256930B0B168C1C3AB59FE1743FB422C7166082E934AFA5EFA3E4BCE0B69362FA7041818B7FDECE1DDFB4D022007CA23E521F0700AAEB5888BBBF08023E128B4
310
045381542FA256B0D04E28A0C3804E233A1BFB476A2F48FD135BAF9843BEDA3264EB42BA499601F16B566E72C7EA35908ABCB9176BBED43204C696AFD3D7B24B08D3AFA44BE243D88A6D9D0B6562B52F741E1610C0EFBBAF2B0829289A640EC4C8A4FF66A24430786CEBE1E1E61AF9507BFB496EAEB64F8F49B4129EBDEC06
310
5EC1F8A3F228A3CD0950883B41BEC6D1944AE06147289600A7726313AC69A3F91197F1438BCB743E76F01F6EF1D1C854071670FFFE43FF1EDED702EE5A14C85D0C42DF90B86068800659AC88981855E3E774A71C0CAC2F76754EE7CC87C808D1E1E0F6CF47FD4224731337BE1E39C5010823EE997B1491BBD99FC8D8EF7748
310
2BEB5EB2CF66499A8E0F7511B19B3EFBDACB6507BC78731B1B383D02FFDD7BE8DD9256F7D0BA7B46015941097B80018F700FFA024CC08078F51806100ADBFA163ABA8A3B95B9D2F92AC30BC908ED31FABE0CBEBFFF0279B675868F9AA24E9530B08C174055B7F48E4F58002F3E82F0BDFA003E8B431EB6C4A91E4D9B5FFB79
310
1265BA8827BBE5F1BCFA7F789F72F75EC800F8AE43FFAEC42F13009FB905A9A0132015D0068ED7682AC608BA6771038DEDB3B33082891FAB1ABF5614F93238079726B833958796B845B731FCB86316713C1DC581B1E19B424EE32674093F80776F7E27C6FBFAC85C536CD955B96EDA2A3FBF770FF4BE11845470EB3E42D022
310
000E0FE07D161811020742162444668308801E133A4C163BE68F6826A5523071CA78B2FED51F28F8C70FE4190073A3E5D3259D7A288CD19BDE623F10021BAB0C6E327FD507B2741627727EA00D31856492F9F009D7F152D930704E642795C1C1B336E0DEBB7F0FDCB79318543B25341F36802D64A981A690B94259607DE0B1
310
9D466BF8C1C5E1CEF9A3FC5C639FD6117B4BAEAB453F8EFBDA500A67E8BAF76C8A06566E36EE1184E8329419161F83D843D5DE7D8221163E145F56921C3EE383978072129E290A9B7166E63D26BAB1FCDBF710009E4051842390031845F20077CD079407C575F20364C4910ED2A574BC357630B0BCD8DE39335EB175646A69
310
8458F6A346F003A93002E846FFE0C459B8006E506D79BF902908A0AA05CB5E73530E33BA1D3C2EF99C712B7C8B41DF4D2A7830BE8707485FCFAEEB85A09AB6D39BBF7B4F23E00509C20DB04E240822A4B810E04D8D53D10D504C059ED86BB8697F514777717A8F8144D48A4C89077F7EDB00E2D89DC02A7B975640A282C49A
310
4AA84B70B12BFED8EA6584860DFB7EE23FCB00C6BAF7332FF259FA3C9346508813E372F1DDE425065BB61FDF8300F7EEDDBE8D0C6EDF46F7D8823478590AE23759D60DA6B7A9F125EDE8F4A5D2B37470D0B63C30DCDE3D3D59A8D1501EB1B0A5377517BDD6E301F995E3F955F0F58FAC2E81CE172A8344AC03DC6781939D24
310
84B8FFC15E8F3ACCD3954CE19576B942D0A029188EC7013FE59AE90B71292DE774F1F63D60230180B30A2EDC65291B6211B4081128856001A680015CE000708254891851D4B3BED0FA4D7166B466BFF1D2A924885AD12B387FC0FCE6819AC3AE06A7AA4B715F0927B74D119D4A668FB54B8A8C268D8B038A207D10A7B1E95E
310
42195B695BE0240F7408B311257C23F581E987C180140C584A02B1670CB817CEC0A080F259F1360E58452013200E3EC107AC1DF4FD7B0F6D23F33347F9527D9F51E6138E31AF35F1BDAAEEEBA3D71BB402E2FB47CECEE96B4DB85536772B07C82A34F3E66D0BCEC207FEB9E70643761276F7B50D5EE963CFF80C7AF4A2130F
310
5BF8C4EBFB5F07B709840480DBD8007FB7EF3F90104908BA457D43AA2A6A02C91422285E5AAC143F3313A0CB74D9D164933B86C25587134E8D342B453FC982860D09FD13ABE72055ED020E85D3E312F74C25CB0293D978A1C4001927C80B86FD06349126EC219F0C735C8053D8F5F310817EA01F1B7851F406144C211C6362
310
C27DD51F1E310C0102280ADB891E9B085CC528A2B1369A46BA195B9A2B351862CE43174BA73FB7CBB430A5798F4C54B7333B96C3224A9863AD02B9FBD8E63092191924E77C199D92887DA594B6DCF0112857162FD0949FE6A441F5E62E42FB2105BC405A2301A3424601DC807912CB2C39C604A27908021CDA30C4C8C2019A
310
883B3A8BD393BB3546136EAF561980FB63E9E035FF73B96D09A905ACB2C11D79571C5159026227DDBDB81396EB03F14100BEB66DE1FA9EF82C3ECCBE318119C4269FD014E66361FC8BB0B4EA9A98EF3D8848A01360430284335004C183CC25BCA82D2302EB03B8419241C64DF4F5ADAF77B533BE786334BFCBB8DA72BDBEFF
310
C36103AFB30608A0B39B58D93F0BF42180841DD26BDC22CF0A770E90240006BAC65197D90920131C7B2EB3CFD3C71C6378A305EE8488FC1FF8D391E2BDDB0F6E3F45E7C8207C419800DB410073A3173942CA8D5242642A74496FF115832A6314D9FA4257577BF7FCF8F8E8CEE8DEDE5EBE76DD3CF892BA7FB8B90F629431B5
310
525E92A15A3A4A6FEA3FDD73136172060959206591F4C927196CF645AA285CF3014630121754261C0D31E1A7E3DA2DBDB54B04703BDE3A4209F02045C4BB0F529A14BED07098A2A1CD47513DA64B512F409BC01663090796D787173B5AA141B1B39BB470EEBCF1E30F9D263ACC4D05110797CEF7B923B027F089F74D1D06F0
310
A4D8C0CDA6604023FCA45B76C5CDE0BF3845ECBE13E0C0ED73700A8A753C1AC8AEFFF1B407FC8A20F42F0D94019121DE304077A027D4112283BB8FF0072444D68AAD111D6F591BC0061854BBC048EBBE9E81F6A33A95C21BFD13AF3C7E7DCDFFEB0DE8903F77B41DF178E99C289895B0EA8CD640549D68935BA7C5294E0A1D
310
66DA0CC419BD398E6265789CA1241441AC94532A3C19C95340BEFC68703077EFC1D307B71F3C500859C11494838E902203A2BE90EACC5135B80B078804340C920C2300BCC06F7A1C71B875DC572C9BD1D84BD5FB9363CA6BA7D03E5C40FDFC54FC23C9B4B9DDD028787D89219038523BF64E638BB37CC25335937A00DFD328
310
69C5B390C8C32FF25C8C47A7181B4A599A224A9DADB0E0406FEFF9F183B7448F081E3C55024FB33828784AB61704482CD0160C04174F9E33BA9291D58C2F1F1B1B3B5863B0D9F3E51C35C253D54A23E560E2C0CB3A6F7A81382601C2079CAE96B7B1560D20A341E85A928A4E01083256420576C2ED477E2E565FD9223BCC69
310
1CF394D3D8E281501E0EE5C1C8159E92585D255CF30CC854C75318006EA4A01028EC853F9407C6053910BE105348324002260254886C156260F9189EE0F8C9A3CBAE9D5A992184568A69D5183A7DB97DB089FDC57AEE54F858FE54F577DBA85309640290F2D220952620750C5811FB772A7876D1E4040FBFC6474D51246D8B
310
3FB378283FB514F8AB3C20B8BF7DBE5DE541C9A5D3D38DDB30E00151E02523081BC89C2214103E0BC1B3D0199A08E002681A2613A2616CEDF0F0F9C5DDC75DA395C25C0309C03DEC8091A4AFD3FEB504AAC6633930556DAC86EE3561941E862C4A75DD6B6BB3A0C59BE153DFA73EDFCBC3CE2188D3D378FC976D0EF9A95B7C
310
8532F527CE3CF539581E0FE501291E9139FFB65EFF5DBD8E0C18DE3077170A64E033FD278F18068028802F156C3809FDEB11B1019C208D020C9BA2870457F0F8E1FDC7EDD393E3B9FC9C4308E9315704233F960E554802C14716B0B45DAB5EAB5E25AB7830EBB8D25E6CA94E4AA01794FB1EE164FE9F040FE82C940A4BCEF9
310
13075D087E85A7237D3CF29C47E4E676777779528C4781761F0BFBC1D3A77880E40C9A2E5109180D5255317890394229F0F082010354082D574F1E3FBAB7D6553C2113DACB97BEB5526C7C6F69F9310A94C46CD89FF8F379AD1AA035FD00FF3F320180F01417A6F255A3A8D86319FE0C0B0E06A0DCD33F79841339C01E5BBE
310
1911AFCFF7C1E0A540BFBDBFCF2372352686D863F83F59CB6865F43104007EE06F52406F680341102048A01BB048823082CBCB0B6AC48C313F3E7CFEF8F2D1FDC3D6F6F9F9D9E98D9D7CAE5EADE2A6512FAD7AB526E17F600C85550DDE9ACFE9D97E694513103BC69F8A2813176032C890C1E9C49FC09C61670FF8705B1D73
310
86260E7C8E7122C7F8208A55139E8C8D4763F7EBF5728DF9C34677364E3A3F9AEFDEC9CD95470788834F9FBEC512379890B38C94205B2557987C4186DF5C0837608DF0F9F3CB87B7EF6E920475752A01460E556919B2B64296FB9FB70DD5F47232A0F77465BF140CD001F00ADCA175090E2665A14E6329B62660E02A1CB50C
310
6025E3DA252A670B3F0FFAA5EAD94A509FE7036B159E0D1D9F2E76B7AE1FD5A606198D3A747AF450023CBDFD162278B9446688111009B4029B0F2180AE20A542D40610C073B47FEFE1416B2B12200F3C991C2F54EC2491027A816B0A34A9D05C6F437AC23462385DADD75642EDDA738AF1600DBE07EE8437804D2D011A94DF
310
71C2085EDD40266A407FFA1D1C00B0C03927E60338E3B9D8C47D1F8CAED578E06F7CFAA4BB63B175FA7C301B747CB377F45192003CB8FD34B12009224543D8604494011A80C1903CE0518C986208E1C5FDDB8FDA161686873BBABABAE74FA637BEA894A44078C19696F326E057D7F95D061A6B0394A9D5F2DCAAFE4C2388D8
310
A6E9AB7695CB0BDD0A332430F1A9333DA41D1FFB97FA09AE84E738C75C407C260408F8DBD5EDED7DE1570A7BE333C54F16963B46AB0C2B71208EA3D16EF4EEDCD7005241166C005A73C03164792151205C007288AE337B4D7103741BDE7B7AC913350B348B2D767515674EC6F72A0402BBCB41C81305AFCF05F2758D3ECAC8
310
D26AB97606DB9581A4B7A8FFB068CD5C0604E6849046B70C2B60FF0CDDF93C13822B4E82FA0479A68220E66D9FD775FB3C1A9CDBDB9829B6AF2F77EC9E0678FB20ED8D1B1A1A39D10F9812E20D6281F5673121AACAA9C53424000DAC173F7E18C3052EEE3E78E7F1160F5AAEAFB70E0F7775CFCE4EF384DDEEBEB9C0889D52
310
43BDF557559FEDE5F17AB21E118C4C31A3DF6A96B56AC62180293910ECD6B721047664BCFCC6B2DD3C65CA0F0C823DFEF84083C7ECCDF05898EEF158F4FEF97EB9C123F1B9D1D1A3D9F9AEC5F5CEDA84A3C96C14A55584D62893D6A54D8D2028D05C8B1F124884543F3223B29D208B04910D3FC43F5C52196AEB5B5F5E58E8
310
E82610F08C21BD443801233C0CE8BD1E40F84A1CA86001990048031ABBAB11EF83F9283EA89F181F2A0D9A9F62D94B7F625FD727E6A93F63F200F614F7CF100D4511C07DB45FC5F0CB4CA359ABE4774631FDAE85E599EA0878A3C33D5AD6430CF4C055EE5FDB80629000D7855DED3F436F3B61B3DC7FFACEFD2B1BC6FB0696
310
312CFA477CE87A87070C7998E04FBA78AE3F915A065E819FCF35B410321D9ABB308146A11AD5196CDDD7C477A171C8AFC74B45CBC6F641AB53C8D4ADA5870C02379BC0470CF83DB55F073E29CF5CE5F7A3F8FD62EB7AEB1774C2C6780B9523F9287193FD23DDB79FBEA513B45200E2E0C1B51350163AC19043C600F2C1DBF7
310
DEBA7BB9B5457BC0D840CF325EB0BBABBB786D301437000020004944415472B491ABCCEDAFC0591201CAC8EBFACBF367FE7B6E40E69F551BBBE7123E3C00AC560CE20C62436E8C3C54CC225EE08C0D74CE26148877689EDD004FB2BFBFFFBB984035373A7954EC5EE8591FE531348654514DB1D1C56411DFA2A7C212BE5ED9
310
1278F2851A432244C6822C29C85A8B320ADCBDFDD63BF71FD32648E7D098CD018BC35D7FE89E250EF2AC75F96C15271602687965C844B8807C6E7729D93F22E81D39ABD62A0820C1FE9F11CFA7208125D33E96FD69E83AF6052DD32D49FF0802CD9F9DFD39260389A950887A647CCC99BAB17132DFB5DED35138FB3A060F62
310
95AA5E195BF0BB56495A5A4A8FA440026E46A047D40ED2520A441C302D240F201FB8F7E0EDDB0E12A04D8816215A0579E8FE1B1281E9F19C9900DE79842E2A7CCD48E9876EB01C75DBA0E0C8D44AB5512947A00BE7CF5DE9E1A6A6BE43CF1A78783DFD5A404E4477336C1ED8B18908B2A847B2AFE9839E891137A6673BBB96
310
FBBA2A4B8E9373B001F08369BA11BE8ABC4302FD2345FD6014A127068427D007BE28B41D9B0D40FFB7EE531FA673C8870A69135B1CEEE8D009C08042A5B4EDA314920B635BF941E7487E45256439DFE9D276295F87E698389CD49FB394FE19720412DEDDC40E9CE9C6DD605E0B719FADC416CB15AB3A61F9B5B9B9426E54F8
310
1D8B03DD950946D432B40CEDAB7BB5AF11213CBA73C9BCCCDAFBCF06127C7980FE6D1DC9B4DF14832D6568FEAEEBA76FBF438300B541064ED33F3AC0B0D10505306FD370AED02859234402F6C3FED006766DDED2034D90D119057225EEE3DAF787EBF30EC51ACB4F551678BD6728E1944730C095F13E4D81A4DFFBF67C5BEE
310
37E62A85FCCEC6CC6C7BC77A5B477E22223ECA4FCC0F87E2A5E3EB782BDB25B8CFC6736A044DE5A7CDA604526361D650484FE283B77EFBD65D52C1C73C4F48E7D0D81ACF572F2E2280F98FB230508FA906B42DE240ED651B301CEC83DE1790C9FD96B6CBF986BECF3BD332C18EF627A0B6EECD5B152E02088D03D828AFFAD2
310
6B05BF671B4F9A09A8CE0CD2707F67F2A4B3BB75B9ADA331C1305BBAC182FB4A79820B7EEAF73199B8404C0B81231CDCBB871B80FC41FF5860E8E108222A1A076C29E6E03B6F3FBD4F1F295DC457573C7ADED636D6B7B8C88413DDF3B327E1046AA51040B40CB50C7E3F1D2E44DAD34CFA604029BFFBE714DF0C069908027E
310
B275F1F366C132E1A7450B04011CF82B2B647CE754F650FF6E25BF37AAF65B7BDA16CAA791F1D09F6CAB989EC5AB7809BE145FA459E8D3E4B0FB47DAEF093B946FED585B80FE1A0305FD5330FEDB4FDF79FBF6BDE81D8300CF6815E5F9896552412A03F31FCDCC7CB5E32365550CD9365FDCCEC8752E943161D78047336F8A
310
F6539840A1F2E764FDA2970999F205CD2BD1F5CF496571F76EAEFA0E1CF8FD2A55FD06391F9EEF8B9DC9994E72BEBEE1FC928E2F223EBA0FBFBFB4F2DF137BC894B8087643D64ADE6EDED67F7680FAC9060239E845FC94AE93D880F994FBF71FBCF5F66F9F32C292EA900F9C1E6F1105E81C5B5F58A067A448143842008D72
310
75EA3BBA3D2516FDF02FF79260020D6B3C714711F3CFB61BFF56A826E627E82256F7400FB387FEF23C1C1E77FD6A21EBB1B2B35F2F95E7760BE1FA3ABB3A981423477517EEE36FF96F122B942F6FB64D9502BD1B9089162532A2FEFED255028FE653C9F46FA321E0B588B7DE79FBED07C44106CC85133CA65190543004D01D
310
02D8181DDDA5A9C91A7110805B7875B689FC3902200FB192E7DFD936B37B57D9C338BD49E99E181F4E5FCAB2ABC1CA7AAB382CBC7D515457CFABE6FBC63D525E5CDF74B16378B9AD6774A58531912D232DF01BAA913DFB7D3AAFF912984302B84D0500077800D26C60A4742101DE420C610C2E92FA93056022EFBCFD5BB6B3
310
8651470CD33BD87630C05831BA864C85997B8754B05167F0706499DC442FCD22592AEC2ABF3FF13F950039BF159FA9B36ABDB2778EFF83F70972B83BFD3F4899E64DD8346AA495CB155A7499F2CE39B0AAE755125EB84FD8CF8D8E4F4E9FB4B72E8F1DBCCB98B31BC4607C2CFF21C8145FB48EA0F2159F86A3098415609554
310
DEFA7B27EF1301033DD06D274BAF6821D220DEF96FA4CBB60B3CA241C021D38E1AA76B4406B4767576166766A6C7F77273F5F395291BBA19F64F2E3095C14F3E60371827741CB27E89543857D6D96BF9A47C6A9A26057840332EB843717AAD171880217B71FCCC0355AED3D4819911F79D0EA8AD6DA31A83E36C5DC2D47029
310
5C011302387069158F6C9966022367ECF1D00BA9BB95C389AE7B6105A1FB640689033A7FCCFFEDB762189103A61C3A4FEFE0D6A6B5A19EC5755A443AE78BC5E9235B047890A65919A0D2F96AA3C01CEE913BB3ED239C3E0CD8DDAB99E4348BF3F8B977B6C43DEBEFBD7721A839A63B94C06A10DB87FCBFA3C2932F8C26F88B
310
6D6BB30C3C4E09AFE40FAB52EFAA1EC0316920E031A46D65A0FFE45A673432E907FBCF86717AC04F2CD0EF512D665FF53F05BFCDC43489F150890C60A8E0314E70A06F619D30D841189CA15D3417F3CD50191AE4396543F0C42BCFD696C58DF163F5B46D708BD5FDDA5E5E5FDF9401BC4F7E00E8A17520833D1CBFF495B5D1
310
CE037C664123EEE74737268B5D1D3DBFDA6AAD8C08DF2C0BC7A737E10AAB2A7B958990CEBF556CDBEE823CB09FB344143463C630CFFF585D330CF0320E921744A7918280FEEF981161008E9FBC78C830217A07B7D6985E83F9A79884ABB5AB383B4D7D788F9FB3D867A2112A43F19042B33A108690CF6F472F8661CFAC9714
310
78757F6E6F2F7AEB82FEA85E5715941778B278281F28C268AB24BDB470EF3303E09C359E9DF1CF990D8A096106E6A66C8620DDE7D281DF0B2831F20439A30D68386CE13E002F7EDA8D7806162B205D6A19AA1FABFD6B1B400EC2BFFDD66FDF7E8755B4883C043F43046C1326136680404F1F934EBDDFDD39CB58A98DF1BD78
310
80E0532E671FA1435E9D6EA5E9071000BE8F262E7C4044FD95D5FD526EB40A05A634775F32205C3D779FDC168CD5E56BF982508BF572BDA4F6F57D3304BE9EB18149461B12F760D7485891CA47CFC44909136FBF4931716A2E100123FC6CCAA6A644F25EDF4AC980B14039009BECE8B798BF69A05DC5B6885CD23F8E13A46F
310
F0C0A986D617F001C52241801E87C2974C31411DA3A5D7B6175472763D637D3E57C33B908F867F4A59CFCA7923375E5F027A983E18BD7BD4E6FDDBB2250C1529F4202EFAAF979DFFB1F2612E87EBEFEC58581EDB9AA95AD1D7C1905F7305BF8182D5BBB524D47C4E3B81CD843220DE1E6536497C0962C225F75A2D6A998303
310
B23FC501F0B3F736EE1FF01200FC8C99F5515207C9C40081DF304C0A17D06E26CCBC5B3C47459308178301FA8057C2C0AE9D99B05F038828B08400F2E3251254DD7EB8BC4853B101F99AB48E387457C96951E5DB670648BAB70A7B04FE93EEC5F5B183F9739C98952C6845C380D401B8FC86E70A20744EC720E09D35955D96
310
A9041720196D183AC2CFE6AEA816652D0234883D788BEC8F5DF2615261DB031C2381092401B48D8D2D870FECEA9C3D99DDB036C8A051058030E32190976718C89F031DFBFF2EEA3D88606A8A19BD0AE305BDFD12BA4FF46F1A0002B07137989C748936E9DB2C91F43B07E4E4D16C3779CF5A4FFE8CC981F07C29E34B7C012A
310
F0054FAEA4A6A3D49D3A16D2B3CF220A029003366663053C89B3FB1827080DEC2780076FBFFD8E39810CB0593CC68B5D9009F2D400418028B0BC6CC74067E7C9CC0C2690FBB084AA5254A12AF63543B35EB40D17B693F7E3464D5094C00AA9E04E0E0524F5C35C5EC6BA94B21AAF2440725E2A9FF94FE7A8F0E769EB83FDEB
310
039B631B18BF396F5C13CF89ACC02C387DA56DC3B1CD84B96CFAAA37B55FE723B611062258257D331F186AC93D8AD600B4FEF4AD777E4BF68F2168FF08C081A37AC13446C859964803961928476D78F68419390D830C1935B5C2A0A22A3AB17D3D6428BF12DC373B8D464E04C0A496BB3B3B75639DCC2500E0F0B15FB6F47B
310
5A7ED0183A87CAE8D535F2EDBD4B3B7FC762DFE65A07C30B2851DB890082ADC07131EEEFA3DB7DD5CD32C0860CA83CD4B7993A175F422A8149B1C1D94C1145059D9C78A8A572A90B7C8B1E3392FF77A80C50220880FF3669004E90F101740D2B808181455A044904674E7482CC3EC85C4BCE339404C0B0BF6A5611E4F9B815
310
7BAB6DE327EC9BFBA1B4557ECB609C1F45326499EFB90EE78F18227F09E563C9E63D847EDB3B68EB9C39E95AC4F7ADCF7D87F6752BB6912040281E4A0D8A8314E80D60470999B8A51FB1488A66A9F3F81FFA61C83F4FA6969E472288FADFD61B005E0EA4284822E018911828E868614DA0C36E11F3A051070BF2F0840E35F2
310
00E2C0C80A776CC9E7E6841C0503D0EDF15ED9AFE527E798D23BEE5F0604E58DFB7099D739BF0BA5D332EF29F1535995BDBD0DE681C4F71DFE6A7AC5A13554AE6910963E9ABC9A0DB5B202225545F5CFACC942B5B93C207352B6E5310BF349AF200175D7DFDF78F6D683B7C87E087FA9B35812C4F8F13452CED610A2207541
310
E6D659A739441F3833CD0C9C3C3DC2B0712F62333C4FA9327C9CA1124904B4FDE0FE21C119776CB0C212AAFBA5CAF80EB43772ADFE77CD9FA8A4144C54C2FB2304C65F62FC3678E4F6C68F30FEE1BE8383CE7DB86F58B1AE0C51F0F055E188D02F00911DDB0991832228B3172B3E623E513FF1734FF414A611A603163F401B
310
EA790FC9FF7FC3FD3DB02DC00184145B850D01D120424DC03C00FCEB7880EEEE939399F1F18DBD4AA54C939899304D913CC2D5CFBC55E50C7FBE4C0E14AEEF53D6843DFF56BE2D554637EA047D3C210E2C61077875FB5B40E19F43AB7470CAFE1C0D3ED3B3B4778D1DF6D4F837C08747180FE8394F2CA1E0A46B6DA62CE2B2
310
DABEDE0B1924098580FC16B369730E9E90541D3730D47FDE16EE1FFAD3419CDA05ED1F2715C607F2E81893AFC5936303F40EB776F1D808BDE393A3FA401E1C706E154C892860AD74A2949C409E28A8FB3349C764D13E4D1D3468952B7B1B35001BF41142CAD58D6011C8B78961EACAB66E9AFBC627673B61FFDA4167950A27
310
4145BF11EA17BA9AA60815C2C43AE1F648E3772E53C94E6364AF826019E723069A8AA353A3BF7FB5359281700061FF64C28C10B9AF0B70B0B0D30A31CD1CFD22F68C76DA1E44558869257892363C091D313EFA46B57C3BEB252E9C6BF5B4799EC58F1910F469E25AA17B343799DB3E33CF410061F96C6D63FA91B1000CEBB7
310
D2971BDD39A2A76361E000F5DBC1688D47CB812DD60F8001AF25B328D173A9E4BAC18CE9F1F628704330741B2649B92E9714447C68559C6CD2F681919367E4811100750058809D0230C087A89FF3C80C23C4C60882E481F48D531764BABD5CCECA308DE2F63D3BB50373D630796126803C2D1FBAC148F7592881B395ED7D26
310
B7DD38D7096AF98841CB37592561D9C6565317AFBE9FC4AF7371E060736C7635E0CBA1809FC80F544DBAA1F2F9393D970D44C0615A0C6930E758B9E63AE690F73045F0C8C0731DE9CD80F718E94652383458799E02C06D328010011C7090D8C5E5336A83D4059953877EA1E1D66FBE994F04608C4C991917230FB61F9AEE18
310
3A40AB9108D032449FD1A7283DD25ED15360EF7EA9303EDDC0043403531EDEAB10DFF87F5E2FD56DF0F1B701A9F614DB17FA0E0EDF6FD0B1622A81FA3D1DE5A33F551930335C353A87F9AB05C60455193448246944A232C5D07636D864CDD7A50D0B4440CDCC465D1C418321F50E1648D500294065D869559EF3C40C8FCC6C
310
323E989AD0F0C73142480B200842802C061008B480A9954AF282052B3AF67350FD0DD30D1F4075AC303A5D490250F5400ACF479656861E4C77AFF327F3EBECA4B57B6B6C8FF62602BF150744656A87DABD7BC6BED50527B2120C001A0B3718C74F0C65CD34F275164D7968148DDF259AB8AD6CA81CDA4E8819509B996A7F64
310
2D987A401A2B04018C01E6C169A8700F9DE3B489DB2BC49C9B7B858A4F50D22AE15428FCA4A1EDB20C83492690CFE361CC7F8C8066FFD0D77AEE797977F468A36E0B0DFC87F90EE6348BC748F7CB73B5B9DD5C6EE7AB19ADBF6DF359F1DC2A0F9E44F213F8041F64274C0859A2AB7C37440FEDDD2F95BE44065F22067E3EA0
310
CC3BD8C0D8194EAB291CCEE20B9CD8E02950AD806080047A279F19024C837C848816719AC4A34DF8F0706CED904E8185753A458A27E4C1E37B5F30A104932BE140E0BF4E400160F320B054A8705042FFC47B4940810173F9C9E97240C7FCC3F3813EA239B745DE9F1B1F3FC2F9330374DBD1A7B475923F9A2ED81716D18D1B
310
577DAAB9D1A0458655AD3CA7E211867AE7C702DCACCD291E0F798013DC01BC326087775C0833E04EA3778FBCB8DA4687A0255CA0AD210C15661E4E92001A4449031D1DD27D327334BE830B64DAD90CBF537A45FBD4E94A7A88888E715B7E74FCD040E818BDC1BF5AC609CCCC015DED23877080FCDC47BD8EF3A7B783A17D33
310
F3ADEB6D6BC7AD75EA7C7852C5B6FDADA6AFEFC2D181C03F8C40DD8A4AB5024F0B72E34B57BC1182472DC80946789AFB711DB7F1193C03C893B0345F420246114D3EA71D04FBA731C0DAB0D3CD311B218F0D5A15ECC105D02F3AC32F13600084731A83220040019B03180634B5923D438300B05BAC80881F061095FED5D572
310
A3323ABD83F1D37A2301A8C930AB3F66ADF7CBEFED30BAAD7D78A06DEB6A87F15491F5AB7E25842B6B34BEFC12C8A159F187C64B3CBD2356DE5FBAB98BBE9583F0E3280C0076DA15BF34C15238145742B07080B1EFB83382F9FEF2239D003541041083C5AF9EF3C8944DC2030BC3ADEDDD9D27475800693049E05413BFB3FE
310
B4308731512F13400D06F813368A0101D8D863EB3E75FCCADED124F532AD3F123F131AB46A93DF1ECE7F96CE9EB6C365C6D6A07EEC461FC919FE288AF7AE1A7D012D291EB073735FF26BBB1C99FB706E972192819B7A34BF22424BEA1CC7958AC2E04BFC8E02DB90A4A1DD04811ACDBC181037864672C78F6C0EC3073A40CC
310
49D5E813593B7002763BC6A909D31AC86F3F6E335C9E1C309BC58F16418642E2AF6B290A34FEDC0CFEE08FCA0F56700699CB73B9C99302AA17BD516D7F1FD755A2B32B3FBE7134D3BEC813195BD355020A7DBB541539CD2C06E45F46FC0EE08293E6C0E1972176D9B678340AA1A4823404EF79B1E2347E47C35D0A2260730E
310
0B513025DC0BD1C07E3366E9B9D17F767405FB531070700035618606F0B40C73C974CFD321B0C174A80C0F3AA54945FFEF348F5488895713E89B5C98DA501E06D8D24FF04FF0CD7ECD7BAA755A854EC6A180AD13BE094E8D5D63BFD6DFA5F5D3E4DB1BA18FD8473DC6E17FFC9832B71A2A94D96E808BB53F9192955D62C82E
310
282B05168AA0927D54AB20A20A74800B7CC9655C8B15F62377CA4C91641F9F4D0478F4FEFDCE273A002CC0A725EC165CE3A149F0333E8E9600B2C05A7D15FD831F0938DBE5D0FF13E3C0F0765965A0961C3FA86DEEB0E28304747BFBA5FCDEE44C23544F7BB7BF7A132DDE34F99E44EC3FEEAE92F667A10F7E90B0E8C6442D
310
F5A5318B0F816311DB2E6DC6F172C363FC800EE09186BB9EC82A24C0117700CD884AA42023B81EA6E0CF8B3056411110D78606EBC5AD5417B45BCC8E61EA01C4006AC233933E35D860BC1B6CB9C9CCCE7840D2E0C1C1FFC11CCE54D59300F2B47D66A10F09D8E24B71B9BDDF98FB62A3B897C53EC88D16D1FFE8C649B17BB8
310
E760EB20B784F52F992544753F2CBF642CD3C9C70D8722C197142C567E74FB431EE248A8F3FC00377F5142144A82FFC28AC2970A780C85A7EE9146FA4B2981F3C93BCB0F3FBCB6DD3DE69C72B6073B99140DE28B8E919D9D9E7C2F5FA99FC1FFD07E9AC0965CDAEA0A945FADE52C791EA989E8E7A21A355FB37E44405D171B
310
98A6E946DB26AE71DBD01FEF07FD378F5B4B518724481820890E7486E3FCE61A60E096D577701890EE07CA5D7F2B086040749FCEF3F81972E510A86359C9BB579883035887542090614E5C4461705D7CA1CF84DB564838606CF1597E8119790D021080C935A908324EDE9F60A04B7830A33F0670CB08605B8D01BF9A3D4356
310
93FAB4FD84EF6754930640C1F9D74B052A7ABBA9F502B39DA3BF6BC7514EA4BEC71D752BFDC198EDA8DFE8F32B3EF811E4576B0A2074B99B070A069F60173E7427BDF285024E35A4418B7A412914F2800F1965C4F1120A2D5D2C64400563D5942044807BE7C738EBF3034C4A6F4D70C04ED1F97673C039FABC4CFF18866E08
310
200BB66BDC9CCDCC3FFD1E43BEFC52C317F0F5E64900FBFCDA4DEE68768FFF46350E0EDADB7B34DBBEDE3776BC55599AF84E312229F931E700D04478D66A0D88D09B2276141AF0F8811C5F8067DC04C0F90929F7F1AC9CCD368488AFB965C97B855A3E2E93AE5B4866502E55991B82D4388614F2C36B8484A5FA06E3EFFA98
310
4A6AF17D5C2073299D9F12FD63826F67FC460E54030981684E9FBFC22009A3006962285FDF4FC84B699FB5BEF3736C6072F6844C15EDF25883037DE6BB7AFAD6AE164B367812FA8CFCA6FA25725D99AEC5C6EDEEC64ADDA2BE0056002032E1D7A20A54CF444E360D520A5B69816C0A953CE0434A8A898BF18E2B704588C01B
310
DB2133342F5404FEE698957C200EF54E31BE6DF4E888C9C67F5F3F1B41F922777E7FA6332677C20098C59F762F5DFE4A23F9801A3BB6F8A4F66E0D40EC867E92DEFCE84C714FC7CE8DD3DD3BDBF9C781B1C3B549FAD2C89D711808CAB100E09700BB85240374A7209212F320CA577222A7020E7824500179FC7096C714884B
310
DFD9499E027ABEB3CB0226CD293CAE6E0C41A6788F396606A073E28CBE5CC67D584D36CA39D37974FE1023253E3FFB007A26F657FFC901D851130DDC2BF54884F20D5D40A0B7E5C7BCC7CC87B84F2ED820192CCE1AABA1FF24ADBE1D03635B5B3B53D4A5F84120125FADC36A0E792D3AD7E255792CD5241A4C84171F110409
310
0017DA493D0A7790A7BDE6DF326180398E4B0DEADA5C2763825E43E05C388E184678C88CE6422606C017F030366981353DF03A753DBF6370879F79889DD0BF75408724DB53C5B0063AB6568D02DC47AE4627B58D7E367A6000267E7840C23A0940B992DB98ED1C4731B4FB4DCFB6D3EAFB6CAC7646F0335C5031888CD74E21
310
03380260AD47176D703960230370FBBF28813524C17FFFBD6288BB28E4F905ADB4A788B40B4A6201C1878BED224DE9906C4C79EF32EE679B9F5D3B5DFA137327320643909A823F62106CB8F9BFE4BFEAFF0FC7A6393EC7F64A698EFF8ACE31BA05ECE6DAB6DF124118D1D13F892F3D3530602E3F3ED3D59DFB821ECFA3D9AE
310
85B1ADAB9E328DE738BF55D5DFD039445AE76D0194180F57B15BEE5F09C07F952F9A10372BC894CF7DA12CF6507E2A8916E0DF430C519485C55D61EFE209912D8C32866214E121611E22A0B1238DB18E86636A3BFAFD5B4EE02FF1E505F902BDF424D0516907BFC95EF3A76B6B3872769D67E25B548F0DA46E2B93DFDFD5F2
310
B9E9EEE1EE1DCC7FBE6380DFBF38A165CAC73DF912AD76A4690D2B766A3EB4AFA2D05BE543EA20B095FB17AE3F1928D84482049B659E671A4763CFA567C08824913D37F2F92F841FC244085C1681225C04AD6DE1684831682CE0D6096B56101C0D4FB3A1BD3F11FC1105AECF5660BD3FEEDF162B0D9DEC6DB55AF27FC98050
310
BDDEDFF63ED14B01336053A19DE9AEF5F5D9E9D9F9E19ECDADCD497BCC57681922F327EB41FF681E17C1921B04FBAE371AC69E53F98183E91B84897A5DB164158BD1D12FF6F6BEF0E02847727BF2628F9FD48B6FB11DF6928C868B29590A0606F92140D0C08850DAA7DD8A5FE8A50389F61288AEB743E9C801BB67DBE0A7F6
310
4F63BC87770FDF57AA73FE1F5A84F8DD3AADDFC32087FBC0A7D645C327B97D65E7A8BBA76DFD9BCEE1B1CDE3F5F7CE4E6DF4013ECD7CB60BD1239E8A4E9A5722AD9C4FAC8F7FF17B214AF8801950430639A08E3ABD05A0D94E253BD5951C885B0CE750309070555FF21F2EF83FF53F4E15038B8D8A244740A5C9CBC120043D
310
A0B323FB1DA0A4EDA268C05A304619505000BE10415DE898809DB6B66896E60AE347ED3D6DC707CB7D5B5BC374A158EDC343D0EA61C217D4878CBBDC1D85686782C3CF4272E7DCFB5E9EF628F5A95AC1AC0C6848F5771329EF8DF2BB79EFEDEC8DBEC72EB7F245287FD4B31008AB38EA4D52F2BF57167159E3004CD8950E21
310
7DDD6F699FC763E9D1A0AECC701F7BD4430A3E030374066938F883C01DE40E7DAFD609345E33570F4CE6BE467FBD7F793B5AF2A9D331D86DBA7BF98067918F9FCDD609A0384B523F4413B574B818C6889FAEFC5E7B8F90CEFD62BC2C85B2478D54DD076635BE434FCADE68B3ECF1C8708E27863DBEC352D87BCC7A92A8E135
310
700CDE65BC114026DE5DB68275E656D2C0D4087293D43BB4C9C14EA83C0D806783B40DD7CD4F19EE9F33801F55A3F1FD600017A6CD5DE607783D5F74E34680E7DAB98D99F6E5B5ABC7F7DF19D8278322F6A97FDB2FADE1539BD945DDF868EE2B8B70D9EDAA45D1BB0A5801198CF1DA891540474745BF0317F8A3703E02510A
310
E94B084221F887FE950272D62D4232781054A87C58D015CD45EBF9B70E60820A2056E9D4D619E8494BBFA68B61EBDD8CF52CCBA124BACD4A4077E8420A7F36FCDAF661E577B792A7E1B7E337C7CF1FDEBB3B49F501F3C7366C1730E793F51FA20A9C3D2E9F18E63DC277449054CEADA36DA0807467D45F8A744E1BDED725A0
310
33868703F1392BBE221158220588F30574A0B0893D0515B0B7C404AD0E7F40C11D504C49BD7DA39A85A19CD7357DFC966E5D92272FF06D59CA5A6A1C8AE30E52F1247C1F1D78F81887F9F3E387075B170F9F5EEE4A7F5BFC69DF02FD8795FCFFAB472E7C88D563DA514861B85BD41594A75F5E866BE69471110A9F75C8609C
310
7E6BF6C7C727431EE3E9E3773D2378C25226E82C08104A57ED273FE0921D6990E02B006BD038263BA360355E8DC446A380F0BA35FA9945A80CF60DFD54054202F91897C241C147D59F8E0FC67CD0F2BF377A3463F8BBBABCFBD6833C57E214AC3F5AE9C2FDE88852968F20337972C7E04EE5658223008AE82D93BC37D8DDD9
310
00BD6B16EF221F0D4149045D740A8A215D4FC186C658E01994B8CCD317465828704BB630DA2243B3B4ADD3EA554A97408454148C04A1A0CAAC2E04033C04073851F54380E0BF2DFFA43FAD3D6B574F2E1E5EF6E5F4FEFBD1CA87C161FCBCF5C7AAE2F726F814027BAE10F79BC3D765D61D1803952210A9AA07F8C6BB2105B6
310
1145B324F96014EF223D4A9261080239F03FF6F4DD4975C183B887E081F7A467A25EAA0C94028FEB808637768B07400A8235D4EF33143253198900E079E3FACB0C59B00F827A5785A6FFE2FCF0C0E6F1714F11CDE5140D931D707950631F3DE877F300002000494441540ADFB08704E252AADE1BD4E8DF55796A32B9B6F177
310
37C67702E5C638682737286CB0E0A89B624D5BF28222432848C9AB8C07170C97B814FF492A61072407D638006F7C8400860444C01B1930A522788045633DFA9507267A3A42BA05925BAD705CDD3792FA23C1075C6EE768A673919EB6C3FCFE7629B7310AA794CC9C0D14A1FB88F95C845BF22543F57996E0B26C9E4C2ADF18
310
7F979F8A55F11B47BC26594C52588518D25E6C2B1CCED231EA1B748F093E5726A21A54C91EF95789041030C20FD5AD68613432E19A4D0DA2505B6BD843516E10BB00AF9AC315EE9FDB39CC1F9EA59CD88F9CD071D470C86C4647FDEDDBB1CDAB81DA94034747A779F4CED497CFF817348F69F52E55490840E48840BA72DB71
310
F3E84F6DA2F4717AA928F153DA6E4C7E8E00363CEC9A2E1C8E65F298FC4A52F087FCDEE5CBA38A80CBE11FF7BC2AFF249203FFAB77A128A001B1987BD334AD9B901890A8C2005B6B248196AD09C0025ED841325B31845032E327C531C839E66DBAB39566B631C2FF0A1DA5A3CC47E665AD8751B47CFE33899DF047C9F3C365
310
E3B11278D49DF939298E09002F6430F9958803309827A7C791048CA070061B7E9A64C557D235F83EE24822E5EAB805F9862F20FC58F483DC0EF02181F572930205107E00E523861895A2811309808F2B6C14B2AA579E893753C155D2F54302007E9FF36AC5FEDBCAD47E182D91A73920CFA5C18E01F8FFF4C3F1FF553BCAD0
310
E58DEF85DD63B91BE38ECE1A9FFC4AD4A1FBA30D462C328C5A0340DFD393D3D3D3C0659195C96990F391EFF4175213BC74C020922D4830FE215E76940962BC0713A3B82784C0CB6623DC40D6E1485BAD454F6892200B225096127FBD82D2B12006BAE2E329C771E25FEBC0DAB3B5395289D56D7A8A89081B34EE06F80F819E
310
FE75C67DEEE95D227E283FE98A7B9F1C97D2D05B4D07A469153C3DA3048EA68FA667A6D90E291C7D7E2D063E4D044964D055F2DBF3E31BB851AE9F78A0A7314F0AD24901F581D74A6929142039C65AF5830D1C809536CDC05E4BA51038F79D713DA930CF18BA3010E385351CF47F74D439BCBC793556A1F99814926AF12835
310
E251C59BEA3C083EC2B2760FEBDF4304C9EB87B35769E1EB24B648542CFA4EBA9EF93CD42F03C08F249A2C98897D8E2225E90077823F4A52171A61219998CED6FA050992B6B0A74A2220ED12123004FB977084208F8E2AFC80F456CB110BCA647A3A0F854085D84FE0052BE31FFE7F925610BAFEC06FC33F9931BF063F39DB
310
3D1BB20EE357F594045F4226131578582CB055A59A073AE0413989D215019B6EB8A21CF154D71164E0D8F4E730C2CD382D098DA5261456A425643686BC8301710F2C50665881399156AA2B4C3191BC555728384800CE10040F746A3D8A80A5F0E500A93456FEC52833BBB45203DACCA37FE1D3EE4B9BF0EC27ED47D89B8266
310
F11EA2DB8B5A8BB93EAEDF0C06B7AD0402B9EAC6E787365535AF19F15158308A9D9785C1BC1C01377F8C6B4D07B50DAD25649764A91DC9812C7B34CA98184084F7C01055466B48058CD44085AF26648520C85C41C67805462D8425680425559F4440F3ABBE1F3F81B1EC72708767DDC8FFB6465796C8FE310FEABE0C9B242A
310
74137EC3E0427091967023299BE5D6D4D0C6D15747DC2AEA4ECC57C72856E827D33CBD319D70FF854369EB841282F84B7CA4881447ACFCB257E252E00FBB3272120A75B99119840858486615636E0E0334031AAA8C08A62E080053A0AAA4158431EC727A084021D41CF5D630C94184F6FE7432E8F5F9A4FCDF3EA7CF136FC2
310
988093F98ED622E38E4976E1BF0CF49D2889E6DF3566719FE1F9B47A2D3BF89C69155DCF24F88C609EE551160F0415900B4C48FB013D8900A9192A700748002924771A3686A0A580FE4009E00ACC090253E280B90AC15048E047020483A038A60ED232831F2CC90498648690D960C48E439F18F4DDBEB0B6F5AC7B7B89F623
310
0243B4FA160A7B9327F3AD5D937C8BFFE5FF8B3A5E64283BEF8EAB9F71159514CFED62DBC880614AA1F7994CCFAE7D8C87057F451733699B8DF87056E1F0654B5021E38097E4E23221B810DE20559AD183A61C2C88A648DB096081E9801CA00BC1DA0124E08DAAC15FD2936905CA8DA1C40E42B13F1764E0C4015EAD7F8BFE
310
C99A310B1B7C0BCC7746D3C0702759C89EAD57122092122D1F857067684A578F1DAB7EAC400841F493A468113282FFE42316CC74C756B1C880FE78795C692813CF4644480EE9B02991BCA257A71861F00666D9410288487618D120D0E80D7773E2B7DD180E100EC98B221C94BFC4FF531A09B986230F1CD08378A8E4D0FDD7
310
D9B1BC75F5C12EAD7FF83F3ED19EB018620303C217A6A35D826E72ABF2D8E2BB1B783F6E48D2E3F360806E1D192085D022103473A10375B63853EC54F500B5B064DBC20945B88160DCF7E4F83A0200BF6FAEAC88E9F54D22D898E43F378D20B51B5D6B1457000922202800DD401A9266483029C0D6D57ED80D42A0E6E08835
310
F0F3AC73D7FAE6D56185F04FC44472B854EB7D9CBF7134DF3DDC35A9F6B38417DD6F508B37C1A718B0D054124176F7222F62DFB327F34D451799D56216880193254FF782D7DDE26C271BF38C6E422E271CE4AB8823C9510F021126A7A944E00DB4031D013C88EA0746C96D4574069BD5439C4110403B40020C30B07A604F1E
310
41D19C21A93FD9002DFC35F23B1E7B98E95E38387E3603FE7393680410D702FF9ED5A3C5E5CE68B5827D721FA78F3A9A0C08A79722D9C9B418F46C0057BB1640C70AA4A03D29CECF33987596D53CFB27B32C3BE304C540E14BF8464E080918268D254838C91A01F0FFB99154FD8A9C0495EAA6534A6C464440B4A71E16100E
310
7405088122A35F7A511DC003D002E6C8E7E15F6D1D2FD09014139EC11FDC89394621F77B9F88EB5A583C41E2FEDBC8F82334494C0BFA97FF3C3A34ADE60385B60E5A30CF036E5E75370BE3B83AE73B3B7DC0BB337DA0045299ED0C66681E4AE223D01B1BC3BD4C921E2005FEB5114739040758189BA8A320067B62A3995E47
310
20055065AC2B4A8006BF8CFCC907C0063EACE41813C5F017065AD46CFDC6FF1BFEE052932CA3478C8E5A6F25DC8503D40F61FC1B047E4DFFE8E84407C81F1AC7B5C79DA358551CD0D13785A9AEB38D6EB68A0A8087FC6543E7471082873CDCE5CBEA1EFC5CC0579469E225428E9A43D6A6000B4219DE52E8DF00A55F4BF503
310
5960661C2DB88AC1F67C2890A93FC420193C8326409E7B595FBBBA9AE1D1511B3F6D65B09AC10A71C2317201A603E88C56CC68C91279E83F5C147787EFE6C675F00941D23EF092920330982DF38C65EDFCA89DA98E8ADDECCD77CB86D85118F3DD9884820B1128010D02F1060F582871CC8FF42024C02239273A1CC3BF71E7
310
70DFB7E96081682803188118B50310BD620234F230B12711B063E0F0490FCDA9248B580D3D3DE944A30CFCF2A1E0F6E59E8FBEA289CCCC943785BB8880ADA9C2FD70F6A13F5418444E3A669273C006C4B4EEEC067827539FFBEA9CFF04D84E7F170480037005AAC8829084329899F90B5E013927F8E646514B4824B01D11F7
310
2C012CEACD163B6358A4454A4221D06E68A71062520649BF9E9127D0772D6E5EADED52FF216BC2FC513C7D3C5CC4C8AF009811826AE20203B076A2AA66D8D32E317DEE0EFC000FCE16D9E0BEB17C74AB009256C5D8AD1CBABBDA61402612C675FBD72D07E633B1A42F2421208CE01397560811204306617A5141706105C9F4
310
984C459F2D0F6C392FA05BED808512B0B9A8A9FC6CED89640EA347D31F0DF76D3D9E61E800FE9F7601BE4C9614A1C58E6C839F13A12D0EB426DE6386B82369A9E6A7F1F9146EB578A2EF4289AA109B4F6CEFEC0463E0072A05CC9DEDEDFE08407B173B8AA65399C80B2911252E6290C82CC1B8909140C11B7AE161B42B9390
310
5045D017E00CED6D27AAA15F2C2179F1E83D411A7020B9408D202381E7E5DEE5A9E7E5CDE3B186433F488AC81554BEC09BC579018ADD1DCB3D9D70F02B14BF9159A4DA376225FE43DA224FED327941705DA582B2FD1BB5DC0540667B650BECDD1D5DDFB0C7F36DEE2B94F6EE2EE4E426F20A1174C31DF153321A24114C4FFF
310
25E505475F6906D4149B21F1BD9D9DF7B059F8E0FD83323CB97991FE80EE131A9003B81C491B218B1D42C0C0D593D9D548003839DC29A740298B0C23F0CE14BB167BD61989AEF0B985C8FAC8F923A73F31953989F0F6C96CA6C4D0A9A88184BEDBBBDA3BBADE77CD8E2FFEDEEF46184A86671D7DDC51417477BE9F04804F30
310
5AC82C2D018A21EA903866A0F959FBD4139916D036635EE03DDB7408BCF0627A03027AD314C09B0A27F0A79490D53839D0DAF1416995CAB24101FA63F75029D57A4CBBA9FB4D120ADB17FB5A999FC9420DFE04FA670430B90FE7F589F7FE8D50A4B5F004CE5F07EB4EA007F8AEAE8E8EF7DB3BE2F81F42166C7246FA9E62D0
310
2C8209BA1024414C483498B50229FD923F2414040B2081390AAC353B5283EADA12A30B1080866D746B9ABF5BC107F33C2A015B275480759334B83AB02175EFD0DEC785DFC505E0064F4EBA5A97073A74C5C9FEC97BD25D819E28AEE661FD2732B8BBFB1BF13441B3C1F45E8AC1752BBF80C113DE960E0AC7D9D02C58C80505
310
A19BA0E84B14402601A590A4AE00A825E98C3212342302EE10FC5100681F86834A2804BC409D70270A2091DCE874B16BE0706C974EB3D26EFEDFFCA6C4579AA4DB781708469F055532A7046C6BEB0CF39F3ED2EC4FBCA3D00EA91CA68FD2B87B5C191E0EB2C300F00A1C9881F263571C6CFD83D079D09F176FAD839340CF03
310
0F70458F81F09AEE1329505150CA0A00576B56C06D58070B23086F685E44232D9D53DE3FC3731044F286D19F459351863F749F1104198D6E14BBC68E17CAE70D7AFD958E350BEBBC70C9C4DFBA075240DA27D40AD7DB063A097DD3F041EDB3E4B682A7A12A548F3393DB01945547175879989302521EEB1431B08759B632B1
310
74E0F700E774FCA1BB83F95029ED1A084288C8893520E49415E00DA080AE8027C34206D35491D050A4C6B080F6A20889A2FF82379AB6234F6710C05F9080ADF002B9C9F9C583AB220F45D618D7E7F7547FB27CED8A8B7A7D24EDA4988B0C1C2A1AFB53FDC61BF3DE50D63C560F0120B0372F0839DDDAF13E583B868717C1CB
310
8CC71D1D7F440CC82184803144196EFD58BBE00B7EE77DE8C015942357FB06FC906A5E2B8882CCF9FFE184B0035A5CF186A962A63F84B3AAEE3D5A2C830008807568B6A9F424086D2095A3E262DBF124350082C4B5DF4704A9D2C93553DE47BD6766B69349610716999FA25854F759CA9792599D3837ACF6247CE8597B0F96
310
0FA3EC45B61715050260C5844FCCFEC9666BC71F875B17E3BCB4CB151405D7D08F846B4CB952248B4603CC402B609E90F0044A007FA800EC46D07A51232B00E5683C55D5096E1374DA4FCBBDE2C25A5B8D26008227CA7758033D7D70DF12CAF7F247939F93F1CC63047D63ADA0B7CC8771B234D8095FCDB577B586D1834062
310
035670E204B245EC093FCBE15626C10D210CB38A13F50E10A0D5C0814B0C4B30AA9858516001669002229618F100767AA3D6D2528595FE7A398C2D2300ED0013A0AE60B91644A057327BD3C36BEBF48C91279B45F8BD145494674AFB211A91977CB838DF35DCB3D6D6AA2FB2784B591ED785DFD7DB77747DAC9D2F7674810E
310
FC2895F9ED8007EC7885101679C06F21E4B1C8A6120956F80518D1DAF1717BEBFB5803E20C6F2A11B2E48AFF4AD2810A70054623E341B3D1ACD92DA91150DE631EEB2C28882D092049C0DD38E262A7BD6F98549930C9D44B7C37028AEA9F8C5628A2BEF5704C0DCB2B428181B1BE766F43014498D2E57791E4C8DA6BD2ABF5
310
003F0C40202E2E32EDFB02852D16C30B7F646B98FDF86C7891690043128B0A0DE6B4EA27F08C30CA34C9D0AA0852A5997F8D11A6EE84E040B20472020256F4AFEBBB74E6705A12083B249089218E6452C8E5A69717E904A3F5EF3D5D08EC1F4D4E85086B238CFFC11AB9AE972CB775616C6D1DE04DDF073B4DE3747C41FBAE
310
6072901CAD0237100670C5A00C2C3CE063610ED824826C1F6650700E88C00B62468903A0D71D3A390255AD7040048348C56C4647413C2C2561216E0C469203EF06A5B101AD40D0E207F78B124747DB5B4BBB4E88B1C373C114E0470B345156EDDBCE1B4DBDF81DBC400746B0B54E05F693707B89A5E430982C2AC7D10DFF11
310
D5B102B9505034B35D07E8E5F585757F088B390F2D4C85CF7218E8418BB4F25B885053D07D5A908326809F31D6CC6B77CC948413B28664484439D118DBAC27DB5AC40C1AD166F25E6A2F0AE82100C0BF220405323E1FF80DFC518CACA8DE1003F3C9FAE9C7B2D60703A0004F8EAEAD2DE0F5485452D15B77B4B67F4C2403B8
310
D8F9C533558ADE058A9E177A1698F75DC0EB4C800F74C0270178C8579C1FACD025F0560844502D2BBC01E620030CB93636C1041636A693949CD80139FD15BE107F905590A292840F8860706D07E2970A2F15E5B13B87C3143CB2930374CC46A6F9B9D7A5CCCC14E11B9E879A49FBE27ADBD6DA82410FBB94FAA8487D61B51F
310
4BE0A03FD08743C31020D6628ED20305A22C2C2FAFA7ED1E7881C438AA5B9035F20759E243C51F34D0D5F02F11403B9E204CC1686C0B6C9000470561519CBE1B0E4FBEAB37A39EE4B84C05F023858779341991F36D9D9F351E7BB3B5ADF00148D9D05784F9AD8B037D48C01BFA83D4247F03BB768BEEF973A14E610090D4B9
310
6B1EEC5C5E66928F28EBEB6CF578B067DD83086081579848E60DFC7684044D8174993C39F886043481F6A2B743B18749E52447CD4D230513032D20D20206E536E15BCF7B7D211634F98FF9986287F33F9A94615A5A0A7CACF8DF5DCC1AC6EF9AF1945EB78E0A2FED1DA2ACC00EF983F9A012260BD722EF61C9DBCDD8719703
310
ECF839029010CA0B9F100B1D2842153E01A1A3837AB579516A31982FD2908A09100DAE591016CBCD4B011A2F4DE299E1338CE065DC4841BF9895D8C81714800CD08F5AD39601BC929B55D291F6CDCEF2AB40DD5D98F4E6F107C47AEE4A09A079C05316F479DAF4C2BAB83221BCC0CE23FE3D3D4C7BC9AB673D89A3677D6020
310
F6E182332028012FA0FBE0B2668FB85485902A8E7FA0BA2105C213E20BC2169211A4BABA7D693C3F1DA961F203694853137073AD5CD25F1C017DE0477626D7BA55B88F83B5EE513C41D814639FD1BF759171F4577D3CAB0C3DFF68B2D3B1F8478C18F67BEBB2598FA76A4545E9E961BACF657E0791D2373030E0EC9FAEDD17
310
BEA7703A738185D08236C407448A4CB504CBF01FF43859D3115488EA01B55078000DF085911805790DE1B41B6F8CB2889C3834FE02AFE07D85143C6C008438A944EA63E047023A7EF37E13B0903AFEA7BBAB9579330FAFDAACD540022980B65A75FBA17D388F1E6576405CCE7032D95BDA420E7DC0EFA320879E5F8B3B04C1
310
D2D9C1114210C19FCC49DC6A855E12010184DB8968109ED016E4683CD552A36B3AFA13BFC2114068935A7E774CD2C7225642B73325938052D8634ABC18DC9442BF9E0402E85B42F9F3273672DA8E8F1070405D1DC3248487574CD98092B8B956E6AFE1566530B78FAE05B4A0DE51FBAF85DD075C7E11939F80E015A58D1F87
310
E400CFFD2306C4D1D3C634380A201545A92BE01F445800BE12302AB477BD6F62600D211232EB061448A0D2B877BB940D63D059C37E0569A83DE93E214F4BD86209FF6F479C640AFF8AF6D1BFD987D029A94DB7C329B4184D4BB013BF912FB88FEEF913071A8D82B651BC10DB067A7EC52FE1B421883144C00F64FA23A11CF7
310
08BF16CA59F18D4C04B8085964B2D8DA4A855187000BE440BC816FFB13374640B0EB1D0998AF38A1AEF503F14302E2811081FC12EA6CD38A63B33035125F40F170C0B0AA45E9FCA38FC6D688D48563B5C4B4B7C359D3C7AE0EFB16ACD5E2FAA47EF8307044B4EBE1C71E84E742D81431FB06B90B600B9C239E277A57C94C42
310
7EE10E7826980C0136600D916A06058CBE8604DB4D314FBC014EDAACD0820F14BF75449B70339490FE5A0491221BF95F949DF1235380E969AABDBE2D32EB4403D3FDF17F42F9A0A7C28ED75BE86BDB7C7EC80C76F86B8800F77B305EB88F00A4352E0F8089EF811EA02A3DF08F7DA008F803BE4B4EF5F41E56087099E92070
310
8C3D720916444440FDFA013D4E1201414123A09290F5BD7AB729298209C4306D007BB0829FD4EC3A6D7E4F00B67DF38CA0764F832F0448E58439B952CB4F70DF964AFA74CCFDBABBDF273E2FF4F56D3DBFF2A78D42FFF2755DF307066497F44062AADFC0CC546F6DCCFECECFA232E14F408F05477D311B683A35BC245FCF8A
310
5CD2AF20022C21022266905A5BCC8B20235D6FF04019CC04058AC80023662E25F342063165956320BE50370F2A657BACC817DDA3DDD3EFE04028645780A768FE38DBA88BF2EF3ADADFC7FEACA952E5A77568ECF0C971DF32BF1D24F8486B22A649EC81B1B60315CBEFC026091CA45F858D7D04C1B437079431E63E38F88075
310
8842E780A9E03791C0FAAFE10012588C3C592FE35461A6047802BA18686887023A422A49599399893103942CF6DA53A8E387825FA0678B261F139F801E2B17C901D0F5217E07AC2401A87D0480F753FBED44FE949C93A1D042B879FCE499B3D861AEB23F9C1F372F0C24D0B7D6E70FE1AAF60F84BAE642D82F0A9F53E22783
310
915518494FDBC0AFAE7DA282E5050B703570E06319A015E00D693A6BEFFAE493941C3B08C13B96BD20D0115A9565701DC58568A3009DA13E965765C03091F0FF339F7309D44F6E61F837F1B1FF920450EB8FC48F9B40158BE89C81A597CFB0DAF5F5755D3886DC13D4479599B583758CBF35663AA234F133F91D3BCCFCE0A7
310
94367F385C59B19431780F1C099131384056616E15A1563B50021D369C593FB292685A68A8B2A50A0A2085CF05434617E05FC24A6B077B990014421A68401AC4D65788EE25F737EB780D08A6E38F060F2ABD889E1B889C44852C2FF368C1E3E710D73B6589EA83F7417B341ADA1F639A23D15298F087AD0326410E116C3A1B
310
325218433C71AE62C07C1480F1C045629724A076A4BB8D622D24690486727F56108D07046DAB065000678E04C4F8C342DE27F4AC102D854F2D08D59B4ED0E4F697B0FF62F113646BC5B7F3131D4EA8BF8B265EA3F2026E7061B96F6DF3D993276B2180B8E57067587428579460551049049B074CF8B1066C7E14C705F0B392
310
98C0997C17F701097023BAC31081390196801FB0C2A12380042927503D5A01CA127F9841B460310639C674BC8CDF1A320501448E0068905B07F6E5602F8C1F07786253438CEC51AE61FDB25FF71B09893AC026A9EAE3F30F369F5D5EAEA5801FBAD3C98B38C13EE017B054F81A56F05259DBDA64FE270B1FC4C77200FE276F
310
E814B916E222575ED717A62A92956504605268408CFE13FD61F84252228376060206802B9550F00B9D47E6AF1022538A752CF4FFF1F5931384A9FF8700EDD4FFA2B93FCBFABB3EA6C607FF714B0B8B04EBBE83B52B246092AB018C0D0002FC490849F1E214AE6FC42009D6D86616C835B65DB9862EFC4480C14137603C3089
310
D0A5588FA27E693DD184131BA4E88C35045ACEF1CDE1A82323C20B842F2419604821196EE8185BC834AD44F8E9B7549A32900196E9ECBBE20FFB4706861AACADBBFD9B56A23FFD3AB8BFACC18B1B5AC0ECD7B6AE2E2E9CCD2BE8AF1B1BC3A813B94107E82DE67A42E7CC7D4A6116700B5B2EE3C338A09B840F07C40A64800D
310
7C605AC42B72227C4C7020AB1F20056E26F542717F56534261DE3766AC10A6ED2D006DD03BA9DBA507AE0510A8B385C92363B9154167F1230C40D76AF6F3BE0CA08F8BA2FFBBCEFB09D0986550E0F0EAE2F2780CDF850CB0F88CFC2815FE87BD83909F474F45DD47F1C821DB2107A8817FD45384F57891B65F2543D0C1E20A
310
89B4A8DF806862AC27C60F6A054627FD344250718AC0FA21CDC4E28DBF2650D1B39D8B8A420C348A4F846E2BE824BF8C45E1DB8EEB52F576F47A75FF95F90FCE0FD3A7A08D48D5B9AFBE3EA658E1676FE3372FB57F0AD8D70ED4AEBA3D4C2BE0AAF1C3AD63A6004D12900CFC481A47430C9EACB390038642C8C41B13303166
310
614210592736B8603AD4FAB17189DBB32F3915F0C380795A089A15228460BDE8E52203527D41B5470901B088D84FF8B3FE2BA7F4FD30ACAB3DE0B7E2FF95807AB0010FFDE3A048F7360F9F3FB9380EE537F16F8673131325D3351A3F664022020811A0FE8C019CA17370725CBFF64132025DA1BE2555102212E80A907FB43E
310
D80A991A8AAC183932C19AE17524B06590B6AD286EB99BAD18FF4BD64BAB519202F992A963648ED30E7521F909F090C0213E367A77D8836BEB6F34D92EDA624183070248351F1A079E5D3E7A9EE81F2CE6678F92E299EE312B6C0572C0A7B5EEE07853612403813152C7125E2022A20C18F855DBAFA399817FC97FB6E1CDCA
310
31D348434ACD0012F0D32A5456B4007E6E92D72B1A4E9971223A42C1042819E4049C0C5801300C0013FA48F8944FBAE71DAFC27F1826FA2304ECDF3F6C10FF47D5C7E49748DDD687DE8E91C09394EE0682A4F84CFD6067EEDF43E67EA46CB2F4070160439245F00343D03BF25D7E2F26FC400A896DBF19FB8D4D0A66DA669C
310
3D608F9CD048A0533621B25690EE19D5D15248E390F042B12C682511B02BFE3E5700E4C9A9B2107A8F45248FA48234FD23005ED1F4EFE80D1320836F04003BF42856D478D1DCA3ABEEE3C68F9F30C3A16E5C238EA5DE3FF37DACC2F8B7980033F47FAC34421EF0418A045394802CE032D61C70023D788136788613887C0011
310
A4EA316E005718AE191F8D0D841B9C679CD2FC478442D005429166F5A24403B1E6ACF3298F388B6D0BA933D92339D48969A5C11F09B4FF017A9900A4F887010C474717E10F36468032FF33F4AD610517777104CD920C3CD15FC5F3B3A0C75BBCA3B00F2724863C10BCD4A0E00736C7981F2F72E4B001438B99714FCFAF713A
310
2603BC710376A1715FC602022202E06FDEBBC680A3DF1C4C095A12C50B554FE7623B50374FB2129DDEA4C392C9188077658C87F55FF92FFA507FF03FC8DFD3F31BDAB46DD51AEB03F7E1B38B8B87CFF47EA1479C3EBAD5C6B382C221C0F1B358B39D76D9D3142C4A20935F541E492E0EF081BA41B3620A8E172B584EA14856
310
32E22A8221CEDAC6110AFA4B6D43E2B76A18AB240BB24337721C9321D2C033B2D3E2641A55A400A28403C12D1DADE39AD23FC5FC08C47A64DC3FF6DFF76B5235124022D7E6D6D5F3CB870F9F31C96FE477FAFE54100068A3A87FA5908A2C08011CF31309C10025B089FEF9C510522B8DC07C30AA469841723A10C08E27F00F
310
7FBC181C083F2809EC3B2B328E294AEAD5A071B3A95C81D2DE3F930372D022C9C793535B92FDAD5426E90490C3C81D000017C6494441544698C416520C1C40C71FC204B22448FD9303782FBA67089A1A7D4CE38E89050FEF5F1E078A4DCCFADA058032C34C1CBC2E1202B1F8962B1A8024F0EB7A11F209E96FB369D4B64202
310
FE7BA230AD24C46413536EAE955B341B726C593B5D4630C0BE822480908522B0D85430230352618DCD4F7BA6D568BF4343801480006658EA3EDCBFFA9702B4FDE9022163C43F9B72B58001A23FCE6F0B3FF0E4E1DDFB9801A6FC42FD0132CC1F2224F89933107AD30B6C9131A53818AE944BE25A70810821C38F098411980E
310
46D108F483DC63F49B91B852351604091D60546702F58A3872A1716411B642C7629C267E64E77719F46B0548FD6BFFFC86A38DBFADFCDF700228C124C8664FAA02BFB1F92B09800876FCE4F2D1C3FB4FD0A44E0106A8DB8079751CBF0BD9340066C3D52BC64706467C05B5A54401BE4A1B0132A55EAC1CCCB10D378A3DFEB9
310
812022327745EF2102886A9142C812A1A2C9708027BB55B7006357459F9C2080E0BC34489FC629510F3017B62D5073E2A2C64048A0A42580E413BA9E08274091A398EA80B5BF31C87BF5ECF8F1C5DDFB4F22AAC181F070AAFDDAE5650C4000516440D8806786D874215149E69ABEC43FF0EFC820FEA112B0522003C84BE03F
310
B76623513B6D840820358B084119B0CEC8C00AE888826339A54091F5FCA513AFE147975BB1A86FC50618D9D74502F0C7C8815AA306602FEE3A5E79E0D7DED1B221001118B73182CD439A092FF801105D1AA14E1918EC282F6260869D55108065988BD67F68E5581720A708051F7C8070F582389C682BE53F2AFD85853F2A01
310
3D21564028E06E79B7A71E43212180A81541EBC88F451E02385100491AB0C4A3BC5309A95911E66D04C0B448366988ECD204C2FC930F8CEE8FA410EE4C25B58DD1B6EBAD83F6196670F7DE635282C0A56A851AB035831725F0471A10FE52097089C80495804100318405F0DFC2136004B4C40705EC9154315129205EC35793
310
0035688F61AC02188250CFA9A980233925F16A117A48CA54DAB6400221976B75D863330942E20EE3B00B08FBB71AA813B0E502FD2B023DF70114E0D7DF2E2EEEDE7B789504200112075478F2FBD6897835C91F0C20782401E801A2F9142700B74805703426023A81CC0BE88B537D0003E0C5181D29EB8D83050964DD258091
310
0A1E7A8138F76253DC01DC2F3824391AD748276C0B0CDF12366625D038603D0003E0266CB42704C8CE7FA7F11B4D59C0BF454A78F8FCF1E50513715D469607031272358F04E0003C90107223A581218F10008B10247CD20D860FF0BF48801040B361808148714764028EAC137E871501EFDD97C89B52107FF1235B0928C562
310
530082573CE137840EFEF82A0BDC602736C595912FBEC69E6A3A26903B3A300C5A098A9E3F1810CDFFBA019D97B4E7A7A075850F2E92569BD960CA7B8304995FD006FC4213BB1448A6F4BFBB3A9F9FC4962D0A1369129B10073771FEDA38B1737B663A71C088D8848027FC3008DAC4E4397A6F76271DFFFCF77D6BD7F1F67D
310
A51E0E08875A6BAFBD6BD7AE52CC04A0B4A2206F650EC412841A48258258E8662C3838FBE21E25172C2A15A4F78D82DCF68A005DCF07047C183E1CE47731BBCCB5469D9169E0D588945BEB637E87802A03D88FB82486210D28FB3B858D13DC7CE75F5E6F3B03C1744D30CC58C7C7A256146853A05243060B850072A7010CA4
310
7CFBF9A1E24F414037B8781E8E9F219A774B36481CB43E48A79819D638C8760D672FAC19FB9D3FC5EA9158DBD0159C27860409682E8FF2595652FE189D2CC2D7C023E944158355806FC320087CC74116030CC376C559C098B93A041C5DDA48AF33827D2327DC761D19C17CC62780D82A170E6CE7415A5E7FE825E053048F88
310
D2AC2A561CA4D4C60098DA28EF1A01382772484698F60C8DD24BF396EA76260542810A625978C03580A9CAB91D10249BE579B0377A3DD15749A45F24C4D81FF3D7D7996F6A1690288008C0FF6CC186DA9D5FC95BB09B1301004B016E707FDFED306A1BE8FA208828F00BF342186839839F1F6FA338DC5A0200FF383DE92614
310
C03A4508DA18F4D85F9354F7E867AA77A42FF49BBE6757A1A7454448D0BFC3C220714FE43A3D8F1547BE10F0BC5A05985AC3C28829A06FE24CD062700601F4AF12AF99099B08E7071DC4626A97C920C3FF96E190C9D1FD7CB6163E800D79E5F3F10A9306C02B799E80F1AB380E0571A584C0370A220C3125000B500900D96F
310
EA40409F980E2083E4EDF4D8D2480AE5667222E020BCDAD4EF19682120818FE18EC7FD6AAD67C03F7DF1955E697456F517AC4F24700C30171C67E9168B109A4F60AFA60F98BE30941BF776DBC7C70792A2FBE98AAA97224F8BEA39B47BFD14A8CD03320DA2B676E3AA397E652E30A42CE2987B7DA1EF7F75242413800A04C0
310
270C62A13372400B435ACD84B8B5009208F5AC73EB149FFF3508E21C2201E0338BE07E50EB47E7FF6D97724A601028C5519073E7978EC88834410450E074DD58AD13A4900103A6444A9CB99103229F0EF8C0C78161EBC68137240734CDCFC349807851E0EB46CE864D2E405ED341B71A390CF2DE20CF5193189E1901E866D0
310
230409684B193D17E2928534D04240937D3C84477494FC5E0FE0B448E35AFC19007926C1C6A6E622FDB8A12E30993C6710E070397C4B26304C0AE38218D19F01FFB15BAE1C0E7E74DF75F2406E373C414E848FF8E500EFAF3C1029C9C0ADAB2313A7426CA9B2C1B9E30032C84EF31A09A88A386F136E8C2F1D582EA0459207
310
015F10F1F001F0B1B7DF7222011EA2001F00BFD36BAEE0850928B08C077030FE3806C880EAA74BCE0863A952812E6008B3A89199C1EE918AF96AF583F1A073B0A355B9D861AF1460DCFB3BFC6B7EFDC834B09700CBED3510E48DC7129041C991F06BA5006CA6B5B34EE21501374E8DFC910042036111EC9C7CFA1C05D48A72
310
70F7F835BF04A4194DA4CF76CEC66718C84CD020D04C412AC848F03E3C61A1C8D50D0EA6838A00376054D3DF61A0E393E1F8B058A6C994093476D601A4A06F0CFD3C0A6BFA910E75CC10400A80FDA93AC9B5EA4303F6C0D188B559086091CC5910137772E14F2376D03181B5CFE74C0EA38440D0AC256D6C4D104CE05302FC
310
C00B60B9CD4D71E08BD40C144A025E60D4C1F45FE846A2105D717EEA84808A5DD90A168E133640311CF05DD870768683F5D2F1800F485AEBE5CABD8FFA3C0BEB33702493AEB551B1EB035EF5C8E5757FA7832141F88E8578A363802B560007AF93D7D470B478C4D00B412D634C9140C4F9275C00DCE8DFE3C7F8C0AFBC5B2C
310
E82E3C3BDF393D4375D50C43CD1C17E3777CD2C170725B7B42B41DF15BFC344DAD089C1E9118522B4A2C60B794E4E8F33081BB7C8CFCEEA0B2015E49D586429C6C78646180B7710E06018A3082243C275F077FBE412C17DE80D3E6B9462C5204C5D980D1DF84A864401C483CD01B143F4A4868087A0F780F37230200A4FBF6
310
AED325114C367C22512750A5C7C3E32D545CE20A0904183BA10015DCAD89864B3E1EE97EBAE8B204266A48E010511838E2FE413FB116E60880C2D8440AC3880DDA6DF6618C138CF1CB2A09637E18D00F80CB0DC05322E31EADB8081C29410903F06BFCDF5AB46024E4A75828056440503C707856EF0C037623DD4922A400E8
310
A6BD75E4D2800905F18450A00CEE88860C8964C7B3F90F56528BA18F71CFBBBCD2D05797E168FC37DB26DBE0DD2EAEF39686C18440820013C1444055402A541400DD362A0A402F1FE51246404E098249FEE30708C10CA0B54601053159480C00BAA9B1223A773234FE72FD5C3BD81804D8D196FE3D5315A0C981D88D04FA01
310
DFC185CA93F9120E1F480B08063364A0A318F08DF95056E4C91F1150D31B011200383502E079EE43CC18603AE2F88FD139C802A739F208E88D06DC78267C448C27C4113C19B0F51B0E9C1C021CF8F9167C6B1F2E10E461002910105D1042792D1CA303F469714C018C23D72179E165049C40E801CB96CF334562E5807291D1
310
E0C70FE6CAD91656715F0E5C5E70F8D7F83290549B1BAA6F781D25180EBCA93EC84E72A74081CE3020789B3790E1A9E478E658C099BECFF01E530E80EC5FE31204ACFF70AF8177A03059240CD074978A002A878BF883FEEC81DD684E406CA630ACFDE87292822A11953710F000885D6F68A67ED40CD772B0828359B753F7CE
310
23D9479AB9845771B389D6A77130F8C134EFC83947392029B10E4425440A84AF0E54825228FC1634D369874739C837A9DDC83C20D320C36042610ECDFA750303710224D01202488012CA847424F8D53F78AB6BECE9B3B35A7F32396AC6B7444566327DBB4DF06FD9616744F4D3A397EB3B0A3FBA8D763702883ED742FE5CD2
310
4146D8E353ACCF811C806AE09914D8446E93840FF4D6C963FF32BFB6AB015D1D3B0C9A0968776F021F21404B6260CF84A14F35180CE20B5E85BDA2EC91FD5A7DBA7E5705F4F0F97AF26CE18E3BA078138202400A62930FA6CC7882F911A92F33E547E64990B0F27323D73B6222863F86425153FA8009361C675554C25382CE
310
148420C8DCC47A20122806CA178A0918C14CBD33440289078A00EC6070184CA9907FD0A1270478E0B325B67C2193694EDB7DD0F3C238447C8A11485562FB4902134E6AC952FD5320A4F7C780882DA9684285CD81D278C0E8FF8DEC9F45D22DC3C2CA99C2728110888799575B6834BF22B0F01EDE72D7F21B672C40F0A97299
310
9E2200B7C91403F9BB3D09C01990819238CBAE5E7510D7D57450507E3DB04AAA0A3C280064E0775380C8C16EEA4834346A04BF0CE847B4B3AF760D06D24BBB267C32E2C9257DE5EB748AD101AF1FD33265E2B674EED8C01A0AC901392211011AC810560F77778E85B13BAFE3E25C95B70919A4862C15928BD8989664AD8638
310
101D009A80F00BDC41AF27602A4BDA0C077E550048E7F1011410F01405045E1C140B4D0E70E0F6E034171C3D6FD12004FCC1FA304312518910356628A4A326EC9ADF5DFFD1B2C0399503F14B4F8E3E0E4E39A06ABCB56A8014687E86E462BDDE5124615ECDB412B7314F62E6E0C76ADEC0F717B360E741960104CF1706CFA1
310
8E0605004B01AE007869B095ED92144A807841EFF2811C047889A04901C809062057192688C92346F97F279449F89B113500BAD282D1DA80A55C27EFFE02C8D4F395003F285B617BBF0831F49B055342DDDD414378E8888E92C16789F269A27C9A221FAA4A0DFDDB9F935B2ECC04DC51481558A69301E0460B02665AC4DD30
310
C03D480866C3409400051811876014C0F294C542821AB045011A3E3F09001FF304E3A0BED05CC11A811B865001769507FC01ADC611F400CF68C7B093606E30F3C7E0F00C1D10C31951C1E2D7252181DA00345842A19130715C736EC9ECE686A712FDB31E4D3E50AB336E5666D7B212C0113C4A4406029709B43D0228F3FBAF
310
49921B19CA0C82A2D5BC4A2079809240F37D3E10F9637607C3983F0458508A98B8B4EFC92AC13530180CF55359500080061DF59B98BB3FEACEE881DC8127F182A885A86FB12B43C590A4380504E32305E3148BBEEB2D2782029765428092545BA5C2C681FC5F8E869C0EE1034A822FF09A12C94084505AA868080303473F81
310
61F7AA0A6610745E280BE4427FB770106F8800EADABA19F453210435BDB2348471B13B65F2FCB554827632C4C44467333E4127095D22092ED492009930413251B5408345065065E415266E20279A40B3F520370BE2050C8360E6BB4601C1673B9BFE007EF5200B6483CD195400A783E6DEA0653515B0FCE8E86D1618FC1EFC
310
15C2E727F24F2A2DAB57326D8D0877D4E298894E7A0C3C7D9CE8A0E2D17AA2020FA1097D6372F2A9F955060FDD467AD0426368C24A8340FD0D6687A76316DEF5179ED9042005A2BF02A5DD810A4DEFA4A8F700EFC50FF4FB8C06410F0303C106ADF8852ACC6A2CA9046E9ED070739339857222CC009E206479886EA26227BF
310
7A341A15C351A8404A6C10080A2140FA4B4E8D9B9A11645899332363FD69887F436A660566964250FD752E787B64BCF8E6C8190DF8EA0C854C062D8A5A1346F810414313E606ECA0AC3A01D6928544029D5F42E202C0CB386F880F7842A31287061F32F3CBE09F2950783394F2F2B23D85386C6F51943E99DD10C8A0000BA9
310
569A14805693274BD0E4F4DC3F28E331EEA91C4F33ABE057889BFB92819187840A08E57A276A8BFCB75B0342668C70C565C8059996D209C2800941A21FB82B2F520BC2E6FE6F1A8827043DE17000DACC8193E78BBB8DF1467978C06F6AFE986123E3A95272CAC122046F4C65C4B88FED2F1CD1D918F7CDBF8903BF1A90057D
310
42F4DC133AF804ACBB58446A0DB78806FC053FA1E45D0AF1112613CC0DD976C5E70AD3282F42725C0D02AC8588DE451B1C01ABF063E7748A3882F0DD484BB78D037F9812240EB88B6034C0AD53E5116D4C6D920C6A89F084E6D0598AD7EB6930CC7B293E27A666E5CDFE9A3FA52FEB3C97976FDAAE9A60008FCA6B33099CF9
310
880D35D419FC687D424378E3099441E110C5B3C6DC311E6653514A67A530D863326C4D8430E0C28024803B5B069B0E60C10EDB6DF087034171DF01F1F3404B27B1056D8C0E56E7CA6056E7798147BE4C2F01CED5987E413AC6A724876DE3F599E0601CE7B9CEF3BEB3671E12DCE8AF9631B8031D3F360B6955DC2342B2A0E4
310
632A00264C0DA002220CFEC3E10D9BADC8904D88DC51928593AA16C91DF6FFF82B3234404C7214D0F8608E0052283EFB2B0563F1D072936C4017706010BCF1B16CDE0C1FA9C777E44E1F5259B0C9BBC8794A82A6C182A3AF56B16921405351FDDC91B5BAAA617860E8D76C97C377FE701A4EB4378FA97C2C8E3CC8950886C6
310
FD93AF70A1F5F676B7ED16CBC56AF5D09110EEB8607CC08A795882358280DDB98AFFE7087C6EB593D62F041CDB4018935238E73F1098100D0C8769818F777057F64C703C6530E142FDF5C837AE1CF66C94C4887D3A3726AB990DEA248F73B5D32C8E04F6714B1E67C53FC52040252E605B322407CBF8C7F05453462A295ABF
310
4D95592DDD76AC23512E9A2DF964715C80DD752CA8E263AC36F02C3C28A133EB22AC8D099BDEFDE28C3E8FFEE3815D5D00C17C00511058354D62443C1A546280E43572A9C661A34FA5891F8E7570608C8DF21DF51DF9D2A84D4501F41B8CD4F4C9DEB2F901E810C0E4CEB6EC08DFB06341C864CF8D0EEE779A606545E1E64A
310
AF30A4324C20FDD3BD558BD966BA994FA915CD162B1978642AD01694E533EC190368A68234657085B5F88E27A0805E04B8BB6A00A51646EE3C10A50FF007FF410F1963CA69BE2002F0F902E701AEC995FD41F83A3F0C3809A3288A083003A6CC2A20E6D703EE48E3777AC07ADD51EB6101603A9FCF17B3D5928F6D742EE7E4
310
CF38AE2B03C5FB39C81D7B2978FAFE85AF3D2710B0582C970F0FEB0E4D1103B8BE2B4D560CA10002FC8F334C891C07B44FE06B2E3ACE5E1E2D1FC32203110ABF9CA0E8381F68EC3C06701328E5A38278A5FCD944CEA5283DA933DF2A2448BD23F1C5D8BE04CC2DC3B43B3EEC29F8B5FF926D11D3E97EBF7FA1BD1E5E5F5FE6
310
D3D972F548547783146ECD84873F377C5820F7F9FCE5E07378D6CBCB7E036DF7F7104079A05B77C6942D1BA95D47424BFC3DB6411009A42E207871B7EE9B06614BBD20F22F7523FB985F3F7068E37600273A3ED0C1CCC380F6EC4AF01CC1CF95E4848B7BF950AD14C44F10460221E02D21D01DAE800F323704C00035DFE97C
310
B37F797D3D1C0E4FBF35EE1E5E9E0E879FBF3DF6F474780A01FB3DAF01FE0C0798218007C2090A3008BA7682A338F4A8804A06CBFE6A80CEC766F49853F15B2F45FCEA3F8250012841315016E75E797EFEEC4ACA6C79F515CF1738F7C36E2406071051043817C9E8C5888D49D0332E800062FF54FA562BF7446CC0BFDFBF86
310
03D1FEFCC9F7FFB5A7F000430755C2D3F72F2D02A022820897ABDD44594475BDCCA4A10AF34C06B08B4AB58BBFAE30999DC66C7CE903A83CF8EB006EEEAA063430F84B05F0ECF644825F5E95073870E72A0771AB89B080022A0C5A9FAF34C89286257FB7BEA000EC65B59750C68E0815B0D9834B15606328F80709DE09018A
310
C2A7817F83F96DB3D562C10A0A31300230CD4200B87F85808BAF64D04600254047F9C14DE93464009E7F5AABB4FDD6D55142A2C0BF1541FCE19C20C899BF4F76AB54B84CB97F88F48ECC029FD253F0C70DF4816B9AC94BCBD653B1A283C4001A0337955E4AFED3FB790B6B1F5EA0B5514074103A38D84280EE0F5F9BE974EA
310
B2D16AB1EA969684B6E4166CA28264B300474C7308D20013B204A65F82970718D05678B3315D442E1C0A327E2F56556040C005D2FAB1326A68A07507C9E46A3648555A7080F5F50219A00E6222E3E0862CE95B5680930530742F1D041805E69B788161F015944D041182B861A2C17F3AF01CF5BFDF6C343F9171F5B004BF59
310
C016719164B888EA206A02AD05E8464D06B48E4381A0E9345FD171625AC22198F57C003BEA5510F81FF78D31C9B033D0030000000049454E44AE426082504B0304140006080800E36D065D51464CB48900000043010000360000006662782F32333346373246352D433443382D343843312D394233442D3237343134303836
310
313446442F6469726563746F72792E786D6C9D8F310EC2300C45AF127987122606C71DD918B841D4B851A43646695A717C52A85029031293A5A76FBF6FACEF7DA7264E43906840EF0FA03836E242F406C6DCEE4EA06AC22492573150D1F66C60C640E8938CB705396EEDD86DE9B5042FE27813D640EA63BB001C722AF6E55C
310
B61E4863F58284D5D3F53DD715CE1C3985E63FD7F1B7EBDD617E9F1E504B0304140006080800E36D065D18B11B74380700004B1C0000340000006662782F32333346373246352D433443382D343843312D394233442D3237343134303836313446442F6F626A656374732E786D6CDD59E96FA33814FF5710FB190847DA6494
310
66D426932A5ACDA18966B5DF90439CD45B73C8861EFBD7EFB3B109A6A4A17348A34DA58618F3FCDEEFDD8FD9FBA7945A0F9871926757B6EF8E6C0B6749BE23D9E1CAAECABD33B1ADF7736BC6F2BC6CEDB3AD0CA5F8CA16CBF67C76607955A8A51DDEA38A765757377F5B3CC119B6AD8422CEAF6C9EDCE114B9A82AF31DE6F7
310
EE0E95C83DEC9F5CDFAD379A640F0C15779DA30AC4705602ABB09E0115C5816FFE0491BCF9CC131B8C6DE1B06DC12BDB3C29B8C928C97889B2E405579DE382135C758E0BFD68F921184F9D7114854E7411F8CECDEA66E9F897E16871B1584CAF3F4C6D6B3EDBE6396D1450E06C075A7CB6E7FECC13771AF1150A7D7C277996
310
E144A1D9B76187155D8279171303585F8AD652482D6B6B211C28FC896D8340315832D0D6C2E9EFB6F5E6DB7F00043EC44A19C7C2CA79C940D70AFBDA1F4633AF5E35F442B895A2123382A845C99621060A82ADB5820C32C25B04294B6026B5A8E9B57905C33EEF4B7D5CEE2B4A85FFDA73E96931F8232EB9E48CFC8BD991FB
310
F669C013485B91AC9C2861CBE702484C679E5CACEF8581BA590369ED293A80B5809862531874F05A8858B05EDAF33F57DBA78D880FFD87172C2F302B85E54967567EA735D8322D30BE01A0D4B89ABA3BA2F215A0FF04C837BC5833D01C234FD153A4656728E3FB9CA5A01D6B643923F837B2C4E58BAB99D73C3CB72C23569E
310
C214DCF627616A88619CDD82743E7B00A3CF59A884DB2488824D7F2499F07330148BE6B004F17EBF7DB2E76B08A6B0084F210AD2C3DFCC1397167CD57420DE7434D4177E07284A3B4CD7CF8EBABA059B6124695465C8780ADFF14FC1F77AB9F97353B13D4AF047E5D84BBC2719292199F63364806EB8FCB7F527E991B734DF
310
227A7CDAD894C031875CC48D1EB56C945A2CA917E044A4E15A3372E523016FA7146538AFB85AEF8B53494E73166F9FE3DA857BCFFA4BDB407D983280DE5806C93D61A41098D873A5AD2610BA2D41C1C210531678A8B51A6FABB488519A579908B52F4DB1CB07C4196189405552D386ADBD5693DD91FDBEE210BC7A492E0C20
310
953F6BC2B5854710C7FAF86578CF1024D13C8B09E4607096DE138C031AF05EE79963BA8F09A5551AEF09853C12A7A838417FA004EDCC758F9F1F73B6EB25685A96F6496D43027005AC064967AB3AE62B9D32FC40449929F399CE06C60E5587DAF3E844BA1099A207506D8CD2CCC7E16A7273335D38C1C4BF74A295BF7226E1
310
387256A3D578B2F0A7CB8BCB65974F1DADDAF90E5429CA1CC3FFCABB2ADD668850B821C446BBE2DD7B993DAF3C088D5E1086ABCB60357616D162E244709C33BD09974E7019F9D16872E147ABA5C730CF2B9660EE05DE28D626596487535C69EE5EC650286BCE273BADAFAE30FFE318DACD0986127FD720DAC4AE9E82706810
310
158F7643284AEE458A8A13A8FA7ADDA71344BB7CF4C5B937C6E5911B8EE4C7F7A7C1681A4CA6E3F1C0B0274FFAE148D72743029D6755C679811252F6A7D40E3203597E537671437F5C63A3FF078105780D5E6D987A3D3329A66292A2038EF748F4153DA1F49CC4BD59EF4073CE4986B9EC0B5FD48B1D9A2317CA2F334BF798
310
2DE1718A4BF43D162B1B8D8E174034A73174B0A598219CAD231A17503DCB298AA25F86542FE57F8E394A0B5AF7C6E730F0030D81EE8AFA2C54302D8E7800FB8C51198F76588E3ACE516FD8D71545AFD6BAD4A7DF4DFE043CBA12FA85F0E82386175BEED89F8ACF04C2D0C5D80F2F2E1B559C434B1F568ADE8F56D0AD26CFF1
310
232687BB41C5E930ADB4CABCBA102F710AAD2F2A2B36C8632F209A68DBD202A9C8D07189D6496F2C2865CFA7BB3E384C367DA74AE2D63150BB920C66638304792145AF114B5DC839A01877BDC1B3353667A9FE70C4FCE55576DBFD5239303A8F0354D8750856F1C7A8C37B2B75A386E28FA84C20946EE4B773031EB1C3BB63
310
336790EB2BEB754D7BAEE25E8B909AC294178948FB515CD0AF08540D1D37F76EEB42CFABD7D722B5B930D03EF261306DD2FA7CBBE9508195C14F7F1118E1C70E05B5BA101DF42BA4BEAD8F73820E0525D1B7F52B8FFF165D8856606BF40613649E5302837CBCB30E3887FC0DA38A011D0A4B319779198C570529FD1661C0D3
310
0FF51CB6445BAA9F4EEE100CB3A9EADFAA0406A99033AF6CB56EFD01A35331BD94032DF71E5A3715C36CAB62E4CA068B2D097468EE16466072E028A977469CE0D8283B888C5F3FD5FC3E3E26D081A87494ABD93304172599E14C500A17F2DD02D47DF58DF9ECFB45D7EC58A884CB6D5536C21C178ED22810F44B845A389814
310
DE2B789FA0A4785D2EDF957B0C48064DF35FB5839AAA5322769023F916DED7CB2F9E98A6AF3F5B05AD0E429DAF75CC06254774EAB4AA275733300C2566814415B978E77D6139BC964AAD150123F016799AE699FA71AD5E6B599B3B7849B5F3F480907B91270706EA0D40BC451CBB68C7EF610134CA8818A3D6C81A7A6F8268
310
4BEF5A114205F098B17FBDB45451D41AA6B4A3AD40458EFF2DF01FF1DA47784B7B436B56092E005CC99BC70BBD30F318CCCBE7FF01504B0304140006080800E36D065D4A893460E2000000550100003C0000006662782F32333346373246352D433443382D343843312D394233442D3237343134303836313446442F726573
310
6F75726365732F322F636E782E786D6C4D90CD6AC33010845F45087AB42CBBC10D61ADBC444EBD0455DEA822B6D6E8A7B46F5F2951A1A75D663E96D981F3F7B6B22F0CD1919FF9202467E80D2DCEDB99E774EB8E9C9D1504A2F40FE3CCEB0D675E65AEC006CA7B9316BCE9BC567575FEDE4479B5E8313873DDBDE5CCAC3AC6
310
9947F3899B163A275A30DEC5A29316830818290783E544721BB61326A04EB87035CA71EAE4B193D365783D1DDE4E727A87BE920A3E88D6C63B9F30D0FE324A4365F5259184BE020A72708DAA6F14E32F9E28F1A02FB6829842E9A061E9672F98DBB4C5FE813C5D057D7DB28C470365D642D42F504B0304140006080800E36D
310
065DFF15A4A45D000000800000003A0000006662782F32333346373246352D433443382D343843312D394233442D3237343134303836313446442F7265736F75726365732F636E782E786D6C4D8B3B0E80201005AF42B6F75B59F0390B113044D83508C6E30BC6C26AF226F3B8BA6360974DA7271430F523308B2B198F9B80
310
925DB700539227A2FCCB80A18E5640D320F996A81C9F32D6E9129A0D1EF74FCE750E6D57BC7165FBCA07504B0304140006080800E36D065D9A1FA6774301000056050000300000006662782F32333346373246352D433443382D343843312D394233442D3237343134303836313446442F636E782E786D6CCD94C14E032110
310
865F6543E27117B69ADA342C4D3CF8041E8C37969DAED85DD8C060ECDB0B95B61AD3E8A1497B23C347F2FF333FC3571FE350BC83F3DA9A86D415230518653B6DFA86045C970B52AC0477D6E2378C14468ED090542682F7CE8629973A58CB30A4EAA0CD261725A2D36D40F0A45083F4BE215EBDC2282B19D076E03755275156
310
75E5C0DBE014C4F7A847C8EF950389D0113163B379C916259B3FD5B7CBBBFB259BBF709A48C15B6B87CC6B83E0EC743363CAC6A3897218A709103C389DA9E48188A3B6AAD586D3782FB88F7A4D9F39DC4E899BA6412B89B151D42A042C230472E4F40B169C26C73F7C3F3E3C1F35C453A71D28B46E7BB136D4A7DA709056C5
310
44FCAF0B3BF02FF3B67D8B962F37F79386B3B0B3D9DD27D7C7E8FE4E42CC9334FD708D1FE020EDFCF98F8B05B5BA46D37B6567F24C772B300E3E6D44F109504B0304140006080800E36D065D234373B77E000000A30000000B0000006662782F636E782E786D6C4D8CDF0AC2201C465F457EF7D6FC53335007397C8FD1DC90
310
361D36A3C74F63175D7D70F8CE91DD675DD0DBA5978F41013935805C78C4D1875941DE272C00755AA618F7BF1BA030AC4E41C5A0E59C62DE0E34BA69C84BA58B0FCF0352C66C4BED051B6E04E6C2107CBBB31ED39613DE882BE1B62FC6B92A657EBDB235AFBF504B0304140006080800E36D065DA6D797065F000000820000
310
0007000000636E782E786D6C4DCB3B0E80201045D1AD90E9FD7516806B51190811670C8A61F982B1B0BAC9C97B72CA7B1037C6D3332918DA1E04D2CAC69353902EDB8C20262D23F3F59B81A079470595414B17391D1F19B4730A5583A7ED43BBE4025D9592775E5ADFFA01504B0304140006080800E36D065DECFD112DA800
310
000026010000130000005B436F6E74656E745F54797065735D2E786D6C7D4F4B0EC22010BD0A61DF525D18634ABB506FE00510A79458060253536F2FD89D5197F3FED3F68B9BD80362B21E25DFD40D6780DADF2C1AC9671AAA3D677DD75E9E0112CB5A4C928F44E12044D22338956A1F003333F8E814E5331A1194BE2B0362
310
DB343BA13D122055543278D79E6050F344ECBC6478EDCD76CE8EABAE5449AE4298AC56946789C28AAFBEABC53F3EAF09A84A1441B91F0101CD4780756578C173A578FFDDBD00504B0304140006080800E36D065D3DEE336E64000000790000001B0000006175746F6465736B2D64657369676E2D7061636B6167652E786D6C
310
35CBC10E83200C00D05F21DCA56CA76D41FC96062B120735B69A7DBE268BB7777961F8D5AF396893C2ADB70FE7ADA196782C2DF776D7A97B5933C430F15651E5469C55D70F80A4992A3ADC954792C525AE70A1E4D6AD9816CC044FEFDF01FE3FDE907802504B0304140006080800E36D065D830EAC4FF20000008E0100003D
310
0000006662782F32333346373246352D433443382D343843312D394233442D3237343134303836313446442F7265736F75726365732F322F636F72652E786D6C8550CB6EC32010FC156BEFD8805DDB8D30512AAB5FD0536F08888B1283C5A3EAE71762576A4F3DED6A76667677D8F96BBD579FDA07E3EC04A4C650692B9D32
310
769920C52B1AA13A73E69D8BBF685059B1EA090A0C9C2DDEA5ED80A4B351DB825AA7F4018A1074844ADE733341901F7A15B5483133C2ADDE84BC8945D7A4DE799CA564D421352ABB99ABD11E38C5EDDC5F9E5ED0403A8ABAB99DD1885F0734CEE499B423A5185F5853C49C45B3FE6C975E8BA855D1D31EE111E1FE8DB4A76E
310
38E1FE9D3585C959883EFF7C2C2DDF653A6B76F48F5BDAD4FF6EC9D8D8D2C36D5704E0241FF71870D69474727944976B49927F03504B0304140006080800E36D065D477A1F10F7000000960100003B0000006662782F32333346373246352D433443382D343843312D394233442D3237343134303836313446442F7265736F
310
75726365732F636F72652E786D6C8550CB6EC32010FC158B3B3660D776234C94CAEA17F4D41B828D8B1283C5A3EAE71762576A4F3DED6A76667677F8F96BBD579FE083717642B426A802AB9C367699508A573CA2EA2CB8772EFEA2A1CACA1526546024F8E25DDA0E48391BC116D43A0D07284380882A75CFCD8482FA8055D6
310
32C5CC08B77A93EA2617A869BDF3044FC9E8436A74763357031E0946DAB9BF3CBDE081760C77733BE391BC0E789CE9336D47C608B9F0A688058F66FDD9AE3CC808BAE8598FC98849FF46DB53379C48FFCE9BC2143C449F7F3E9696EF90F0105CF20A026FF6E91FD7B4E9FF5D93B1B16587EBAE0848D07CE46320785352CAE5
310
1161AE2551F10D504B0304140006080800E36D065D08797BF3F1000000B1010000310000006662782F32333346373246352D433443382D343843312D394233442D3237343134303836313446442F636F72652E786D6C8D504B6EC32014BC8AC51E1B30B5DD0813A98E7C82AEBA43405C94182C3E558F5F885DA9DD65F5D0BC
310
1966DEB0F3F77AAFBEB40FC6D911E01A814A5BE994B1CB0852BCC2015467CEBC73F10F0D5456AC7A0405069C2DDEA5ED80A4B351DB825AA7F4018A10740495BCE7C70882FCD4ABA8458A99116EF526E44D2CBAC6F5CEE32C9AF5572ABD16512BC009221D440344DD3B6E4FB43FA1EE833585C9594A461D564665777335DA67
310
49DBCE3D995FE044A701D261C2F0F5ADBD40D2534CD1D0613A5F5853C49C85E8F3CDC727E5BA67E5BBF05FE6B4A927321B1B5B7218EE8A0038CE791E0BCE9A52601E8F76F32C65F31F504B0304140006080800E36D065DBC18B87752010000DD0200000C0000006662782F636F72652E786D6C8D52DB6E842014FC15C33B8A
310
97BA76836CB631FD823EF58D45B464150C82D9CF2F7889F5A1DBC604C99C3373E64CC09747DF0513D7A350B204718840C02553B5906D09AC696001820BC15A29F3A30D0492F6BC041E0604B75AD961859892864B8F4A55F315A4E3C80D0858E72E2518D917EF6948AD711DE33D1C28BBD3968771B8F4116CADA857AAA89D9A
310
6804D7802428ADF2EBCB1B3CC55902B32AAD6081DE4FB0A8E2D7382D9204A12B8E3C996023FA6D3AD39C1A5E7B7E92435440947FC4E9393B9D51FE8923DF49F068B4DB791DEAB703A4B93D70B4E0073D3BD47FEB59214D9AAC7A0B63042476F6E602C191CFC7FDE6F08E19BAC12E3F436FDDB6C2DD41136746E9CC556A65F7
310
D2443BCB9D340AE60F474BD529CF02BFE9244F749E6BB8A0A86C9D356ADCF5668D9F7EF434700D27F308A4D23DED76738BC5FDDC071D56DAE84C754AFF87BDADBA8519F98749BE01504B0304140006080800E36D065DBF269E0205010000B201000008000000636F72652E786D6C8D504B6EC32014BC0A628F0DD875DC0813
310
A5B27A82AEBAA386382836587CA2F6F685984AEDAEAB87E6F36678ECF4B92EE0AE9CD7D60C9054180265262BB5990718C305F5109C3873D6865F32088C58D500330C399B9D8D5B81266B8232193556AA020AEF5580605AD263807EBAAA55542286A4F0B76A13D34DCCAA22D5AEE32CE8F5C73A3925829290534C3B847B84BB
310
37D21CDBC31177EFACCE4ACE62D4B2446999D2F5452B972DCDD89D9F5ED081B414B56333A21EBF1E503F9267D2F494627C66753673E6834B7F2E4B52CF00BCB8E75C56EF14671FD62E45904A4960CDF20539667526FE948E9BFC47696D4243CBC2DDE12127A9D08348C1F982693CCE9B66BE36FF06504B0102140014000608
310
0800E36D065D0000000000000000000000003700000000000000000000000000000000006662782F32333346373246352D433443382D343843312D394233442D3237343134303836313446442F617474726962757465732E62696E504B01021400140006080800E36D065D0000000000000000000000003500000000000000
310
000000000000550000006662782F32333346373246352D433443382D343843312D394233442D3237343134303836313446442F76657274696365732E62696E504B01021400140006080800E36D065DF270F13306000000040000003600000000000000000000000000A80000006662782F32333346373246352D433443382D
310
343843312D394233442D3237343134303836313446442F747269616E676C65732E62696E504B01021400140006080800E36D065DB5A795FFE3790000DE7900004200000000000000000000000000020100006662782F32333346373246352D433443382D343843312D394233442D3237343134303836313446442F7265736F
310
75726365732F322F305F67656E657269632E706E67504B01021400140006080800E36D065D51464CB489000000430100003600000000000000000000000000457B00006662782F32333346373246352D433443382D343843312D394233442D3237343134303836313446442F6469726563746F72792E786D6C504B01021400
310
140006080800E36D065D18B11B74380700004B1C00003400000000000000000000000000227C00006662782F32333346373246352D433443382D343843312D394233442D3237343134303836313446442F6F626A656374732E786D6C504B01021400140006080800E36D065D4A893460E2000000550100003C000000000000
310
00000000000000AC8300006662782F32333346373246352D433443382D343843312D394233442D3237343134303836313446442F7265736F75726365732F322F636E782E786D6C504B01021400140006080800E36D065DFF15A4A45D000000800000003A00000000000000000000000000E88400006662782F323333463732
310
46352D433443382D343843312D394233442D3237343134303836313446442F7265736F75726365732F636E782E786D6C504B01021400140006080800E36D065D9A1FA677430100005605000030000000000000000000000000009D8500006662782F32333346373246352D433443382D343843312D394233442D3237343134
310
303836313446442F636E782E786D6C504B01021400140006080800E36D065D234373B77E000000A30000000B000000000000000000000000002E8700006662782F636E782E786D6C504B01021400140006080800E36D065DA6D797065F000000820000000700000000000000000000000000D5870000636E782E786D6C504B
310
01021400140006080800E36D065DECFD112DA8000000260100001300000000000000000000000000598800005B436F6E74656E745F54797065735D2E786D6C504B01021400140006080800E36D065D3DEE336E64000000790000001B00000000000000000000000000328900006175746F6465736B2D64657369676E2D7061
310
636B6167652E786D6C504B01021400140006080800E36D065D830EAC4FF20000008E0100003D00000000000000000000000000CF8900006662782F32333346373246352D433443382D343843312D394233442D3237343134303836313446442F7265736F75726365732F322F636F72652E786D6C504B010214001400060808
310
00E36D065D477A1F10F7000000960100003B000000000000000000000000001C8B00006662782F32333346373246352D433443382D343843312D394233442D3237343134303836313446442F7265736F75726365732F636F72652E786D6C504B01021400140006080800E36D065D08797BF3F1000000B10100003100000000
310
0000000000000000006C8C00006662782F32333346373246352D433443382D343843312D394233442D3237343134303836313446442F636F72652E786D6C504B01021400140006080800E36D065DBC18B87752010000DD0200000C00000000000000000000000000AC8D00006662782F636F72652E786D6C504B0102140014
310
0006080800E36D065DBF269E0205010000B20100000800000000000000000000000000288F0000636F72652E786D6C504B050600000000120012002D060000539000000000
  0
XRECORD
  5
27
102
{ACAD_REACTORS
330
22
102
}
330
22
100
AcDbXrecord
280
     1
270
     1
271
     1
  0
XRECORD
  5
26
102
{ACAD_REACTORS
330
22
102
}
330
22
100
AcDbXrecord
280
     1
270
     1
271
     1
  0
XRECORD
  5
28
102
{ACAD_REACTORS
330
22
102
}
330
22
100
AcDbXrecord
280
     1
270
     1
271
     1
  0
XRECORD
  5
25
102
{ACAD_REACTORS
330
22
102
}
330
22
100
AcDbXrecord
280
     1
270
     1
271
     1
  0
CELLSTYLEMAP
  5
E367
102
{ACAD_REACTORS
330
ACF
102
}
330
ACF
100
AcDbCellStyleMap
 90
        3
300
CELLSTYLE
  1
TABLEFORMAT_BEGIN
 90
        5
170
     1
 91
        0
 92
    32768
 62
   257
 93
        1
300
CONTENTFORMAT
  1
CONTENTFORMAT_BEGIN
 90
        0
 91
        0
 92
      512
 93
        0
300

 40
0.0
140
1.0
 94
        5
 62
     0
340
55
144
0.25
309
CONTENTFORMAT_END
171
     1
301
MARGIN
  1
CELLMARGIN_BEGIN
 40
0.06
 40
0.06
 40
0.06
 40
0.06
 40
0.18
 40
0.18
309
CELLMARGIN_END
 94
        6
 95
        1
302
GRIDFORMAT
  1
GRIDFORMAT_BEGIN
 90
        0
 91
        1
 62
     0
 92
       -2
340
0
 93
        0
 40
0.045
309
GRIDFORMAT_END
 95
        2
302
GRIDFORMAT
  1
GRIDFORMAT_BEGIN
 90
        0
 91
        1
 62
     0
 92
       -2
340
0
 93
        0
 40
0.045
309
GRIDFORMAT_END
 95
        4
302
GRIDFORMAT
  1
GRIDFORMAT_BEGIN
 90
        0
 91
        1
 62
     0
 92
       -2
340
0
 93
        0
 40
0.045
309
GRIDFORMAT_END
 95
        8
302
GRIDFORMAT
  1
GRIDFORMAT_BEGIN
 90
        0
 91
        1
 62
     0
 92
       -2
340
0
 93
        0
 40
0.045
309
GRIDFORMAT_END
 95
       16
302
GRIDFORMAT
  1
GRIDFORMAT_BEGIN
 90
        0
 91
        1
 62
     0
 92
       -2
340
0
 93
        0
 40
0.045
309
GRIDFORMAT_END
 95
       32
302
GRIDFORMAT
  1
GRIDFORMAT_BEGIN
 90
        0
 91
        1
 62
     0
 92
       -2
340
0
 93
        0
 40
0.045
309
GRIDFORMAT_END
309
TABLEFORMAT_END
  1
CELLSTYLE_BEGIN
 90
        1
 91
        1
300
_TITLE
309
CELLSTYLE_END
300
CELLSTYLE
  1
TABLEFORMAT_BEGIN
 90
        5
170
     1
 91
        0
 92
        0
 62
   257
 93
        1
300
CONTENTFORMAT
  1
CONTENTFORMAT_BEGIN
 90
        0
 91
        0
 92
      512
 93
        0
300

 40
0.0
140
1.0
 94
        5
 62
     0
340
55
144
0.18
309
CONTENTFORMAT_END
171
     1
301
MARGIN
  1
CELLMARGIN_BEGIN
 40
0.06
 40
0.06
 40
0.06
 40
0.06
 40
0.18
 40
0.18
309
CELLMARGIN_END
 94
        6
 95
        1
302
GRIDFORMAT
  1
GRIDFORMAT_BEGIN
 90
        0
 91
        1
 62
     0
 92
       -2
340
0
 93
        0
 40
0.045
309
GRIDFORMAT_END
 95
        2
302
GRIDFORMAT
  1
GRIDFORMAT_BEGIN
 90
        0
 91
        1
 62
     0
 92
       -2
340
0
 93
        0
 40
0.045
309
GRIDFORMAT_END
 95
        4
302
GRIDFORMAT
  1
GRIDFORMAT_BEGIN
 90
        0
 91
        1
 62
     0
 92
       -2
340
0
 93
        0
 40
0.045
309
GRIDFORMAT_END
 95
        8
302
GRIDFORMAT
  1
GRIDFORMAT_BEGIN
 90
        0
 91
        1
 62
     0
 92
       -2
340
0
 93
        0
 40
0.045
309
GRIDFORMAT_END
 95
       16
302
GRIDFORMAT
  1
GRIDFORMAT_BEGIN
 90
        0
 91
        1
 62
     0
 92
       -2
340
0
 93
        0
 40
0.045
309
GRIDFORMAT_END
 95
       32
302
GRIDFORMAT
  1
GRIDFORMAT_BEGIN
 90
        0
 91
        1
 62
     0
 92
       -2
340
0
 93
        0
 40
0.045
309
GRIDFORMAT_END
309
TABLEFORMAT_END
  1
CELLSTYLE_BEGIN
 90
        2
 91
        1
300
_HEADER
309
CELLSTYLE_END
300
CELLSTYLE
  1
TABLEFORMAT_BEGIN
 90
        5
170
     1
 91
        0
 92
        0
 62
   257
 93
        1
300
CONTENTFORMAT
  1
CONTENTFORMAT_BEGIN
 90
        0
 91
        0
 92
      512
 93
        0
300

 40
0.0
140
1.0
 94
        2
 62
     0
340
55
144
0.18
309
CONTENTFORMAT_END
171
     1
301
MARGIN
  1
CELLMARGIN_BEGIN
 40
0.06
 40
0.06
 40
0.06
 40
0.06
 40
0.18
 40
0.18
309
CELLMARGIN_END
 94
        6
 95
        1
302
GRIDFORMAT
  1
GRIDFORMAT_BEGIN
 90
        0
 91
        1
 62
     0
 92
       -2
340
0
 93
        0
 40
0.045
309
GRIDFORMAT_END
 95
        2
302
GRIDFORMAT
  1
GRIDFORMAT_BEGIN
 90
        0
 91
        1
 62
     0
 92
       -2
340
0
 93
        0
 40
0.045
309
GRIDFORMAT_END
 95
        4
302
GRIDFORMAT
  1
GRIDFORMAT_BEGIN
 90
        0
 91
        1
 62
     0
 92
       -2
340
0
 93
        0
 40
0.045
309
GRIDFORMAT_END
 95
        8
302
GRIDFORMAT
  1
GRIDFORMAT_BEGIN
 90
        0
 91
        1
 62
     0
 92
       -2
340
0
 93
        0
 40
0.045
309
GRIDFORMAT_END
 95
       16
302
GRIDFORMAT
  1
GRIDFORMAT_BEGIN
 90
        0
 91
        1
 62
     0
 92
       -2
340
0
 93
        0
 40
0.045
309
GRIDFORMAT_END
 95
       32
302
GRIDFORMAT
  1
GRIDFORMAT_BEGIN
 90
        0
 91
        1
 62
     0
 92
       -2
340
0
 93
        0
 40
0.045
309
GRIDFORMAT_END
309
TABLEFORMAT_END
  1
CELLSTYLE_BEGIN
 90
        3
 91
        2
300
_DATA
309
CELLSTYLE_END
  0
ENDSEC
  0
SECTION
  2
ACDSDATA
 70
     2
 71
     8
  0
ACDSSCHEMA
 90
        0
  1
AcDb_Thumbnail_Schema
  2
AcDbDs::ID
280
    10
 91
        8
  2
Thumbnail_Data
280
    15
 91
        0
101
ACDSRECORD
 95
        0
 90
        1
  2
AcDbDs::TreatedAsObjectData
280
     1
291
     1
101
ACDSRECORD
 95
        0
 90
        2
  2
AcDbDs::Legacy
280
     1
291
     1
101
ACDSRECORD
  1
AcDbDs::ID
 90
        3
  2
AcDs:Indexable
280
     1
291
     1
101
ACDSRECORD
  1
AcDbDs::ID
 90
        4
  2
AcDbDs::HandleAttribute
280
     7
282
     1
  0
ACDSSCHEMA
 90
        1
  1
AcDbDs::TreatedAsObjectDataSchema
  2
AcDbDs::TreatedAsObjectData
280
     1
 91
        0
  0
ACDSSCHEMA
 90
        2
  1
AcDbDs::LegacySchema
  2
AcDbDs::Legacy
280
     1
 91
        0
  0
ACDSSCHEMA
 90
        3
  1
AcDbDs::IndexedPropertySchema
  2
AcDs:Indexable
280
     1
 91
        0
  0
ACDSSCHEMA
 90
        4
  1
AcDbDs::HandleAttributeSchema
  2
AcDbDs::HandleAttribute
280
     7
 91
        1
284
     1
  0
ACDSRECORD
 90
        0
  2
AcDbDs::ID
280
    10
320
73
  2
Thumbnail_Data
280
    15
 94
     2735
310
89504E470D0A1A0A0000000D494844520000010000000083080300000055FF359600000300504C5445212830FFFFFF2128300000000000000000000000000000000000000000000000000000330000660000990000CC0000FF0033000033330033660033990033CC0033FF0066000066330066660066990066CC0066FF0099
310
000099330099660099990099CC0099FF00CC0000CC3300CC6600CC9900CCCC00CCFF00FF0000FF3300FF6600FF9900FFCC00FFFF3300003300333300663300993300CC3300FF3333003333333333663333993333CC3333FF3366003366333366663366993366CC3366FF3399003399333399663399993399CC3399FF33CC00
310
33CC3333CC6633CC9933CCCC33CCFF33FF0033FF3333FF6633FF9933FFCC33FFFF6600006600336600666600996600CC6600FF6633006633336633666633996633CC6633FF6666006666336666666666996666CC6666FF6699006699336699666699996699CC6699FF66CC0066CC3366CC6666CC9966CCCC66CCFF66FF0066
310
FF3366FF6666FF9966FFCC66FFFF9900009900339900669900999900CC9900FF9933009933339933669933999933CC9933FF9966009966339966669966999966CC9966FF9999009999339999669999999999CC9999FF99CC0099CC3399CC6699CC9999CCCC99CCFF99FF0099FF3399FF6699FF9999FFCC99FFFFCC0000CC00
310
33CC0066CC0099CC00CCCC00FFCC3300CC3333CC3366CC3399CC33CCCC33FFCC6600CC6633CC6666CC6699CC66CCCC66FFCC9900CC9933CC9966CC9999CC99CCCC99FFCCCC00CCCC33CCCC66CCCC99CCCCCCCCCCFFCCFF00CCFF33CCFF66CCFF99CCFFCCCCFFFFFF0000FF0033FF0066FF0099FF00CCFF00FFFF3300FF3333
310
FF3366FF3399FF33CCFF33FFFF6600FF6633FF6666FF6699FF66CCFF66FFFF9900FF9933FF9966FF9999FF99CCFF99FFFFCC00FFCC33FFCC66FFCC99FFCCCCFFCCFFFFFF00FFFF33FFFF66FFFF99FFFFCCFFFFFF0000000D0D0D1A1A1A2828283535354343435050505D5D5D6B6B6B787878868686939393A1A1A1AEAEAEBB
310
BBBBC9C9C9D6D6D6E4E4E4F1F1F1FFFFFF0000000000000000000000000000000000000000000000000000000000002E4550F1000003BB4944415478DAED9C4B9283201086394E2EE409BC439F3255B3B3B2E00429167283411E06231A318018FF6FA1321866FC6DBA9B47863100000000000000000000000000000000AE41
310
9794FCED266FB94BAA66F03269BBC95B860010000240000800010A0820BCA33D0B162A4D6FDC2080586E78B5EE4001F802BF2CC0CDA105085B009FDDF84B02D0531D9F640478922EB84A1AAEC80A607E4ADB0568C6C37BA10E0124130A7AD278149D3A77AE30FC98741537D7FA46BA09F14900A93FDC4422BC86CB58809CBD
310
58AE46217DDF536F11BD2E190BB03E608B0548F3D2B50C56CB49C15C35D3BA832CE046C2BD58219C0053043737465A009DCA02846701345A80BE9A5800D1660B20BFDB778D1AE1D283B1C7007B28EF42B4E01F0A3B41DFB23BF5C4DDAA00DBBA8069D97BAE4E9DA9639E00CAB7562800D74FDC2613E0EE4701F5D2E702DC4D
310
DDFD1001025DC03C71862EC01AF57B2AEB022127681D9DF0C2A0F85D27C8E6166002DF70E0631814F116C00216307DCBC355B3DD02A4F813BBD89B0ADB21C057A9F02DA1008CFD95190CF98F4C5301A207431020A900ACB000A4C74017B6804B0820579CA07A7EB6DF09CAE402E488026B790057D17F38901E061F9F074899
310
AD0B4CF380952EB0230FF047B9C1E1F0A4AE8AB1C04701A2C6020905F82B2DC03C0C1E2B40462718EE02814C307E30944E0051DA09DA19B11F77822B166004A8C7028AAF0B8404881F0C9DC2098633C180003B32C1DA9DE0890410A5E703AAEB022C7326687D1B376B61E404188A43143037526C2618C7A17382AD0D832DE9
310
820B8343915A1B06DB2FC320F74EED706E6DA935A7F539C17C6150442542114B6367F101A748857326424B83A16F0490E99D60E175014E7A39A09A5438E768301805F878F8260AE8591FF366D71C7F73E89C609629B1F47382F99CE0D2B4385535299A714A0CD3E24B025C7C61649E081D2B40962810581778AD0EF7B3D5E1
310
43D70572748173ED0F28361A5CDE21F2E56870301E725644C3156D1F0DCA5263818F5B64766E92B25B64C86D91A14A7789A5DE24C5DE3649790244EE12CB9D0A27DE24F54A85935940311F10208D0F08347CB00F08478100D15180D910A2BD1D39B717C0F388FAEF28EC0332E701F8C6C80905B8FC778620C0050590427B2C
310
73B4255B302539A91AEBB608F0FE69397E78F27BDEEA6001850548D42EBE3A5B5E00F922950032C0BCB1D77FCED82E80945BDAF65BAE5A00A7417A015CD33577815D16C036BDAD380B3897001B9B3E8900EE0F4D2FC0AB735D560084410800018C0057FF5F62000000000000000000000000000000005C837FDD95FF42C4E4
310
D91A0000000049454E44AE426082918C0352428E03A26E3021F49458C406EC8C048FD900919850D097A8E40350FDD7E8D017291100024000EA0620B82D45702C1116E1FB040FABC472D7BD0062C71791E3473FD4553D20D2D81F1E02D788BE5293001080E7021009AD1FAEC70320D22200B71C02B31FBE4004F0101B30FBE1
310
0F2C00CF31829843E0915E8000D40E800221024000080001C80C807E6D8E54B7FE0038BFB6C7E3CDD90E0000000049454E44AE426082FF0801E13F5ADB08C68BEBBC04C00D820010600938FB6F8901000000000000000000000000000000000000C039F00FF44C4ECBAF229F970000000049454E44AE426082806D61157F3A
310
10CA31C09DE282D16B14C0F8681D3F6C93F2AC7A4CCDD6369FFD3C01853637668604047B6AC80066EBCE6F2200508ABF642C60000BE47522A01AF51B270ACAC64CD1D60B1520BB49AE193B192811F0320500DE49C0CE00C29FA38073BE12E0BA0BEC0C205C214057F40A00E17C7999CD200E5C7201489E500657600E5D5180
310
7B68077093028A5CB6BB00B5996503E06A0C903E2DB8C2E62F28A0E84F5D63C0FC480C2847D457A6415516987539F5956950350E00DDA8EAD543E13B0642B571F5AB87C237DC0B54EFACBA12005FBF1BACDF5BFFBFE7031A6657140AB8E5C1489680B679D23605B4EC5128E03E02403B27D8A680A619D69729A07556B84501
310
6D73ECEF5240FB73813A018D4F595E9506254F866A6CB63E67A304E4EFEB2A9F9F2201B7B6B94501CDF799D405F404146F866E6D7352980723CDCFDA6F5B282954C01DEB030202F4AB2D5EB05052DCE6940088565C89D6DB745C2607D1FA00C51AA1AC02242BAEFA2D930B164A826A9558A400AB5D73F78E8592AA75823905
310
C8565DF65B2A1B769A66A568AC00BFDE46B8EEB69B02C24E53AD15CEA441E9CAEBEE6F8C8072B578C605C46BEFFBBF31A27C5F804F83F2B72FBABE3132EBDF18C92840FEFE0DCEBDD3A0EE9D213E0D2ADEC0EA9E06956F8DB10AD0BC83D73B0D2ADF1B641430EBDEC2EC9C06756F8E26EF0E6FFEF497A6EC69F0F9B2B9ADAA
310
CD0C2573BAE8F05FBE2475C998BCA1345AAE7423B750526B19B98592AD0470E43D4100E8DB9CFC563BBA57F131DE9B31467FABDD916751F2EBF279CBD0FEEBF2E87E4000E3BD59CBB1E134065C6013336B761F51C05D2E305DF027CCADD97D2006A85D2021E0077F47880E04FC0F564BCB95BA57CAADD71D040C02E00201D0
310
890018040C1718040C020601838091050601C3050601838041C0206010300818040C020601838041C0206010502FFF01598F103969C1F97D0000000049454E44AE426082
  0
ENDSEC
  0
EOF
